1,203,0.00,8.85,351.22,1061.89,0.9275,-1,-1,-1
1,204,874.76,152.61,238.81,626.87,0.8143,-1,-1,-1
1,205,546.17,271.41,94.46,315.82,0.8119,-1,-1,-1
1,206,403.99,277.97,107.41,319.40,0.8106,-1,-1,-1
2,203,-2.73,6.48,351.85,1064.20,0.9307,-1,-1,-1
2,204,868.27,149.12,239.46,628.86,0.8053,-1,-1,-1
2,205,542.48,266.97,96.20,321.70,0.8085,-1,-1,-1
2,206,399.62,274.72,108.06,321.16,0.8139,-1,-1,-1
3,203,-5.05,5.26,351.04,1062.83,0.9292,-1,-1,-1
3,204,860.37,151.70,238.62,627.64,0.8283,-1,-1,-1
3,205,537.24,265.87,97.63,326.52,0.8042,-1,-1,-1
3,206,392.05,274.38,108.49,322.45,0.8446,-1,-1,-1
4,203,-10.65,3.65,349.69,1061.70,0.9252,-1,-1,-1
4,204,859.12,152.96,238.20,628.70,0.8344,-1,-1,-1
4,205,531.56,264.82,98.28,329.00,0.8075,-1,-1,-1
4,206,383.49,271.35,110.11,327.04,0.8421,-1,-1,-1
4,207,1043.18,292.77,94.07,342.32,0.5789,-1,-1,-1
5,203,-17.38,3.21,348.08,1062.46,0.9159,-1,-1,-1
5,204,860.96,152.08,239.28,635.95,0.8186,-1,-1,-1
5,205,525.72,262.54,99.67,334.02,0.8087,-1,-1,-1
5,206,376.80,265.64,111.59,331.53,0.8346,-1,-1,-1
5,207,1043.50,292.31,94.06,343.18,0.5786,-1,-1,-1
6,203,-24.39,16.17,342.95,1055.84,0.8776,-1,-1,-1
6,204,865.28,151.20,234.49,628.52,0.8032,-1,-1,-1
6,205,520.89,262.00,100.33,335.85,0.7972,-1,-1,-1
6,206,371.51,262.15,112.55,334.66,0.8305,-1,-1,-1
6,207,1040.93,293.24,94.02,344.37,0.5863,-1,-1,-1
7,203,-24.71,61.43,324.83,1009.52,0.9035,-1,-1,-1
7,204,870.38,152.71,229.62,622.08,0.8162,-1,-1,-1
7,205,515.23,259.53,102.56,343.59,0.7800,-1,-1,-1
7,206,364.09,260.36,113.75,338.14,0.8224,-1,-1,-1
7,207,1037.01,296.09,94.08,345.88,0.6034,-1,-1,-1
8,203,-26.68,84.20,313.76,986.74,0.8960,-1,-1,-1
8,204,870.83,152.62,228.60,626.39,0.7931,-1,-1,-1
8,205,510.55,261.64,103.15,345.94,0.8154,-1,-1,-1
8,206,355.70,259.39,115.33,341.99,0.8266,-1,-1,-1
8,207,1034.56,299.09,93.90,346.17,0.6753,-1,-1,-1
8,208,861.08,263.27,78.40,300.22,0.5858,-1,-1,-1
9,203,-37.13,99.02,303.30,973.04,0.8638,-1,-1,-1
9,204,869.42,153.90,225.69,625.97,0.7894,-1,-1,-1
9,205,506.64,261.91,102.91,344.88,0.8364,-1,-1,-1
9,206,349.80,259.79,116.25,343.84,0.8186,-1,-1,-1
9,207,1032.13,302.92,93.82,347.87,0.6621,-1,-1,-1
9,208,859.91,263.40,78.43,300.78,0.5881,-1,-1,-1
9,209,720.16,321.19,42.54,130.96,0.5789,-1,-1,-1
10,203,-42.20,107.20,292.70,961.57,0.7268,-1,-1,-1
10,204,865.93,156.52,222.42,623.77,0.8161,-1,-1,-1
10,205,501.51,263.70,103.94,347.40,0.8259,-1,-1,-1
10,206,345.09,258.89,117.24,346.96,0.8078,-1,-1,-1
10,207,1030.68,301.48,94.17,352.18,0.7003,-1,-1,-1
10,208,858.75,261.17,78.94,303.47,0.5662,-1,-1,-1
10,209,719.71,324.01,42.58,131.22,0.5862,-1,-1,-1
11,203,-50.32,111.90,281.75,955.12,0.7332,-1,-1,-1
11,204,863.07,156.60,221.46,628.93,0.8167,-1,-1,-1
11,205,495.20,262.32,105.88,352.83,0.8231,-1,-1,-1
11,206,338.87,260.73,118.26,349.14,0.7889,-1,-1,-1
11,207,1028.78,297.91,94.42,358.64,0.6633,-1,-1,-1
11,208,858.23,273.90,75.88,292.89,0.5329,-1,-1,-1
11,209,718.10,326.31,41.95,129.58,0.5182,-1,-1,-1
12,203,-29.81,117.72,221.42,762.52,0.7881,-1,-1,-1
12,204,856.66,158.11,219.93,631.91,0.8356,-1,-1,-1
12,205,491.14,259.16,107.64,358.00,0.7974,-1,-1,-1
12,206,330.25,263.40,119.98,351.78,0.8274,-1,-1,-1
12,207,1026.52,297.31,93.57,361.68,0.6770,-1,-1,-1
12,208,856.55,249.79,81.21,316.32,0.3897,-1,-1,-1
12,209,717.39,327.66,42.52,131.45,0.5499,-1,-1,-1
12,211,776.87,320.13,47.06,134.06,0.5494,-1,-1,-1
13,203,-19.10,138.36,179.16,626.93,0.8200,-1,-1,-1
13,204,851.41,156.41,219.97,637.68,0.8253,-1,-1,-1
13,205,485.33,256.24,109.26,361.87,0.8271,-1,-1,-1
13,206,323.68,264.13,122.44,355.78,0.8302,-1,-1,-1
13,207,1026.66,299.55,90.73,355.62,0.6952,-1,-1,-1
13,209,716.04,328.37,42.81,132.74,0.4863,-1,-1,-1
13,211,775.23,321.28,47.02,133.65,0.5424,-1,-1,-1
14,203,-21.49,174.23,161.55,579.92,0.8183,-1,-1,-1
14,204,845.59,154.24,220.23,642.99,0.7862,-1,-1,-1
14,205,480.95,255.02,110.53,364.64,0.8364,-1,-1,-1
14,206,318.39,265.70,124.56,358.92,0.8351,-1,-1,-1
14,207,1025.45,293.98,90.08,358.25,0.6842,-1,-1,-1
14,209,715.41,328.16,43.13,133.47,0.5337,-1,-1,-1
14,211,773.92,323.67,45.81,130.13,0.5625,-1,-1,-1
15,203,-29.11,230.52,145.37,543.28,0.5546,-1,-1,-1
15,204,838.25,153.62,218.48,639.66,0.7979,-1,-1,-1
15,205,478.36,256.15,111.03,363.25,0.8390,-1,-1,-1
15,206,316.61,268.32,125.57,360.32,0.8286,-1,-1,-1
15,207,1022.91,285.97,91.34,367.66,0.6672,-1,-1,-1
15,209,715.40,330.20,42.64,131.11,0.5302,-1,-1,-1
15,211,773.24,323.12,45.60,129.37,0.5425,-1,-1,-1
16,204,834.48,153.49,218.44,640.46,0.8020,-1,-1,-1
16,205,476.36,256.07,112.92,366.25,0.8447,-1,-1,-1
16,206,312.53,269.21,127.93,365.32,0.8396,-1,-1,-1
16,207,1021.11,278.15,92.68,376.67,0.6328,-1,-1,-1
16,209,715.07,330.86,42.69,130.68,0.5304,-1,-1,-1
16,211,772.85,323.54,45.64,128.92,0.5743,-1,-1,-1
17,204,833.14,154.53,219.12,642.82,0.8270,-1,-1,-1
17,205,474.76,257.74,114.31,367.88,0.8425,-1,-1,-1
17,206,309.74,273.29,129.18,367.86,0.8504,-1,-1,-1
17,207,1020.23,275.70,92.81,378.48,0.6611,-1,-1,-1
17,209,714.28,330.45,44.11,134.54,0.5726,-1,-1,-1
17,211,772.90,325.22,46.04,129.10,0.5934,-1,-1,-1
18,204,832.58,157.18,221.26,651.71,0.8572,-1,-1,-1
18,205,472.66,258.60,116.90,373.17,0.8380,-1,-1,-1
18,206,309.49,276.98,130.04,369.87,0.8304,-1,-1,-1
18,207,1017.75,260.92,95.44,391.90,0.6970,-1,-1,-1
18,209,714.67,332.53,44.66,135.81,0.4783,-1,-1,-1
18,211,771.98,319.20,49.79,139.88,0.4270,-1,-1,-1
19,204,833.00,159.03,220.86,657.08,0.8586,-1,-1,-1
19,205,471.33,262.56,119.61,378.33,0.8214,-1,-1,-1
19,206,302.03,279.96,133.86,377.07,0.8303,-1,-1,-1
19,207,1014.19,256.03,96.80,397.85,0.7187,-1,-1,-1
19,209,715.31,336.87,45.34,137.94,0.4879,-1,-1,-1
19,211,773.83,329.24,47.71,133.16,0.5105,-1,-1,-1
20,204,834.40,165.26,218.20,656.20,0.8635,-1,-1,-1
20,205,471.49,269.50,120.99,379.92,0.8268,-1,-1,-1
20,206,300.76,285.22,135.72,379.41,0.8284,-1,-1,-1
20,207,1011.15,250.70,99.18,407.74,0.7665,-1,-1,-1
20,209,716.02,341.38,45.69,139.87,0.5284,-1,-1,-1
20,211,774.71,333.42,47.65,132.05,0.5669,-1,-1,-1
21,204,842.94,168.81,215.39,657.30,0.8511,-1,-1,-1
21,205,473.91,272.58,124.19,387.01,0.8124,-1,-1,-1
21,206,304.04,287.13,137.97,383.84,0.8442,-1,-1,-1
21,207,1015.94,248.90,101.37,414.18,0.8079,-1,-1,-1
21,211,777.06,335.16,48.45,131.74,0.3777,-1,-1,-1
22,204,859.87,169.04,213.57,659.91,0.8537,-1,-1,-1
22,205,488.34,275.50,125.54,390.63,0.8248,-1,-1,-1
22,206,317.30,288.45,139.38,386.60,0.8275,-1,-1,-1
22,207,1027.52,249.55,102.92,418.47,0.7957,-1,-1,-1
22,211,791.88,339.57,49.81,135.08,0.5636,-1,-1,-1
23,204,868.28,170.74,212.46,663.48,0.8619,-1,-1,-1
23,205,501.68,280.13,126.63,393.37,0.8267,-1,-1,-1
23,206,328.05,291.00,140.24,387.52,0.8289,-1,-1,-1
23,207,1038.50,252.14,104.70,421.90,0.8010,-1,-1,-1
24,204,873.45,172.98,211.75,663.85,0.8683,-1,-1,-1
24,205,513.08,284.13,127.96,396.51,0.8445,-1,-1,-1
24,206,338.89,293.05,141.95,390.96,0.8330,-1,-1,-1
24,207,1049.26,255.46,105.62,418.83,0.8175,-1,-1,-1
24,209,716.81,366.05,41.84,127.84,0.5326,-1,-1,-1
25,204,874.67,173.69,210.89,660.85,0.8634,-1,-1,-1
25,205,521.75,285.19,130.53,403.33,0.8443,-1,-1,-1
25,206,350.90,294.77,141.92,389.90,0.8319,-1,-1,-1
25,207,1060.58,257.45,107.47,419.40,0.8358,-1,-1,-1
26,204,880.70,174.61,210.35,656.48,0.8694,-1,-1,-1
26,205,534.90,292.08,131.06,405.05,0.7980,-1,-1,-1
26,206,362.97,295.73,144.33,394.76,0.8537,-1,-1,-1
26,207,1072.62,260.43,110.73,422.34,0.8313,-1,-1,-1
27,204,885.92,176.78,212.12,656.91,0.8630,-1,-1,-1
27,205,548.78,293.71,132.90,410.92,0.8309,-1,-1,-1
27,206,376.43,299.09,145.09,397.22,0.8406,-1,-1,-1
27,207,1088.37,265.16,112.84,419.81,0.8297,-1,-1,-1
28,204,891.20,183.15,214.56,658.00,0.8748,-1,-1,-1
28,205,558.77,298.71,133.54,413.43,0.8469,-1,-1,-1
28,206,384.37,304.71,146.03,399.03,0.8611,-1,-1,-1
28,207,1097.13,271.80,114.97,418.13,0.8360,-1,-1,-1
29,204,889.78,189.87,215.86,659.36,0.8794,-1,-1,-1
29,205,564.13,300.29,134.67,417.17,0.8639,-1,-1,-1
29,206,389.32,308.91,147.24,404.15,0.8420,-1,-1,-1
29,207,1102.43,277.31,119.63,426.55,0.8128,-1,-1,-1
29,211,815.40,367.49,52.37,144.85,0.5042,-1,-1,-1
30,204,891.57,195.17,217.13,660.77,0.8922,-1,-1,-1
30,205,569.34,300.58,135.20,417.81,0.8519,-1,-1,-1
30,206,394.22,312.15,149.12,410.81,0.8394,-1,-1,-1
30,207,1109.72,280.73,123.83,431.57,0.8322,-1,-1,-1
30,211,823.36,370.92,51.34,142.59,0.4914,-1,-1,-1
31,204,892.75,200.67,219.06,664.06,0.8832,-1,-1,-1
31,205,573.71,302.06,135.99,420.04,0.8356,-1,-1,-1
31,206,397.82,317.26,150.75,417.08,0.8435,-1,-1,-1
31,207,1114.92,284.31,127.66,435.33,0.8545,-1,-1,-1
31,211,832.17,378.14,49.46,139.61,0.5141,-1,-1,-1
32,204,894.81,207.66,221.36,667.75,0.8843,-1,-1,-1
32,205,576.86,304.66,137.94,427.47,0.8523,-1,-1,-1
32,206,400.37,322.59,150.94,419.08,0.8573,-1,-1,-1
32,207,1117.62,289.04,129.84,433.30,0.8578,-1,-1,-1
32,211,836.83,380.74,50.26,144.81,0.5932,-1,-1,-1
33,204,898.23,212.61,223.01,669.62,0.8824,-1,-1,-1
33,205,581.03,307.24,139.13,431.09,0.8464,-1,-1,-1
33,206,403.57,328.18,150.95,419.52,0.8586,-1,-1,-1
33,207,1121.66,296.82,132.54,431.26,0.8557,-1,-1,-1
33,211,842.72,387.31,49.73,144.97,0.5306,-1,-1,-1
34,204,901.85,219.05,225.52,672.22,0.8748,-1,-1,-1
34,205,584.42,309.15,139.67,434.07,0.8412,-1,-1,-1
34,206,401.41,332.53,152.77,425.56,0.8418,-1,-1,-1
34,207,1124.13,301.71,134.08,425.79,0.8550,-1,-1,-1
34,211,846.63,392.13,50.15,146.84,0.5586,-1,-1,-1
35,204,905.36,226.29,227.53,675.94,0.8777,-1,-1,-1
35,205,587.49,313.06,140.69,439.03,0.8299,-1,-1,-1
35,206,398.57,336.36,155.12,433.32,0.8268,-1,-1,-1
35,207,1126.53,305.91,135.91,421.46,0.8461,-1,-1,-1
35,211,849.65,396.69,49.93,146.58,0.5384,-1,-1,-1
36,204,907.74,232.79,228.47,677.98,0.8840,-1,-1,-1
36,205,591.29,317.94,141.52,441.98,0.8214,-1,-1,-1
36,206,393.83,340.44,156.76,439.37,0.8543,-1,-1,-1
36,207,1127.58,310.63,137.90,419.69,0.8511,-1,-1,-1
37,204,908.48,240.96,228.72,677.59,0.8903,-1,-1,-1
37,205,591.69,322.19,142.08,446.35,0.8044,-1,-1,-1
37,206,388.03,343.32,158.07,445.90,0.8665,-1,-1,-1
37,207,1129.52,314.75,141.27,423.90,0.8438,-1,-1,-1
38,204,912.11,247.49,228.49,677.45,0.8889,-1,-1,-1
38,205,592.45,327.66,142.56,450.32,0.8259,-1,-1,-1
38,206,382.66,347.13,158.58,448.70,0.8690,-1,-1,-1
38,207,1130.45,320.26,142.82,422.03,0.8463,-1,-1,-1
38,211,862.54,415.75,46.35,138.34,0.6131,-1,-1,-1
39,204,917.62,254.05,228.07,679.06,0.8846,-1,-1,-1
39,205,590.81,332.34,144.69,459.18,0.8165,-1,-1,-1
39,206,377.67,350.60,159.86,453.07,0.8802,-1,-1,-1
39,207,1131.98,326.78,145.70,427.13,0.8541,-1,-1,-1
39,211,864.24,423.57,45.21,135.35,0.5074,-1,-1,-1
40,204,921.01,257.26,228.44,684.67,0.8765,-1,-1,-1
40,205,587.28,341.33,147.01,467.05,0.7965,-1,-1,-1
40,206,373.01,355.34,160.81,456.09,0.8740,-1,-1,-1
40,207,1133.63,333.85,147.97,431.14,0.8542,-1,-1,-1
40,211,864.21,427.49,47.92,143.76,0.5479,-1,-1,-1
41,204,921.62,259.89,226.60,683.75,0.8804,-1,-1,-1
41,205,583.27,343.47,148.76,473.80,0.8022,-1,-1,-1
41,206,363.81,356.60,162.52,458.84,0.8626,-1,-1,-1
41,207,1136.46,338.88,148.32,430.74,0.8500,-1,-1,-1
41,211,864.23,432.82,48.17,144.60,0.4787,-1,-1,-1
42,204,924.64,265.55,222.80,676.77,0.8822,-1,-1,-1
42,205,579.16,347.44,150.58,479.92,0.7102,-1,-1,-1
42,206,352.58,358.06,165.62,465.17,0.8716,-1,-1,-1
42,207,1137.23,346.49,147.93,429.04,0.8558,-1,-1,-1
42,211,863.79,436.47,48.41,146.27,0.4658,-1,-1,-1
43,204,926.50,272.30,217.56,665.72,0.8819,-1,-1,-1
43,205,572.76,352.02,150.56,482.47,0.8054,-1,-1,-1
43,206,340.58,362.78,168.34,470.04,0.8483,-1,-1,-1
43,207,1135.25,353.04,148.47,429.66,0.8571,-1,-1,-1
43,211,862.33,441.82,46.14,138.88,0.3506,-1,-1,-1
44,204,926.28,278.84,214.31,660.20,0.8857,-1,-1,-1
44,205,565.74,356.66,151.88,490.30,0.8117,-1,-1,-1
44,206,326.89,366.34,171.84,476.43,0.8581,-1,-1,-1
44,207,1133.13,361.33,147.73,425.93,0.8564,-1,-1,-1
44,211,857.48,443.80,47.83,145.01,0.3893,-1,-1,-1
45,204,924.67,284.41,212.74,660.07,0.8876,-1,-1,-1
45,205,558.22,361.35,153.24,499.77,0.8246,-1,-1,-1
45,206,313.30,371.14,176.72,486.63,0.8454,-1,-1,-1
45,207,1128.86,368.00,148.15,426.42,0.8408,-1,-1,-1
45,211,851.59,449.65,48.34,146.14,0.4301,-1,-1,-1
46,204,920.89,292.35,212.61,664.61,0.8866,-1,-1,-1
46,205,551.21,364.60,154.02,506.94,0.8213,-1,-1,-1
46,206,299.62,377.63,182.04,499.74,0.8413,-1,-1,-1
46,207,1124.45,375.71,149.89,431.61,0.8509,-1,-1,-1
46,211,848.25,456.27,48.86,147.24,0.4778,-1,-1,-1
47,204,916.02,301.45,211.93,668.29,0.8781,-1,-1,-1
47,205,544.10,369.55,154.93,513.35,0.8248,-1,-1,-1
47,206,281.72,382.78,189.28,516.45,0.8436,-1,-1,-1
47,207,1118.90,381.93,150.26,433.95,0.8357,-1,-1,-1
47,211,846.05,468.02,46.45,138.45,0.3350,-1,-1,-1
48,204,910.36,309.11,212.69,676.44,0.8774,-1,-1,-1
48,205,533.41,372.57,157.22,523.04,0.8578,-1,-1,-1
48,206,266.39,390.97,194.43,527.27,0.8569,-1,-1,-1
48,207,1112.04,389.26,149.58,435.41,0.8321,-1,-1,-1
48,211,839.58,469.14,49.48,148.70,0.6837,-1,-1,-1
49,204,903.13,318.32,212.60,682.44,0.8784,-1,-1,-1
49,205,524.76,376.55,159.12,531.19,0.8508,-1,-1,-1
49,206,250.45,398.10,198.51,534.47,0.8719,-1,-1,-1
49,207,1106.48,395.34,149.27,435.07,0.8530,-1,-1,-1
49,211,834.22,473.16,50.11,150.64,0.4995,-1,-1,-1
50,204,897.54,327.17,211.24,684.14,0.8773,-1,-1,-1
50,205,518.77,382.37,160.46,537.60,0.8387,-1,-1,-1
50,206,237.26,405.38,198.81,528.62,0.8353,-1,-1,-1
50,207,1099.35,400.14,149.74,438.73,0.8538,-1,-1,-1
50,211,825.76,477.09,51.11,153.61,0.5770,-1,-1,-1
51,204,891.54,335.12,209.67,685.67,0.8694,-1,-1,-1
51,205,510.12,385.96,162.01,544.54,0.8470,-1,-1,-1
51,206,222.65,412.21,199.49,523.10,0.8440,-1,-1,-1
51,207,1094.52,404.09,149.65,439.78,0.8680,-1,-1,-1
51,211,819.78,480.71,52.22,155.70,0.5905,-1,-1,-1
52,204,886.30,342.33,207.67,685.32,0.8759,-1,-1,-1
52,205,502.20,388.71,162.68,547.49,0.8376,-1,-1,-1
52,206,205.07,417.12,210.44,548.75,0.8293,-1,-1,-1
52,207,1090.86,406.06,150.10,442.34,0.8645,-1,-1,-1
52,211,815.58,489.70,50.14,147.42,0.3282,-1,-1,-1
53,204,881.90,348.49,205.44,683.05,0.8783,-1,-1,-1
53,205,494.99,394.98,163.57,550.67,0.8404,-1,-1,-1
53,206,190.10,420.57,216.24,563.15,0.8704,-1,-1,-1
53,207,1086.36,409.35,150.87,443.37,0.8652,-1,-1,-1
53,211,812.39,492.91,50.32,147.13,0.6582,-1,-1,-1
54,204,877.94,352.08,203.69,680.48,0.8833,-1,-1,-1
54,205,486.88,396.86,166.14,557.70,0.8509,-1,-1,-1
54,206,177.69,422.36,220.53,573.36,0.8822,-1,-1,-1
54,207,1081.90,410.94,152.44,445.62,0.8712,-1,-1,-1
54,211,811.82,494.72,48.65,141.29,0.5952,-1,-1,-1
55,204,871.57,352.23,203.07,680.09,0.8837,-1,-1,-1
55,205,480.39,398.11,169.33,565.06,0.8581,-1,-1,-1
55,206,166.69,421.63,224.07,582.82,0.8952,-1,-1,-1
55,207,1078.63,412.12,153.51,445.79,0.8756,-1,-1,-1
55,211,809.06,494.68,49.48,142.75,0.4668,-1,-1,-1
56,204,866.56,351.43,203.15,682.49,0.8792,-1,-1,-1
56,205,475.28,399.91,173.78,576.21,0.8728,-1,-1,-1
56,206,156.16,420.45,227.42,593.18,0.8826,-1,-1,-1
56,207,1079.16,413.55,153.28,442.13,0.8744,-1,-1,-1
56,211,806.03,494.91,52.06,150.27,0.4625,-1,-1,-1
57,204,860.72,350.70,203.84,686.09,0.8752,-1,-1,-1
57,205,469.39,402.87,179.01,589.45,0.8758,-1,-1,-1
57,206,144.79,420.42,229.97,600.95,0.8887,-1,-1,-1
57,207,1078.91,415.37,153.58,439.34,0.8674,-1,-1,-1
57,211,804.97,498.59,53.10,153.48,0.3711,-1,-1,-1
58,204,857.42,349.90,202.42,680.15,0.8683,-1,-1,-1
58,205,463.56,401.20,184.85,605.14,0.8814,-1,-1,-1
58,206,135.37,419.43,233.24,610.91,0.8760,-1,-1,-1
58,207,1075.91,414.16,156.23,443.55,0.8718,-1,-1,-1
59,204,849.64,347.24,201.00,671.83,0.8827,-1,-1,-1
59,205,456.11,396.94,189.82,620.60,0.8830,-1,-1,-1
59,206,125.69,418.58,235.73,617.70,0.8969,-1,-1,-1
59,207,1074.79,415.54,156.94,441.71,0.8702,-1,-1,-1
60,204,842.60,346.95,200.72,666.96,0.8873,-1,-1,-1
60,205,451.90,398.11,191.39,625.80,0.8773,-1,-1,-1
60,206,115.12,417.70,238.14,623.57,0.9068,-1,-1,-1
60,207,1072.96,416.19,158.81,442.53,0.8682,-1,-1,-1
61,204,833.51,347.31,202.93,667.44,0.8888,-1,-1,-1
61,205,445.38,399.74,194.46,636.28,0.8643,-1,-1,-1
61,206,105.09,417.01,241.50,632.24,0.9052,-1,-1,-1
61,207,1071.22,417.22,160.74,443.08,0.8656,-1,-1,-1
62,204,828.91,347.17,205.31,667.73,0.8800,-1,-1,-1
62,205,442.73,399.29,196.49,643.99,0.8512,-1,-1,-1
62,206,95.65,414.21,248.23,651.76,0.9003,-1,-1,-1
62,207,1072.02,416.84,162.47,442.84,0.8628,-1,-1,-1
63,204,825.57,344.37,208.40,672.37,0.8811,-1,-1,-1
63,205,440.70,395.85,198.79,651.57,0.8613,-1,-1,-1
63,206,88.50,409.42,252.54,667.99,0.8924,-1,-1,-1
63,207,1074.27,415.81,164.56,442.92,0.8705,-1,-1,-1
64,204,823.59,342.57,210.59,675.93,0.8784,-1,-1,-1
64,205,443.34,390.00,201.08,660.18,0.8709,-1,-1,-1
64,206,82.50,405.45,253.70,675.84,0.8872,-1,-1,-1
64,207,1076.14,415.48,166.67,443.09,0.8700,-1,-1,-1
64,216,1020.54,434.32,66.55,316.27,0.7914,-1,-1,-1
65,204,821.53,340.83,213.10,679.21,0.8890,-1,-1,-1
65,205,443.96,383.52,203.51,668.09,0.8722,-1,-1,-1
65,206,75.26,404.78,253.34,678.21,0.8834,-1,-1,-1
65,207,1078.75,413.47,168.95,444.29,0.8626,-1,-1,-1
65,216,1023.13,435.59,65.98,313.10,0.7868,-1,-1,-1
66,204,821.75,339.01,214.97,681.81,0.8875,-1,-1,-1
66,205,444.02,376.31,206.50,676.29,0.8764,-1,-1,-1
66,206,69.01,403.20,252.68,678.17,0.8885,-1,-1,-1
66,207,1085.17,408.38,172.66,450.18,0.8392,-1,-1,-1
66,216,1026.17,434.92,65.97,311.87,0.7797,-1,-1,-1
67,204,822.41,338.35,216.46,683.10,0.8931,-1,-1,-1
67,205,444.44,369.55,209.30,683.39,0.8733,-1,-1,-1
67,206,60.07,399.06,253.60,682.42,0.8880,-1,-1,-1
67,207,1089.91,404.41,176.16,455.52,0.8461,-1,-1,-1
67,216,1028.76,431.98,65.88,309.30,0.7461,-1,-1,-1
68,204,824.28,337.07,217.86,684.45,0.8934,-1,-1,-1
68,205,444.31,359.92,212.80,691.72,0.8708,-1,-1,-1
68,206,49.75,396.03,253.27,680.85,0.8889,-1,-1,-1
68,207,1093.00,401.17,176.46,455.11,0.8456,-1,-1,-1
68,216,1032.00,425.03,67.29,313.41,0.7259,-1,-1,-1
68,218,748.03,497.62,58.25,146.17,0.5304,-1,-1,-1
69,204,828.89,333.03,218.61,685.49,0.8878,-1,-1,-1
69,205,444.64,350.84,216.35,700.18,0.8775,-1,-1,-1
69,206,38.94,387.32,255.84,685.44,0.8998,-1,-1,-1
69,207,1095.91,397.10,177.36,456.32,0.8726,-1,-1,-1
69,216,1035.29,420.27,68.17,315.02,0.7208,-1,-1,-1
69,218,750.12,492.30,59.33,148.90,0.6034,-1,-1,-1
70,204,831.34,329.80,218.80,683.60,0.8967,-1,-1,-1
70,205,442.72,343.58,220.09,707.96,0.8913,-1,-1,-1
70,206,24.54,378.88,260.62,694.60,0.9135,-1,-1,-1
70,207,1098.78,392.78,178.04,456.86,0.8721,-1,-1,-1
70,216,1037.67,416.27,68.87,315.41,0.7091,-1,-1,-1
70,218,752.13,487.61,60.18,151.14,0.5373,-1,-1,-1
71,204,834.07,326.85,218.94,682.24,0.8904,-1,-1,-1
71,205,438.35,336.19,224.94,719.82,0.8901,-1,-1,-1
71,206,7.96,371.04,264.06,702.85,0.9096,-1,-1,-1
71,207,1101.38,388.21,177.63,455.10,0.8643,-1,-1,-1
71,216,1038.83,412.59,69.73,316.04,0.7217,-1,-1,-1
71,218,753.16,484.78,60.36,151.58,0.5789,-1,-1,-1
72,204,835.05,321.56,219.71,682.39,0.8906,-1,-1,-1
72,205,431.82,326.91,232.19,741.14,0.8916,-1,-1,-1
72,206,-3.76,363.20,266.18,711.05,0.9195,-1,-1,-1
72,207,1103.91,385.36,176.85,452.43,0.8592,-1,-1,-1
72,216,1039.61,410.45,70.20,315.30,0.7227,-1,-1,-1
72,218,754.51,483.89,60.09,150.85,0.5615,-1,-1,-1
73,204,836.21,315.58,219.52,680.03,0.8855,-1,-1,-1
73,205,424.98,317.24,238.02,758.28,0.8933,-1,-1,-1
73,206,-13.28,351.69,267.73,722.65,0.9111,-1,-1,-1
73,207,1105.98,382.18,175.12,447.19,0.8556,-1,-1,-1
73,216,1040.28,409.64,70.36,313.34,0.6758,-1,-1,-1
73,218,752.43,477.94,60.56,152.68,0.4691,-1,-1,-1
74,204,837.26,310.15,217.14,669.50,0.8805,-1,-1,-1
74,205,417.74,311.32,240.95,765.37,0.8907,-1,-1,-1
74,206,-21.54,344.47,266.73,732.19,0.9065,-1,-1,-1
74,207,1106.65,378.66,173.65,443.48,0.8565,-1,-1,-1
74,216,1040.42,409.18,70.70,311.60,0.6848,-1,-1,-1
74,218,750.74,475.02,60.59,152.86,0.5560,-1,-1,-1
75,204,838.53,305.58,215.82,664.09,0.8721,-1,-1,-1
75,205,408.14,304.00,244.01,772.91,0.8954,-1,-1,-1
75,206,-28.80,333.36,265.00,744.22,0.8958,-1,-1,-1
75,207,1106.68,375.79,172.90,441.32,0.8616,-1,-1,-1
75,216,1040.28,419.26,68.55,298.86,0.6642,-1,-1,-1
75,218,748.65,471.73,60.67,153.52,0.5618,-1,-1,-1
76,204,841.32,301.41,215.09,661.73,0.8691,-1,-1,-1
76,205,398.66,297.35,246.36,777.21,0.8894,-1,-1,-1
76,206,-34.17,324.68,260.17,750.71,0.8883,-1,-1,-1
76,207,1107.50,373.51,171.92,440.16,0.8559,-1,-1,-1
76,216,1041.59,431.32,65.99,283.07,0.7228,-1,-1,-1
76,218,749.01,471.21,59.35,149.29,0.5169,-1,-1,-1
77,204,843.01,298.53,214.71,663.13,0.8786,-1,-1,-1
77,205,389.66,293.63,247.57,777.16,0.8913,-1,-1,-1
77,206,-39.06,318.08,254.58,758.29,0.8802,-1,-1,-1
77,207,1107.54,371.76,172.00,441.81,0.8657,-1,-1,-1
77,216,1040.76,435.05,66.00,278.52,0.6324,-1,-1,-1
77,218,748.76,470.39,59.68,148.88,0.5040,-1,-1,-1
78,204,844.12,295.85,213.80,665.64,0.8637,-1,-1,-1
78,205,377.39,289.43,250.87,782.64,0.8972,-1,-1,-1
78,206,-43.89,312.03,246.61,762.24,0.8673,-1,-1,-1
78,207,1107.06,370.42,171.93,443.16,0.8640,-1,-1,-1
78,216,1035.84,423.23,69.81,292.01,0.7076,-1,-1,-1
78,218,746.07,465.53,62.24,154.74,0.5499,-1,-1,-1
79,204,844.90,292.48,213.58,670.43,0.8592,-1,-1,-1
79,205,361.95,284.73,254.00,788.01,0.9003,-1,-1,-1
79,206,-47.29,309.28,237.67,765.10,0.8291,-1,-1,-1
79,207,1106.31,367.99,171.82,444.64,0.8600,-1,-1,-1
79,216,1030.01,408.12,73.72,306.54,0.7189,-1,-1,-1
79,218,740.92,468.18,60.44,152.26,0.4962,-1,-1,-1
79,219,811.94,449.84,46.87,165.60,0.6450,-1,-1,-1
80,204,842.90,289.67,212.77,674.82,0.8566,-1,-1,-1
80,205,345.42,276.89,258.26,795.31,0.8965,-1,-1,-1
80,207,1103.18,364.63,171.77,447.26,0.8433,-1,-1,-1
80,216,1024.95,400.79,75.36,314.02,0.7097,-1,-1,-1
80,218,736.13,468.83,60.07,153.33,0.5411,-1,-1,-1
80,219,807.03,446.63,48.52,170.81,0.6151,-1,-1,-1
81,204,840.97,291.40,210.82,675.57,0.8514,-1,-1,-1
81,205,328.06,268.07,262.59,803.19,0.9018,-1,-1,-1
81,207,1099.68,363.68,170.05,446.37,0.8567,-1,-1,-1
81,216,1019.74,403.21,74.51,310.50,0.6937,-1,-1,-1
81,218,730.72,464.16,59.82,154.38,0.5612,-1,-1,-1
81,219,801.92,444.63,48.35,169.35,0.6196,-1,-1,-1
81,220,-19.62,436.58,137.40,420.81,0.6418,-1,-1,-1
82,204,837.62,292.73,208.34,675.10,0.8529,-1,-1,-1
82,205,309.40,255.64,269.91,817.05,0.8974,-1,-1,-1
82,207,1094.45,360.26,168.98,447.53,0.8627,-1,-1,-1
82,216,1015.71,394.30,75.37,314.59,0.6466,-1,-1,-1
82,218,724.21,457.71,60.62,158.14,0.6341,-1,-1,-1
82,219,797.60,441.44,48.63,169.31,0.6749,-1,-1,-1
82,220,-21.05,442.16,120.77,372.69,0.7815,-1,-1,-1
83,204,834.24,292.00,205.28,674.14,0.8514,-1,-1,-1
83,205,287.49,242.88,276.64,829.06,0.8896,-1,-1,-1
83,207,1089.67,358.29,168.50,451.01,0.8518,-1,-1,-1
83,216,1007.53,384.97,77.56,321.83,0.5449,-1,-1,-1
83,218,721.38,453.04,60.21,156.85,0.3876,-1,-1,-1
83,219,794.42,437.32,47.93,166.04,0.5785,-1,-1,-1
84,204,827.06,291.64,202.90,674.91,0.8476,-1,-1,-1
84,205,258.59,230.78,283.27,842.45,0.9033,-1,-1,-1
84,207,1082.65,354.96,168.69,455.54,0.8586,-1,-1,-1
84,216,999.69,377.90,77.92,321.96,0.7452,-1,-1,-1
84,218,713.36,450.16,59.36,155.62,0.5917,-1,-1,-1
84,219,787.19,434.91,48.12,166.00,0.5587,-1,-1,-1
85,204,817.97,290.29,199.93,672.51,0.8275,-1,-1,-1
85,205,232.28,218.50,292.06,855.99,0.9170,-1,-1,-1
85,207,1074.68,353.83,166.41,454.14,0.8485,-1,-1,-1
85,216,990.18,373.96,77.79,319.36,0.7616,-1,-1,-1
85,218,706.77,450.50,57.72,152.43,0.4575,-1,-1,-1
85,219,777.13,427.74,49.61,170.05,0.5998,-1,-1,-1
86,204,806.92,285.32,198.26,672.03,0.8417,-1,-1,-1
86,205,203.94,205.29,299.25,869.92,0.9056,-1,-1,-1
86,207,1067.43,349.79,165.07,454.40,0.8318,-1,-1,-1
86,216,979.87,369.60,79.17,320.16,0.8069,-1,-1,-1
86,218,697.81,445.46,58.49,154.59,0.5367,-1,-1,-1
86,219,769.20,421.21,50.75,175.12,0.5159,-1,-1,-1
87,204,795.98,279.69,198.34,675.20,0.8524,-1,-1,-1
87,205,172.87,190.77,306.99,884.96,0.9104,-1,-1,-1
87,207,1060.00,347.14,163.55,452.99,0.8509,-1,-1,-1
87,216,970.64,366.46,80.39,320.39,0.7796,-1,-1,-1
87,218,691.50,446.40,57.74,151.86,0.4641,-1,-1,-1
87,219,760.17,414.53,51.83,179.91,0.6884,-1,-1,-1
87,221,473.17,411.17,79.75,285.69,0.7296,-1,-1,-1
88,204,785.02,275.33,197.78,671.79,0.8571,-1,-1,-1
88,205,146.36,180.62,313.50,896.19,0.9155,-1,-1,-1
88,207,1050.38,341.35,162.86,454.20,0.8485,-1,-1,-1
88,216,959.04,359.75,82.66,323.93,0.7449,-1,-1,-1
88,218,681.92,441.10,58.41,154.28,0.6147,-1,-1,-1
88,219,749.72,410.11,51.22,177.82,0.4646,-1,-1,-1
88,221,457.62,408.82,80.27,286.51,0.7607,-1,-1,-1
89,204,772.06,269.47,197.83,669.72,0.8477,-1,-1,-1
89,205,120.39,169.03,320.68,906.96,0.9201,-1,-1,-1
89,207,1043.06,335.31,162.81,454.56,0.8534,-1,-1,-1
89,216,950.59,358.18,83.30,319.64,0.8162,-1,-1,-1
89,218,673.65,437.03,59.23,156.53,0.5573,-1,-1,-1
89,219,740.25,407.89,51.15,180.61,0.3303,-1,-1,-1
89,221,441.67,399.03,84.16,298.27,0.7739,-1,-1,-1
90,204,760.88,262.24,197.46,660.42,0.8689,-1,-1,-1
90,205,95.18,154.51,330.27,920.96,0.9241,-1,-1,-1
90,207,1035.87,329.49,163.78,458.73,0.8482,-1,-1,-1
90,216,944.20,354.77,83.84,316.69,0.7823,-1,-1,-1
90,218,668.15,433.51,59.46,156.20,0.4318,-1,-1,-1
90,221,430.55,390.37,86.31,303.35,0.7799,-1,-1,-1
91,204,750.24,257.63,197.75,651.48,0.8808,-1,-1,-1
91,205,72.96,142.61,338.70,931.02,0.9224,-1,-1,-1
91,207,1031.18,325.05,163.38,457.12,0.8681,-1,-1,-1
91,216,937.58,350.37,85.73,318.01,0.7997,-1,-1,-1
91,218,658.57,427.15,59.10,156.75,0.4526,-1,-1,-1
91,221,421.12,386.23,87.81,305.96,0.7615,-1,-1,-1
92,204,738.33,251.79,200.48,651.10,0.8787,-1,-1,-1
92,205,49.13,128.05,349.57,944.91,0.9221,-1,-1,-1
92,207,1026.68,318.83,163.20,455.13,0.8636,-1,-1,-1
92,216,929.81,348.53,86.57,317.22,0.7895,-1,-1,-1
92,218,653.64,423.35,59.60,158.00,0.5489,-1,-1,-1
92,221,412.13,383.79,89.40,308.08,0.8223,-1,-1,-1
93,204,729.85,245.73,204.56,653.98,0.8891,-1,-1,-1
93,205,27.29,116.74,359.39,956.22,0.9244,-1,-1,-1
93,207,1021.54,314.17,163.94,454.70,0.8705,-1,-1,-1
93,216,926.22,346.76,87.60,317.05,0.7763,-1,-1,-1
93,218,650.24,420.55,59.04,157.64,0.3373,-1,-1,-1
93,221,404.22,379.05,91.59,312.19,0.8071,-1,-1,-1
94,204,719.57,241.37,207.93,657.77,0.8729,-1,-1,-1
94,205,13.82,106.55,367.78,968.58,0.9323,-1,-1,-1
94,207,1017.56,311.98,164.89,454.15,0.8726,-1,-1,-1
94,216,922.75,345.38,89.14,318.61,0.8026,-1,-1,-1
94,221,397.45,377.33,92.49,310.74,0.8026,-1,-1,-1
95,204,711.00,239.11,211.71,663.72,0.8860,-1,-1,-1
95,205,6.96,96.40,374.70,979.24,0.9307,-1,-1,-1
95,207,1013.28,310.51,166.18,453.81,0.8644,-1,-1,-1
95,216,919.73,343.38,90.37,319.99,0.7805,-1,-1,-1
95,221,391.11,374.34,94.87,314.53,0.8174,-1,-1,-1
96,204,702.31,240.47,213.92,664.83,0.9045,-1,-1,-1
96,205,-2.98,85.29,379.03,990.36,0.9349,-1,-1,-1
96,207,1010.03,309.79,168.45,455.69,0.8598,-1,-1,-1
96,216,916.50,343.62,91.56,320.14,0.7540,-1,-1,-1
96,221,384.79,373.16,97.66,320.48,0.8098,-1,-1,-1
97,204,698.36,240.11,216.70,670.26,0.8996,-1,-1,-1
97,205,-10.30,75.06,381.54,1000.40,0.9338,-1,-1,-1
97,207,1008.39,309.69,170.47,456.35,0.8618,-1,-1,-1
97,216,911.38,342.11,93.07,319.65,0.7328,-1,-1,-1
97,221,381.05,370.01,100.33,326.06,0.8189,-1,-1,-1
97,218,632.34,417.01,60.73,162.03,0.5593,-1,-1,-1
98,204,695.31,241.61,218.84,674.65,0.8996,-1,-1,-1
98,205,-16.73,59.00,383.93,1013.81,0.9344,-1,-1,-1
98,207,1008.05,309.46,173.23,458.51,0.8591,-1,-1,-1
98,216,910.35,342.12,94.42,320.66,0.7306,-1,-1,-1
98,221,378.98,367.79,102.48,330.23,0.8255,-1,-1,-1
98,218,629.63,415.28,61.73,165.70,0.6311,-1,-1,-1
99,204,693.76,245.11,220.24,677.01,0.8985,-1,-1,-1
99,205,-21.84,47.03,384.43,1025.43,0.9272,-1,-1,-1
99,207,1009.78,309.94,176.18,460.44,0.8700,-1,-1,-1
99,216,910.66,342.29,95.45,321.00,0.7370,-1,-1,-1
99,221,377.24,365.80,104.48,334.04,0.8214,-1,-1,-1
99,218,628.38,415.28,60.87,165.54,0.6340,-1,-1,-1
100,204,693.50,248.39,220.24,676.14,0.8988,-1,-1,-1
100,205,-27.04,35.64,383.07,1035.63,0.9225,-1,-1,-1
100,207,1012.44,311.36,178.47,460.75,0.8763,-1,-1,-1
100,216,912.96,346.52,95.73,318.30,0.7435,-1,-1,-1
100,221,375.51,366.78,105.56,334.44,0.8323,-1,-1,-1
100,218,627.99,414.49,60.93,166.19,0.6493,-1,-1,-1
101,204,696.03,249.57,219.79,676.09,0.8890,-1,-1,-1
101,205,-34.62,19.14,383.01,1054.94,0.9144,-1,-1,-1
101,207,1014.41,311.28,181.38,462.95,0.8568,-1,-1,-1
101,216,915.20,347.26,96.43,317.63,0.7683,-1,-1,-1
101,221,375.59,365.21,107.29,337.69,0.8239,-1,-1,-1
101,218,629.94,413.53,60.55,165.51,0.7018,-1,-1,-1
102,204,700.44,250.47,218.52,671.30,0.8948,-1,-1,-1
102,205,-40.78,11.59,376.98,1061.70,0.9190,-1,-1,-1
102,207,1018.98,311.83,183.58,464.77,0.8308,-1,-1,-1
102,216,919.62,346.74,97.35,318.99,0.7923,-1,-1,-1
102,221,376.11,364.19,109.17,341.33,0.8319,-1,-1,-1
102,218,633.52,413.45,60.53,165.69,0.5224,-1,-1,-1
103,204,711.21,250.56,217.85,667.82,0.8881,-1,-1,-1
103,205,-45.25,6.58,368.99,1065.69,0.9092,-1,-1,-1
103,207,1026.54,314.14,185.68,465.76,0.8433,-1,-1,-1
103,216,927.56,342.36,98.37,321.77,0.7443,-1,-1,-1
103,221,382.90,365.15,108.96,338.99,0.8037,-1,-1,-1
103,218,639.14,409.85,60.79,166.31,0.5544,-1,-1,-1
104,204,721.54,247.71,218.42,668.37,0.8919,-1,-1,-1
104,205,-47.87,7.91,355.87,1056.19,0.8316,-1,-1,-1
104,207,1041.41,309.77,188.39,468.93,0.8582,-1,-1,-1
104,216,939.08,339.18,99.39,322.44,0.7345,-1,-1,-1
104,221,392.21,368.35,108.60,336.23,0.8112,-1,-1,-1
104,218,649.94,407.52,60.99,168.36,0.6639,-1,-1,-1
105,204,734.24,245.74,217.68,665.09,0.8861,-1,-1,-1
105,205,-30.75,165.16,299.80,902.09,0.7801,-1,-1,-1
105,207,1052.97,308.76,189.77,469.59,0.8547,-1,-1,-1
105,216,949.30,334.77,101.00,326.93,0.7371,-1,-1,-1
105,221,400.37,366.12,109.38,338.00,0.8087,-1,-1,-1
105,218,658.85,408.06,60.51,166.99,0.3739,-1,-1,-1
106,204,744.35,243.09,214.23,654.31,0.8781,-1,-1,-1
106,205,-37.22,225.37,233.74,730.45,0.6228,-1,-1,-1
106,207,1066.10,304.72,193.33,475.53,0.8421,-1,-1,-1
106,216,956.92,332.62,101.83,328.93,0.7895,-1,-1,-1
106,221,408.25,365.08,109.36,337.10,0.8015,-1,-1,-1
106,218,665.83,405.83,60.93,167.58,0.6820,-1,-1,-1
107,204,753.70,237.91,211.95,647.11,0.8783,-1,-1,-1
107,205,-60.69,245.05,232.49,770.09,0.7251,-1,-1,-1
107,207,1072.74,303.21,193.46,475.24,0.8424,-1,-1,-1
107,216,963.92,330.68,102.04,327.74,0.7449,-1,-1,-1
107,221,413.32,362.27,110.19,338.85,0.7888,-1,-1,-1
107,218,670.36,404.24,62.00,169.01,0.6755,-1,-1,-1
108,204,759.49,234.23,211.09,645.11,0.8828,-1,-1,-1
108,207,1074.66,301.61,190.86,473.09,0.8386,-1,-1,-1
108,216,968.73,328.50,102.82,329.04,0.7282,-1,-1,-1
108,221,415.95,360.57,111.92,344.03,0.7966,-1,-1,-1
108,218,673.99,403.29,62.88,169.95,0.7286,-1,-1,-1
109,204,766.01,232.29,210.09,644.88,0.8753,-1,-1,-1
109,207,1077.71,298.39,188.05,470.47,0.8704,-1,-1,-1
109,216,970.36,326.93,101.62,327.03,0.5493,-1,-1,-1
109,221,415.79,358.30,113.74,349.00,0.8082,-1,-1,-1
109,218,677.49,401.13,63.24,170.73,0.6812,-1,-1,-1
110,204,769.05,230.56,209.84,646.47,0.8753,-1,-1,-1
110,207,1082.58,295.24,185.26,466.95,0.8721,-1,-1,-1
110,216,976.01,324.33,101.91,327.40,0.6669,-1,-1,-1
110,221,413.60,354.47,116.05,355.57,0.7983,-1,-1,-1
110,218,680.61,398.22,63.75,171.10,0.6261,-1,-1,-1
111,204,771.58,229.46,209.50,649.21,0.8721,-1,-1,-1
111,207,1086.91,292.07,182.53,463.42,0.8667,-1,-1,-1
111,216,977.69,323.65,101.80,325.60,0.6149,-1,-1,-1
111,221,412.66,352.65,116.61,355.91,0.8059,-1,-1,-1
111,218,682.99,395.16,64.60,173.20,0.6588,-1,-1,-1
112,204,772.94,228.87,208.45,649.57,0.8674,-1,-1,-1
112,207,1092.47,289.11,180.48,461.05,0.8549,-1,-1,-1
112,216,978.72,323.28,102.77,326.23,0.6338,-1,-1,-1
112,221,412.79,349.58,117.59,359.11,0.7482,-1,-1,-1
112,218,685.79,394.62,65.20,174.20,0.6441,-1,-1,-1
113,204,774.43,228.43,207.32,650.23,0.8648,-1,-1,-1
113,207,1097.25,286.41,179.67,462.78,0.8511,-1,-1,-1
113,216,982.31,322.91,103.19,325.79,0.6026,-1,-1,-1
113,221,411.57,347.75,118.72,362.86,0.7392,-1,-1,-1
113,218,687.30,391.33,66.98,178.81,0.7009,-1,-1,-1
114,204,778.26,229.90,205.99,651.20,0.8545,-1,-1,-1
114,207,1101.81,284.80,179.11,465.88,0.8578,-1,-1,-1
114,216,987.07,321.15,102.06,321.90,0.5927,-1,-1,-1
114,221,411.50,345.16,119.45,365.91,0.7352,-1,-1,-1
114,218,690.63,392.42,66.31,176.71,0.6295,-1,-1,-1
115,204,784.01,231.51,204.69,651.51,0.8444,-1,-1,-1
115,207,1105.62,285.28,177.73,466.15,0.8679,-1,-1,-1
115,216,994.02,320.53,102.00,322.63,0.7349,-1,-1,-1
115,221,411.08,343.77,120.30,368.38,0.7379,-1,-1,-1
115,218,693.87,390.82,66.94,178.83,0.5955,-1,-1,-1
116,204,787.07,232.46,203.67,652.04,0.8509,-1,-1,-1
116,207,1109.10,285.33,176.11,464.86,0.8630,-1,-1,-1
116,216,996.83,321.72,102.11,320.53,0.7067,-1,-1,-1
116,221,408.06,342.33,121.57,370.36,0.7733,-1,-1,-1
116,218,694.92,391.88,67.35,179.40,0.5573,-1,-1,-1
117,204,786.82,233.15,202.43,652.30,0.8521,-1,-1,-1
117,207,1112.08,284.51,175.67,466.72,0.8591,-1,-1,-1
117,216,997.29,320.92,102.79,321.06,0.6699,-1,-1,-1
117,221,405.94,342.58,122.28,370.06,0.7213,-1,-1,-1
117,218,694.21,389.71,68.22,179.70,0.6245,-1,-1,-1
118,204,782.52,234.65,200.64,649.96,0.8566,-1,-1,-1
118,207,1114.47,284.87,175.73,469.64,0.8564,-1,-1,-1
118,216,992.92,321.71,104.57,321.58,0.7296,-1,-1,-1
118,221,400.99,339.40,124.55,374.66,0.7031,-1,-1,-1
118,218,692.90,390.96,68.89,179.62,0.6155,-1,-1,-1
119,204,779.45,234.65,199.48,649.64,0.8667,-1,-1,-1
119,207,1117.00,286.35,175.31,472.33,0.8511,-1,-1,-1
119,216,989.51,323.27,106.59,322.05,0.7557,-1,-1,-1
119,221,395.98,337.98,126.02,376.95,0.8252,-1,-1,-1
119,218,693.34,392.06,69.22,179.45,0.5529,-1,-1,-1
120,204,775.60,232.94,198.91,649.32,0.8782,-1,-1,-1
120,207,1117.64,287.32,174.63,474.07,0.8532,-1,-1,-1
120,216,984.81,324.10,108.81,323.08,0.7074,-1,-1,-1
120,221,390.50,334.41,128.37,382.82,0.8358,-1,-1,-1
120,218,691.43,391.92,69.83,179.02,0.5289,-1,-1,-1
121,204,771.32,229.33,197.80,645.77,0.8741,-1,-1,-1
121,207,1116.68,289.17,174.03,475.46,0.8470,-1,-1,-1
121,216,980.86,325.32,110.69,322.49,0.6075,-1,-1,-1
121,221,384.49,333.23,129.94,386.15,0.8384,-1,-1,-1
121,218,689.25,393.25,71.91,182.02,0.4325,-1,-1,-1
122,204,764.99,227.91,195.61,637.89,0.8656,-1,-1,-1
122,207,1114.70,290.47,173.54,477.08,0.8405,-1,-1,-1
122,216,978.91,325.25,112.65,322.63,0.6372,-1,-1,-1
122,221,375.58,332.65,132.87,393.06,0.8261,-1,-1,-1
123,204,756.23,226.40,195.79,635.92,0.8671,-1,-1,-1
123,207,1112.09,290.48,172.74,478.14,0.8582,-1,-1,-1
123,216,971.80,325.83,115.43,323.73,0.6224,-1,-1,-1
123,221,367.11,331.70,135.52,400.67,0.8542,-1,-1,-1
124,204,747.61,226.53,196.98,636.54,0.8720,-1,-1,-1
124,207,1107.43,289.45,172.92,482.85,0.8491,-1,-1,-1
124,216,963.38,326.93,116.43,324.91,0.6116,-1,-1,-1
124,221,359.10,331.73,137.16,404.64,0.8591,-1,-1,-1
125,204,739.43,227.33,199.03,639.61,0.8767,-1,-1,-1
125,207,1104.15,289.38,171.35,481.42,0.8453,-1,-1,-1
125,216,957.50,325.05,118.68,329.34,0.6953,-1,-1,-1
125,221,350.87,336.26,137.53,404.35,0.8451,-1,-1,-1
126,204,726.87,228.16,202.68,643.94,0.8684,-1,-1,-1
126,207,1099.58,289.89,169.40,478.14,0.8445,-1,-1,-1
126,216,955.48,321.92,120.47,332.78,0.5801,-1,-1,-1
126,221,339.22,336.34,139.21,407.87,0.8397,-1,-1,-1
127,204,719.71,230.33,205.34,645.99,0.8698,-1,-1,-1
127,207,1094.44,290.47,169.93,480.77,0.8566,-1,-1,-1
127,216,951.08,320.63,123.16,335.81,0.7700,-1,-1,-1
127,221,330.48,340.73,139.92,409.11,0.8475,-1,-1,-1
128,204,714.92,230.98,208.32,649.93,0.8799,-1,-1,-1
128,207,1089.74,289.37,170.44,482.17,0.8706,-1,-1,-1
128,216,944.40,322.38,125.07,335.20,0.6102,-1,-1,-1
128,221,321.92,341.00,141.26,411.86,0.8530,-1,-1,-1
129,204,713.85,234.19,209.05,648.84,0.8803,-1,-1,-1
129,207,1086.05,287.29,171.28,483.22,0.8741,-1,-1,-1
129,216,932.77,321.85,123.41,335.34,0.6498,-1,-1,-1
129,221,315.03,338.24,144.47,420.78,0.8338,-1,-1,-1
130,204,712.25,236.16,210.32,649.11,0.8819,-1,-1,-1
130,207,1083.61,286.80,171.62,483.18,0.8673,-1,-1,-1
130,216,927.75,320.66,121.66,335.26,0.7349,-1,-1,-1
130,221,310.36,334.69,147.53,429.66,0.8405,-1,-1,-1
130,225,658.62,389.17,65.35,192.89,0.5535,-1,-1,-1
131,204,712.17,238.13,211.57,649.35,0.8799,-1,-1,-1
131,207,1082.32,284.74,172.06,482.97,0.8665,-1,-1,-1
131,216,923.92,319.28,120.25,333.94,0.7373,-1,-1,-1
131,221,306.65,332.15,149.06,435.25,0.8388,-1,-1,-1
131,225,656.91,389.41,65.41,193.15,0.5875,-1,-1,-1
132,204,712.58,238.67,212.53,649.58,0.8754,-1,-1,-1
132,207,1081.42,283.03,172.10,482.17,0.8634,-1,-1,-1
132,216,921.09,317.83,119.43,333.94,0.7335,-1,-1,-1
132,221,304.80,332.14,149.00,437.13,0.8290,-1,-1,-1
132,225,656.21,389.00,65.86,194.63,0.5692,-1,-1,-1
132,226,1012.27,367.25,71.20,226.59,0.5586,-1,-1,-1
133,204,715.16,239.06,212.83,647.86,0.8755,-1,-1,-1
133,207,1079.86,282.32,172.83,482.18,0.8685,-1,-1,-1
133,216,919.70,316.50,118.88,335.81,0.7468,-1,-1,-1
133,221,297.61,330.33,150.99,441.32,0.8195,-1,-1,-1
133,225,655.75,389.33,65.89,195.08,0.4432,-1,-1,-1
133,226,1013.23,367.87,70.86,225.40,0.5763,-1,-1,-1
134,204,715.57,238.78,213.48,649.14,0.8765,-1,-1,-1
134,207,1078.65,283.29,174.74,484.94,0.8678,-1,-1,-1
134,216,919.31,317.59,117.66,337.37,0.7328,-1,-1,-1
134,221,290.21,326.15,154.66,451.93,0.8404,-1,-1,-1
134,225,656.61,391.45,65.98,194.95,0.5317,-1,-1,-1
134,226,1013.23,367.74,70.39,223.58,0.6110,-1,-1,-1
135,204,716.76,239.68,213.34,648.51,0.8799,-1,-1,-1
135,207,1076.98,284.32,176.59,487.91,0.8648,-1,-1,-1
135,216,917.73,317.73,116.84,340.54,0.7097,-1,-1,-1
135,221,286.10,328.44,155.29,454.15,0.8316,-1,-1,-1
135,225,655.09,393.22,66.50,195.44,0.5442,-1,-1,-1
135,226,1013.82,369.75,69.47,219.78,0.6537,-1,-1,-1
136,204,720.43,240.17,211.78,643.94,0.8737,-1,-1,-1
136,207,1076.13,286.59,178.26,489.71,0.8665,-1,-1,-1
136,216,917.61,319.46,115.08,340.02,0.7318,-1,-1,-1
136,221,281.71,327.43,157.12,459.26,0.8387,-1,-1,-1
136,225,652.08,394.70,67.75,196.64,0.6849,-1,-1,-1
136,226,1013.24,365.76,72.17,227.75,0.7067,-1,-1,-1
137,204,724.33,240.65,208.08,630.78,0.8833,-1,-1,-1
137,207,1076.04,289.51,180.41,491.85,0.8635,-1,-1,-1
137,216,918.33,319.41,113.78,341.37,0.7313,-1,-1,-1
137,221,280.22,324.60,158.62,465.10,0.8409,-1,-1,-1
137,225,652.06,395.25,69.50,200.33,0.6352,-1,-1,-1
137,226,1015.65,368.58,71.92,226.04,0.7447,-1,-1,-1
138,204,726.57,241.98,207.21,624.47,0.8864,-1,-1,-1
138,207,1080.45,293.32,181.45,491.48,0.8618,-1,-1,-1
138,216,919.25,320.66,112.42,342.16,0.7456,-1,-1,-1
138,221,277.34,323.15,159.85,469.37,0.8038,-1,-1,-1
138,225,652.07,396.86,69.77,200.76,0.5942,-1,-1,-1
138,226,1018.47,368.36,72.83,228.43,0.7447,-1,-1,-1
139,204,730.34,242.46,207.08,622.39,0.8851,-1,-1,-1
139,207,1085.01,295.11,182.58,491.45,0.8479,-1,-1,-1
139,216,921.37,320.83,111.37,343.53,0.7266,-1,-1,-1
139,221,271.47,320.79,161.97,474.91,0.8146,-1,-1,-1
139,225,651.68,396.25,70.83,203.84,0.5823,-1,-1,-1
139,226,1021.34,365.57,73.48,230.07,0.7169,-1,-1,-1
140,204,736.87,241.90,207.46,626.14,0.8780,-1,-1,-1
140,207,1090.10,296.51,182.78,490.21,0.8453,-1,-1,-1
140,216,926.28,320.30,110.03,345.13,0.7149,-1,-1,-1
140,221,268.03,318.89,165.18,484.27,0.8302,-1,-1,-1
140,225,650.93,396.97,71.61,205.00,0.6319,-1,-1,-1
140,226,1024.10,367.79,73.07,227.87,0.7775,-1,-1,-1
141,204,741.57,244.83,207.10,628.99,0.8735,-1,-1,-1
141,207,1093.71,296.28,184.78,494.69,0.8582,-1,-1,-1
141,216,927.93,321.64,108.74,344.74,0.7389,-1,-1,-1
141,221,267.61,319.12,168.29,494.94,0.8246,-1,-1,-1
141,225,650.46,396.00,72.81,206.66,0.7632,-1,-1,-1
141,226,1026.96,367.16,73.67,228.10,0.6852,-1,-1,-1
142,204,746.62,249.86,205.54,628.51,0.8694,-1,-1,-1
142,207,1098.79,296.74,186.14,498.46,0.8516,-1,-1,-1
142,216,929.67,324.36,106.96,342.09,0.7639,-1,-1,-1
142,221,267.79,321.40,169.93,500.56,0.8492,-1,-1,-1
142,225,653.25,399.07,73.14,203.97,0.6909,-1,-1,-1
142,226,1031.19,370.84,73.68,226.71,0.7247,-1,-1,-1
143,204,755.76,252.93,204.66,632.09,0.8787,-1,-1,-1
143,207,1105.06,296.98,187.27,501.75,0.8675,-1,-1,-1
143,216,939.21,325.42,104.76,341.32,0.7232,-1,-1,-1
143,221,267.58,324.35,171.11,503.83,0.8474,-1,-1,-1
143,225,657.27,400.22,74.17,204.47,0.6631,-1,-1,-1
143,226,1036.41,372.01,73.45,226.17,0.7463,-1,-1,-1
144,204,761.92,255.50,203.17,632.98,0.8729,-1,-1,-1
144,207,1110.53,297.05,187.25,501.77,0.8615,-1,-1,-1
144,216,947.24,329.66,101.12,335.40,0.8004,-1,-1,-1
144,221,266.54,324.94,173.54,510.51,0.8580,-1,-1,-1
144,225,661.20,398.32,75.13,207.11,0.7032,-1,-1,-1
144,226,1041.13,372.54,74.10,227.03,0.7546,-1,-1,-1
145,204,768.98,257.94,201.75,634.09,0.8604,-1,-1,-1
145,207,1118.81,296.95,187.12,501.37,0.8608,-1,-1,-1
145,216,952.07,329.53,99.92,337.19,0.7497,-1,-1,-1
145,221,265.53,324.67,175.21,514.20,0.8532,-1,-1,-1
145,225,664.67,397.27,76.40,209.67,0.7018,-1,-1,-1
145,226,1044.54,375.08,73.68,224.01,0.7400,-1,-1,-1
146,204,773.90,261.65,200.98,635.66,0.8638,-1,-1,-1
146,207,1126.62,300.09,184.91,495.51,0.8740,-1,-1,-1
146,216,960.06,331.50,98.68,337.30,0.6867,-1,-1,-1
146,221,266.09,324.52,178.08,522.86,0.8772,-1,-1,-1
146,225,669.58,397.70,76.94,210.22,0.6982,-1,-1,-1
146,226,1049.83,377.61,73.08,220.62,0.6476,-1,-1,-1
147,204,776.94,264.80,200.32,636.94,0.8650,-1,-1,-1
147,207,1134.08,299.13,184.14,492.26,0.8670,-1,-1,-1
147,216,961.38,331.31,98.71,339.91,0.7115,-1,-1,-1
147,221,263.39,325.44,180.31,528.71,0.8601,-1,-1,-1
147,225,670.80,396.70,78.67,214.65,0.7260,-1,-1,-1
147,226,1053.08,380.96,73.66,220.43,0.6330,-1,-1,-1
148,204,782.45,266.07,198.62,636.05,0.8554,-1,-1,-1
148,207,1139.27,298.19,183.67,491.45,0.8671,-1,-1,-1
148,216,964.86,331.45,98.23,340.80,0.7303,-1,-1,-1
148,221,259.28,325.57,184.09,539.39,0.8684,-1,-1,-1
148,225,671.87,395.69,79.42,217.87,0.7258,-1,-1,-1
148,226,1055.02,378.44,75.47,225.57,0.6768,-1,-1,-1
149,204,786.69,266.77,197.59,637.46,0.8616,-1,-1,-1
149,207,1145.50,298.55,182.41,489.05,0.8619,-1,-1,-1
149,216,968.17,335.07,96.68,338.91,0.7344,-1,-1,-1
149,221,251.87,323.77,186.71,548.54,0.8649,-1,-1,-1
149,225,673.89,399.56,79.17,217.89,0.6009,-1,-1,-1
149,226,1056.78,378.70,76.39,228.13,0.6365,-1,-1,-1
150,204,788.58,267.21,196.41,637.42,0.8498,-1,-1,-1
150,207,1149.56,299.68,182.32,489.94,0.8644,-1,-1,-1
150,216,971.78,338.71,96.00,338.97,0.7367,-1,-1,-1
150,221,244.28,319.94,188.83,557.84,0.8501,-1,-1,-1
150,225,674.50,404.13,78.87,216.76,0.6131,-1,-1,-1
150,226,1056.57,372.45,78.64,235.92,0.6722,-1,-1,-1
151,204,790.50,267.27,194.94,634.50,0.8409,-1,-1,-1
151,207,1150.98,299.64,184.62,497.78,0.8714,-1,-1,-1
151,216,975.12,340.49,95.43,341.16,0.7332,-1,-1,-1
151,221,233.83,318.11,191.40,567.45,0.8507,-1,-1,-1
151,225,675.60,408.29,78.08,214.59,0.6688,-1,-1,-1
151,226,1056.40,370.39,79.73,240.11,0.5983,-1,-1,-1
152,204,790.83,266.29,192.93,627.63,0.8417,-1,-1,-1
152,207,1152.85,300.23,184.75,499.04,0.8801,-1,-1,-1
152,216,975.36,341.58,94.66,341.33,0.7104,-1,-1,-1
152,221,225.04,314.91,193.94,576.85,0.8509,-1,-1,-1
152,225,676.58,409.66,78.72,215.65,0.7133,-1,-1,-1
152,226,1056.02,372.06,79.30,238.58,0.6059,-1,-1,-1
153,204,790.18,264.23,191.98,620.49,0.8418,-1,-1,-1
153,207,1156.19,302.02,184.18,498.82,0.8824,-1,-1,-1
153,216,977.67,341.86,94.28,344.57,0.7248,-1,-1,-1
153,221,215.55,312.07,196.08,583.15,0.8585,-1,-1,-1
153,225,677.35,410.37,80.14,218.54,0.7124,-1,-1,-1
153,226,1056.33,372.33,79.52,239.31,0.6199,-1,-1,-1
154,204,787.40,262.34,193.23,618.46,0.8594,-1,-1,-1
154,207,1157.94,302.88,183.18,497.26,0.8731,-1,-1,-1
154,216,977.32,341.82,93.39,344.71,0.7265,-1,-1,-1
154,221,205.79,309.62,198.59,589.07,0.8723,-1,-1,-1
154,225,678.61,411.29,81.40,220.46,0.7176,-1,-1,-1
154,226,1055.71,373.56,79.61,239.16,0.6567,-1,-1,-1
155,204,782.87,259.98,195.69,618.85,0.8684,-1,-1,-1
155,207,1158.93,302.90,183.27,499.29,0.8790,-1,-1,-1
155,216,978.84,341.00,91.84,343.29,0.7272,-1,-1,-1
155,221,196.41,307.08,200.88,593.43,0.8712,-1,-1,-1
155,225,679.30,408.58,84.12,223.47,0.7297,-1,-1,-1
155,226,1055.28,372.97,79.73,239.32,0.7016,-1,-1,-1
156,204,779.40,258.40,199.27,621.56,0.8702,-1,-1,-1
156,207,1158.34,305.54,184.71,504.67,0.8774,-1,-1,-1
156,216,978.68,340.36,91.21,343.96,0.7022,-1,-1,-1
156,221,185.37,303.21,203.32,599.38,0.8714,-1,-1,-1
156,225,679.15,406.51,86.42,225.99,0.7665,-1,-1,-1
156,226,1053.62,371.13,80.62,242.17,0.6923,-1,-1,-1
157,204,774.85,259.57,203.00,624.15,0.8774,-1,-1,-1
157,207,1154.98,307.52,184.95,507.40,0.8730,-1,-1,-1
157,216,974.73,341.13,91.94,346.06,0.6965,-1,-1,-1
157,221,175.20,301.00,205.84,604.95,0.8634,-1,-1,-1
157,225,675.66,407.13,87.85,226.38,0.7038,-1,-1,-1
157,226,1051.58,370.39,81.30,243.83,0.6787,-1,-1,-1
158,204,771.13,257.99,206.28,628.34,0.8731,-1,-1,-1
158,207,1150.04,306.00,184.38,507.86,0.8647,-1,-1,-1
158,216,969.78,341.62,91.62,345.10,0.7418,-1,-1,-1
158,221,162.03,297.84,208.66,611.40,0.8608,-1,-1,-1
158,225,664.21,406.35,87.59,228.01,0.6732,-1,-1,-1
158,226,1048.29,370.78,81.76,243.95,0.7391,-1,-1,-1
159,204,770.86,261.35,207.41,628.76,0.8666,-1,-1,-1
159,207,1145.89,306.83,182.74,505.39,0.8761,-1,-1,-1
159,216,966.26,342.00,90.29,341.44,0.6546,-1,-1,-1
159,221,145.25,295.06,212.45,620.92,0.8558,-1,-1,-1
159,225,659.52,402.92,88.18,230.36,0.6600,-1,-1,-1
159,226,1044.96,375.49,80.87,239.45,0.7010,-1,-1,-1
160,204,770.56,263.98,208.16,630.14,0.8642,-1,-1,-1
160,207,1140.54,306.47,182.28,506.67,0.8769,-1,-1,-1
160,216,963.55,340.13,90.19,340.52,0.7255,-1,-1,-1
160,221,130.98,291.63,218.22,637.19,0.8640,-1,-1,-1
160,225,655.19,402.14,88.97,230.38,0.6724,-1,-1,-1
160,226,1041.17,377.83,80.15,236.23,0.6979,-1,-1,-1
161,204,771.39,269.13,207.92,628.89,0.8709,-1,-1,-1
161,207,1136.26,306.49,181.32,506.55,0.8782,-1,-1,-1
161,216,957.63,339.27,90.18,341.18,0.6698,-1,-1,-1
161,221,115.77,290.22,224.06,654.35,0.8549,-1,-1,-1
161,225,648.50,399.16,90.79,235.19,0.6919,-1,-1,-1
161,226,1037.79,382.96,78.81,230.01,0.7512,-1,-1,-1
162,204,772.54,271.06,207.21,627.47,0.8824,-1,-1,-1
162,207,1130.36,301.66,181.98,511.70,0.8733,-1,-1,-1
162,216,949.50,337.10,90.53,346.31,0.6473,-1,-1,-1
162,221,99.94,285.08,226.85,661.27,0.8687,-1,-1,-1
162,225,636.70,396.41,90.76,238.70,0.7041,-1,-1,-1
162,226,1031.27,385.76,78.14,226.31,0.7441,-1,-1,-1
163,204,771.58,270.88,206.86,628.52,0.8929,-1,-1,-1
163,207,1123.05,300.34,181.71,512.49,0.8682,-1,-1,-1
163,216,945.15,333.28,91.03,350.57,0.6175,-1,-1,-1
163,221,81.80,284.00,230.74,675.69,0.8466,-1,-1,-1
163,225,628.74,394.91,90.70,240.57,0.7249,-1,-1,-1
163,226,1025.37,387.19,78.21,224.58,0.6823,-1,-1,-1
163,230,725.75,358.12,78.84,280.67,0.6666,-1,-1,-1
164,204,768.29,269.16,205.78,625.73,0.8909,-1,-1,-1
164,207,1116.51,298.33,181.58,511.31,0.8672,-1,-1,-1
164,216,940.79,333.27,90.24,350.56,0.6623,-1,-1,-1
164,221,63.45,282.31,237.46,693.08,0.8834,-1,-1,-1
164,225,619.86,393.04,91.35,243.48,0.7237,-1,-1,-1
164,226,1020.95,389.92,77.00,220.50,0.7023,-1,-1,-1
164,230,716.44,361.66,78.31,278.69,0.6744,-1,-1,-1
165,204,762.83,265.17,205.45,627.15,0.8865,-1,-1,-1
165,207,1109.99,298.80,180.53,507.73,0.8747,-1,-1,-1
165,216,938.68,332.89,88.98,348.45,0.6922,-1,-1,-1
165,221,43.49,280.27,244.19,711.44,0.8713,-1,-1,-1
165,225,610.30,392.77,91.10,244.40,0.6888,-1,-1,-1
165,226,1016.96,391.26,75.88,216.35,0.6871,-1,-1,-1
165,230,709.05,363.91,77.96,277.35,0.7069,-1,-1,-1
166,204,761.27,260.93,205.25,630.10,0.8856,-1,-1,-1
166,207,1104.96,297.64,179.70,503.16,0.8768,-1,-1,-1
166,216,932.72,328.06,89.35,351.67,0.6957,-1,-1,-1
166,221,26.94,278.42,250.06,724.99,0.8876,-1,-1,-1
166,225,604.79,391.38,91.64,246.65,0.7174,-1,-1,-1
166,226,1011.94,390.89,75.59,214.25,0.6685,-1,-1,-1
166,230,704.79,365.26,78.08,277.51,0.7309,-1,-1,-1
167,204,761.15,257.62,204.25,630.78,0.8746,-1,-1,-1
167,207,1099.92,293.73,181.42,504.90,0.8659,-1,-1,-1
167,216,931.29,325.79,88.59,350.51,0.6918,-1,-1,-1
167,221,8.98,274.61,254.28,736.89,0.8650,-1,-1,-1
167,225,599.08,390.01,91.88,248.83,0.7259,-1,-1,-1
167,226,1010.11,395.96,74.26,209.42,0.5622,-1,-1,-1
167,230,701.04,363.15,79.38,280.81,0.7083,-1,-1,-1
168,204,764.77,254.58,200.31,623.37,0.8656,-1,-1,-1
168,207,1095.79,292.06,182.22,504.38,0.8647,-1,-1,-1
168,216,929.29,328.01,88.19,349.56,0.6991,-1,-1,-1
168,221,-1.90,266.86,258.77,750.63,0.8876,-1,-1,-1
168,225,594.77,389.39,91.77,249.47,0.6911,-1,-1,-1
168,226,1006.17,382.24,79.46,225.38,0.6034,-1,-1,-1
168,230,692.00,358.89,81.56,285.46,0.7777,-1,-1,-1
169,204,769.57,250.49,196.51,615.26,0.8632,-1,-1,-1
169,207,1092.27,291.37,182.97,503.20,0.8698,-1,-1,-1
169,216,928.16,328.69,86.67,344.89,0.6958,-1,-1,-1
169,221,-11.27,259.35,261.03,763.20,0.9024,-1,-1,-1
169,225,590.03,387.76,92.52,251.92,0.7353,-1,-1,-1
169,226,1003.86,377.44,80.26,227.69,0.6366,-1,-1,-1
169,230,687.21,356.89,81.83,283.15,0.7693,-1,-1,-1
170,204,771.61,248.35,194.01,611.59,0.8545,-1,-1,-1
170,207,1087.96,290.76,185.02,505.06,0.8706,-1,-1,-1
170,216,926.00,329.15,85.84,343.35,0.6886,-1,-1,-1
170,221,-18.65,252.37,261.93,776.08,0.9022,-1,-1,-1
170,225,584.48,386.80,91.53,252.16,0.6201,-1,-1,-1
170,226,1002.85,373.04,81.34,231.08,0.6332,-1,-1,-1
170,230,682.06,353.51,84.24,286.80,0.7918,-1,-1,-1
171,204,771.44,246.32,193.03,612.88,0.8563,-1,-1,-1
171,207,1084.87,290.38,187.59,508.39,0.8685,-1,-1,-1
171,216,925.24,328.59,86.29,346.48,0.7115,-1,-1,-1
171,221,-24.46,246.79,261.67,789.07,0.9018,-1,-1,-1
171,225,579.41,383.34,93.31,258.05,0.6402,-1,-1,-1
171,226,1002.88,368.41,80.93,230.98,0.6707,-1,-1,-1
171,230,676.29,352.47,87.34,291.12,0.8041,-1,-1,-1
172,204,770.98,246.52,193.14,616.46,0.8505,-1,-1,-1
172,207,1082.27,290.01,189.44,509.15,0.8735,-1,-1,-1
172,216,925.80,335.22,83.78,337.31,0.6798,-1,-1,-1
172,221,-29.58,241.67,259.55,800.07,0.8958,-1,-1,-1
172,225,575.21,383.82,94.75,260.69,0.6855,-1,-1,-1
172,226,1001.16,367.07,80.54,230.38,0.6558,-1,-1,-1
172,230,671.69,350.92,90.56,294.81,0.8317,-1,-1,-1
173,204,770.98,245.34,192.76,619.68,0.8552,-1,-1,-1
173,207,1079.59,289.04,191.28,510.89,0.8676,-1,-1,-1
173,216,924.22,336.17,82.89,335.77,0.6678,-1,-1,-1
173,221,-33.98,236.50,257.63,814.83,0.8878,-1,-1,-1
173,225,569.46,384.85,95.97,261.87,0.7057,-1,-1,-1
173,226,1001.63,370.48,78.50,224.13,0.6627,-1,-1,-1
173,230,669.21,348.33,94.01,298.34,0.8321,-1,-1,-1
174,204,771.06,245.52,192.42,621.97,0.8592,-1,-1,-1
174,207,1080.00,288.64,193.73,514.59,0.8719,-1,-1,-1
174,216,924.61,335.72,82.49,336.27,0.6463,-1,-1,-1
174,221,-36.58,232.12,254.56,827.67,0.8844,-1,-1,-1
174,225,562.10,381.49,97.86,268.13,0.6958,-1,-1,-1
174,226,1000.92,368.12,79.16,226.92,0.6675,-1,-1,-1
174,230,667.52,345.95,97.29,300.97,0.8182,-1,-1,-1
175,204,772.44,246.51,192.17,626.10,0.8637,-1,-1,-1
175,207,1081.71,288.63,196.04,518.72,0.8729,-1,-1,-1
175,216,925.98,331.50,82.96,340.58,0.6395,-1,-1,-1
175,221,-38.18,227.04,250.24,837.94,0.8854,-1,-1,-1
175,225,557.81,379.60,98.98,272.16,0.6820,-1,-1,-1
175,226,1001.15,367.49,79.71,229.65,0.6663,-1,-1,-1
175,230,665.89,344.88,100.70,303.76,0.8186,-1,-1,-1
176,204,775.95,251.38,191.03,627.73,0.8478,-1,-1,-1
176,207,1084.46,289.16,197.17,520.10,0.8721,-1,-1,-1
176,216,927.12,327.25,83.11,345.25,0.6373,-1,-1,-1
176,221,-38.82,225.51,245.09,846.10,0.8836,-1,-1,-1
176,225,554.50,378.52,100.37,275.91,0.7237,-1,-1,-1
176,226,1003.71,365.97,79.71,231.27,0.6799,-1,-1,-1
176,230,663.93,344.75,104.47,309.08,0.8107,-1,-1,-1
177,204,779.16,256.05,189.54,627.25,0.8483,-1,-1,-1
177,207,1087.46,290.07,197.26,518.71,0.8748,-1,-1,-1
177,216,926.33,324.81,81.92,348.11,0.5903,-1,-1,-1
177,221,-40.03,223.92,239.07,853.06,0.8760,-1,-1,-1
177,225,553.24,379.07,100.56,275.87,0.7126,-1,-1,-1
177,226,1005.83,367.17,78.86,229.85,0.6887,-1,-1,-1
177,230,662.74,345.15,107.13,311.34,0.8152,-1,-1,-1
178,204,783.51,260.44,188.14,626.15,0.8574,-1,-1,-1
178,207,1091.24,290.02,199.42,522.77,0.8788,-1,-1,-1
178,216,928.29,326.94,80.24,351.23,0.4079,-1,-1,-1
178,221,-40.26,221.61,232.28,857.50,0.8740,-1,-1,-1
178,225,552.35,379.18,101.14,277.69,0.7328,-1,-1,-1
178,226,1010.08,369.47,78.18,228.98,0.6444,-1,-1,-1
178,230,662.93,347.16,110.30,314.20,0.8253,-1,-1,-1
179,204,786.60,262.74,186.79,624.95,0.8564,-1,-1,-1
179,207,1096.39,288.27,200.73,526.29,0.8803,-1,-1,-1
179,216,926.27,309.40,82.41,365.76,0.5756,-1,-1,-1
179,221,-40.59,224.16,223.51,855.69,0.8739,-1,-1,-1
179,225,551.57,379.16,102.01,280.03,0.7101,-1,-1,-1
179,226,1013.53,373.13,76.62,224.58,0.6751,-1,-1,-1
179,230,662.84,348.66,113.41,315.33,0.8254,-1,-1,-1
180,204,791.91,265.93,184.79,619.38,0.8630,-1,-1,-1
180,207,1102.40,289.69,200.35,524.70,0.8717,-1,-1,-1
180,216,931.50,316.33,78.59,358.09,0.3246,-1,-1,-1
180,221,-40.82,227.90,214.30,852.59,0.8652,-1,-1,-1
180,225,551.52,378.62,103.35,283.41,0.7641,-1,-1,-1
180,226,1017.40,380.77,74.48,218.07,0.6105,-1,-1,-1
180,230,662.19,350.29,115.69,316.25,0.7987,-1,-1,-1
181,204,795.18,266.15,184.47,618.50,0.8678,-1,-1,-1
181,207,1109.13,286.24,200.78,527.03,0.8748,-1,-1,-1
181,216,933.24,312.58,77.17,359.82,0.3641,-1,-1,-1
181,221,-38.05,249.16,201.40,831.33,0.8625,-1,-1,-1
181,225,552.14,380.88,103.63,284.18,0.7259,-1,-1,-1
181,226,1018.48,374.47,76.74,224.89,0.6325,-1,-1,-1
181,230,662.15,350.84,118.85,319.87,0.8163,-1,-1,-1
182,204,796.87,265.71,184.30,617.68,0.8722,-1,-1,-1
182,207,1116.28,285.95,200.41,527.05,0.8726,-1,-1,-1
182,216,936.66,312.84,76.07,360.80,0.4416,-1,-1,-1
182,221,-35.54,275.38,188.01,805.36,0.8565,-1,-1,-1
182,225,553.85,382.36,104.75,286.59,0.7499,-1,-1,-1
182,226,1022.63,377.04,76.13,221.56,0.7335,-1,-1,-1
182,230,661.43,351.16,121.63,323.16,0.8205,-1,-1,-1
183,204,801.89,264.33,183.72,612.58,0.8732,-1,-1,-1
183,207,1125.54,283.44,197.96,522.16,0.8705,-1,-1,-1
183,216,940.70,313.72,74.32,357.16,0.3319,-1,-1,-1
183,221,-34.21,301.85,174.52,777.89,0.8433,-1,-1,-1
183,225,554.50,385.31,105.24,287.23,0.7397,-1,-1,-1
183,226,1026.31,382.25,75.16,216.86,0.6706,-1,-1,-1
183,230,662.53,349.58,124.33,325.04,0.8300,-1,-1,-1
184,204,806.69,264.91,181.83,601.72,0.8759,-1,-1,-1
184,207,1131.16,282.60,196.05,517.69,0.8755,-1,-1,-1
184,216,945.02,307.84,75.26,366.06,0.4225,-1,-1,-1
184,221,-30.54,358.87,155.28,719.59,0.8429,-1,-1,-1
184,225,556.41,388.23,105.26,285.46,0.7550,-1,-1,-1
184,226,1031.21,381.80,76.71,220.34,0.6438,-1,-1,-1
184,230,666.17,348.05,127.02,327.53,0.8309,-1,-1,-1
185,204,808.26,263.17,182.26,598.89,0.8585,-1,-1,-1
185,207,1137.60,282.84,194.52,513.99,0.8707,-1,-1,-1
185,216,952.70,310.65,74.53,364.36,0.6058,-1,-1,-1
185,221,-29.22,384.26,143.58,693.20,0.8066,-1,-1,-1
185,225,559.82,390.02,106.60,286.14,0.7165,-1,-1,-1
185,226,1036.29,384.00,75.99,217.87,0.6756,-1,-1,-1
185,230,668.84,335.17,133.22,343.30,0.8513,-1,-1,-1
186,204,808.56,259.31,184.23,602.72,0.8642,-1,-1,-1
186,207,1144.28,283.86,193.73,514.26,0.8792,-1,-1,-1
186,216,957.83,315.77,73.18,360.78,0.5453,-1,-1,-1
186,221,-26.92,397.20,135.47,679.94,0.7608,-1,-1,-1
186,225,561.72,390.71,108.39,287.91,0.7527,-1,-1,-1
186,226,1039.54,384.04,76.68,218.11,0.6856,-1,-1,-1
186,230,669.39,327.64,137.18,353.53,0.8471,-1,-1,-1
187,204,810.50,255.47,185.51,603.71,0.8674,-1,-1,-1
187,207,1149.92,280.73,194.90,519.09,0.8826,-1,-1,-1
187,216,965.25,337.68,68.03,338.94,0.3711,-1,-1,-1
187,225,562.65,387.43,111.58,293.00,0.7652,-1,-1,-1
187,226,1042.99,380.14,77.50,219.92,0.7038,-1,-1,-1
187,230,671.02,327.49,137.32,353.40,0.8511,-1,-1,-1
188,204,809.51,253.26,187.76,605.84,0.8690,-1,-1,-1
188,207,1152.84,279.37,194.76,520.18,0.8860,-1,-1,-1
188,225,562.64,385.99,113.44,294.44,0.7757,-1,-1,-1
188,226,1041.81,377.88,79.00,222.41,0.7109,-1,-1,-1
188,230,670.23,325.58,137.75,353.95,0.8549,-1,-1,-1
189,204,807.33,252.74,190.13,609.02,0.8673,-1,-1,-1
189,207,1154.85,276.80,194.41,522.78,0.8822,-1,-1,-1
189,225,561.38,383.01,116.31,297.93,0.7088,-1,-1,-1
189,226,1041.27,376.01,79.99,223.66,0.7259,-1,-1,-1
189,230,668.91,324.53,138.96,356.24,0.8495,-1,-1,-1
190,204,807.66,251.67,191.84,612.09,0.8584,-1,-1,-1
190,207,1156.41,275.47,194.61,526.00,0.8806,-1,-1,-1
190,225,559.00,380.77,119.82,301.22,0.7273,-1,-1,-1
190,226,1039.02,376.11,80.64,222.17,0.7129,-1,-1,-1
190,230,669.72,322.88,140.02,359.97,0.8446,-1,-1,-1
191,204,807.80,252.41,193.58,616.46,0.8553,-1,-1,-1
191,207,1157.86,277.06,194.55,528.44,0.8796,-1,-1,-1
191,225,554.52,378.82,122.75,305.03,0.6629,-1,-1,-1
191,226,1038.46,374.58,82.29,224.73,0.6989,-1,-1,-1
191,230,669.48,323.46,140.34,361.98,0.8073,-1,-1,-1
192,204,810.03,257.72,193.73,617.74,0.8579,-1,-1,-1
192,207,1157.57,282.52,193.53,528.42,0.8861,-1,-1,-1
192,225,539.19,377.78,121.52,307.32,0.7031,-1,-1,-1
192,226,1036.90,377.21,82.58,223.38,0.7029,-1,-1,-1
192,230,667.45,324.34,140.68,362.83,0.8327,-1,-1,-1
193,204,810.80,262.43,193.79,617.67,0.8681,-1,-1,-1
193,207,1155.96,284.25,192.87,530.55,0.8836,-1,-1,-1
193,225,538.53,377.11,123.04,309.00,0.6637,-1,-1,-1
193,226,1034.43,376.43,84.04,226.08,0.6982,-1,-1,-1
193,230,663.15,328.14,141.21,361.92,0.7862,-1,-1,-1
194,204,810.08,266.68,193.59,615.19,0.8654,-1,-1,-1
194,207,1153.79,286.83,192.44,533.78,0.8792,-1,-1,-1
194,225,534.84,377.20,125.25,312.65,0.7530,-1,-1,-1
194,226,1035.03,377.67,84.39,226.95,0.7260,-1,-1,-1
194,230,659.32,330.58,142.75,365.05,0.8255,-1,-1,-1
195,204,809.13,272.25,193.75,611.53,0.8796,-1,-1,-1
195,207,1150.43,289.98,191.11,534.52,0.8688,-1,-1,-1
195,225,521.35,379.30,125.26,316.02,0.7483,-1,-1,-1
195,226,1031.56,380.01,84.66,225.92,0.7374,-1,-1,-1
195,230,652.49,335.04,144.60,367.48,0.8444,-1,-1,-1
196,204,805.62,271.66,195.70,614.17,0.8865,-1,-1,-1
196,207,1145.18,293.27,190.35,536.54,0.8562,-1,-1,-1
196,225,512.16,379.47,126.35,321.87,0.7627,-1,-1,-1
196,226,1027.48,382.83,84.91,224.10,0.7186,-1,-1,-1
196,230,648.40,340.19,145.16,367.11,0.8285,-1,-1,-1
197,204,803.25,271.87,197.16,614.90,0.8946,-1,-1,-1
197,207,1140.08,294.72,188.90,536.84,0.8556,-1,-1,-1
197,225,503.70,381.97,126.07,324.09,0.7714,-1,-1,-1
197,226,1024.18,386.79,85.18,222.48,0.7606,-1,-1,-1
197,230,640.56,341.81,146.93,369.74,0.8226,-1,-1,-1
198,204,802.58,273.04,198.32,615.56,0.8890,-1,-1,-1
198,207,1136.41,296.74,185.90,530.30,0.8549,-1,-1,-1
198,225,493.75,384.50,127.26,329.57,0.7919,-1,-1,-1
198,226,1020.25,390.01,85.40,221.25,0.7204,-1,-1,-1
198,230,628.48,343.16,149.77,374.50,0.8376,-1,-1,-1
199,204,806.55,275.68,194.03,600.96,0.8820,-1,-1,-1
199,207,1130.99,297.89,188.24,539.81,0.8627,-1,-1,-1
199,225,486.74,387.40,127.83,332.51,0.8202,-1,-1,-1
199,226,1015.59,395.75,84.43,216.64,0.7434,-1,-1,-1
199,230,614.67,346.91,153.54,381.20,0.8336,-1,-1,-1
200,204,806.73,279.88,191.56,589.54,0.8845,-1,-1,-1
200,207,1125.12,299.43,188.35,541.50,0.8619,-1,-1,-1
200,225,480.37,391.73,129.42,335.86,0.7002,-1,-1,-1
200,226,1013.00,403.82,82.83,211.00,0.6664,-1,-1,-1
200,230,608.57,348.91,154.26,383.85,0.8438,-1,-1,-1
201,204,804.35,281.26,191.46,588.12,0.8868,-1,-1,-1
201,207,1119.74,303.05,186.20,534.22,0.8699,-1,-1,-1
201,225,466.28,394.98,128.01,335.50,0.7716,-1,-1,-1
201,226,1008.12,397.64,85.39,219.14,0.7350,-1,-1,-1
201,230,592.69,348.23,155.79,384.78,0.7975,-1,-1,-1
202,204,799.34,281.77,192.49,591.00,0.8919,-1,-1,-1
202,207,1114.43,304.29,186.14,532.62,0.8721,-1,-1,-1
202,225,458.98,398.66,128.29,335.65,0.8075,-1,-1,-1
202,226,1005.00,403.43,83.68,215.65,0.6839,-1,-1,-1
202,230,584.22,347.12,157.06,389.06,0.8090,-1,-1,-1
203,204,797.68,282.38,192.63,593.59,0.8817,-1,-1,-1
203,207,1110.37,304.90,186.70,532.20,0.8731,-1,-1,-1
203,225,439.87,397.60,128.81,342.95,0.6158,-1,-1,-1
203,226,1001.36,407.83,83.34,215.09,0.7236,-1,-1,-1
203,230,577.25,345.35,159.27,395.60,0.8280,-1,-1,-1
204,204,799.10,284.57,191.47,595.26,0.8649,-1,-1,-1
204,207,1106.89,304.38,186.86,531.25,0.8712,-1,-1,-1
204,225,437.12,398.86,131.31,346.35,0.7255,-1,-1,-1
204,226,1000.61,412.08,83.14,216.31,0.7367,-1,-1,-1
204,230,571.26,344.95,159.85,397.86,0.8171,-1,-1,-1
205,204,799.67,286.24,190.33,597.00,0.8644,-1,-1,-1
205,207,1105.27,304.29,187.08,530.08,0.8741,-1,-1,-1
205,225,430.65,399.38,133.62,348.96,0.7800,-1,-1,-1
205,226,999.51,414.15,82.02,214.89,0.7010,-1,-1,-1
205,230,562.44,344.11,160.07,400.37,0.8010,-1,-1,-1
205,234,758.26,397.70,69.43,244.27,0.6578,-1,-1,-1
206,204,799.85,287.86,189.09,598.73,0.8670,-1,-1,-1
206,207,1104.05,306.56,188.60,531.13,0.8667,-1,-1,-1
206,225,424.58,397.99,136.46,352.50,0.7962,-1,-1,-1
206,226,998.62,415.92,80.82,212.11,0.6888,-1,-1,-1
206,230,556.14,343.15,161.12,404.51,0.8320,-1,-1,-1
206,234,755.98,396.72,70.51,248.18,0.6906,-1,-1,-1
207,204,800.26,289.34,187.30,598.46,0.8645,-1,-1,-1
207,207,1102.18,307.79,190.68,533.00,0.8681,-1,-1,-1
207,225,416.97,396.31,138.83,356.13,0.8315,-1,-1,-1
207,226,997.92,415.41,81.03,213.56,0.6986,-1,-1,-1
207,230,550.76,343.93,162.12,406.99,0.8532,-1,-1,-1
207,234,754.35,396.06,70.72,248.81,0.6905,-1,-1,-1
208,204,800.86,290.30,185.46,598.06,0.8560,-1,-1,-1
208,207,1100.27,305.69,193.83,537.90,0.8680,-1,-1,-1
208,225,407.39,395.49,140.13,358.52,0.8411,-1,-1,-1
208,226,999.37,411.90,80.01,212.20,0.7247,-1,-1,-1
208,230,544.53,338.36,164.23,413.16,0.8587,-1,-1,-1
208,234,753.68,394.19,71.20,250.46,0.6877,-1,-1,-1
209,204,800.75,291.58,183.99,598.09,0.8554,-1,-1,-1
209,207,1100.13,305.61,196.25,540.91,0.8675,-1,-1,-1
209,225,401.36,392.73,142.12,362.21,0.8272,-1,-1,-1
209,226,999.11,406.29,80.70,215.49,0.7160,-1,-1,-1
209,230,539.23,336.30,167.33,419.26,0.8638,-1,-1,-1
209,234,752.61,393.97,71.41,251.86,0.6307,-1,-1,-1
210,204,800.04,294.25,182.80,597.50,0.8648,-1,-1,-1
210,207,1101.26,308.02,197.53,540.52,0.8719,-1,-1,-1
210,225,393.90,390.47,143.82,365.75,0.8246,-1,-1,-1
210,226,999.55,404.98,80.66,216.16,0.5573,-1,-1,-1
210,230,534.90,338.51,169.53,422.61,0.8501,-1,-1,-1
210,234,748.95,392.98,72.12,254.44,0.6420,-1,-1,-1
211,204,799.48,294.51,182.67,599.88,0.8701,-1,-1,-1
211,207,1101.06,309.75,199.83,543.94,0.8726,-1,-1,-1
211,225,386.32,389.70,144.92,367.70,0.8250,-1,-1,-1
211,226,1001.84,414.97,76.75,206.03,0.5491,-1,-1,-1
211,230,525.48,331.80,176.23,437.21,0.8324,-1,-1,-1
211,234,745.68,393.60,72.90,257.42,0.6483,-1,-1,-1
212,204,797.98,293.28,182.92,600.27,0.8608,-1,-1,-1
212,207,1101.26,313.57,200.59,542.09,0.8651,-1,-1,-1
212,225,376.23,389.47,147.14,374.54,0.8260,-1,-1,-1
212,226,998.97,408.10,79.79,214.82,0.6687,-1,-1,-1
212,230,514.36,331.03,181.82,446.42,0.8214,-1,-1,-1
212,234,743.32,394.65,73.46,259.00,0.6523,-1,-1,-1
213,204,794.83,293.77,182.95,600.25,0.8643,-1,-1,-1
213,207,1100.02,312.20,202.81,545.47,0.8610,-1,-1,-1
213,225,368.05,390.31,150.76,384.07,0.8420,-1,-1,-1
213,226,996.28,404.42,81.65,219.95,0.7168,-1,-1,-1
213,230,510.89,337.30,182.77,446.06,0.8368,-1,-1,-1
213,234,739.08,396.02,74.16,262.61,0.6698,-1,-1,-1
214,204,793.41,297.75,181.24,592.99,0.8605,-1,-1,-1
214,207,1100.22,317.26,203.81,545.56,0.8704,-1,-1,-1
214,225,362.30,395.03,152.87,390.14,0.8434,-1,-1,-1
214,226,995.75,409.15,81.70,219.47,0.7440,-1,-1,-1
214,230,507.58,341.86,184.69,448.97,0.8454,-1,-1,-1
214,234,737.01,400.94,73.46,261.25,0.6716,-1,-1,-1
215,204,792.63,295.25,180.02,585.58,0.8647,-1,-1,-1
215,207,1101.20,314.79,206.59,552.68,0.8721,-1,-1,-1
215,225,356.97,396.31,154.65,395.99,0.8482,-1,-1,-1
215,226,995.46,407.49,82.89,221.84,0.7162,-1,-1,-1
215,230,504.53,341.64,187.79,455.11,0.8642,-1,-1,-1
215,234,735.77,401.34,72.98,260.88,0.6939,-1,-1,-1
216,204,791.40,292.98,181.59,586.98,0.8661,-1,-1,-1
216,207,1105.69,312.16,207.69,558.04,0.8832,-1,-1,-1
216,225,353.00,396.97,156.21,401.84,0.8468,-1,-1,-1
216,226,1000.54,412.04,81.28,217.83,0.7528,-1,-1,-1
216,230,500.26,338.60,191.70,464.78,0.8712,-1,-1,-1
216,234,737.17,400.95,72.30,259.97,0.6173,-1,-1,-1
217,204,791.06,291.39,183.18,588.27,0.8724,-1,-1,-1
217,207,1110.95,310.10,207.67,559.73,0.8829,-1,-1,-1
217,225,350.90,397.71,156.18,403.43,0.8455,-1,-1,-1
217,226,1005.33,416.13,80.36,215.04,0.7733,-1,-1,-1
217,230,497.85,335.05,194.71,473.07,0.8698,-1,-1,-1
217,234,738.61,399.27,73.30,265.58,0.6353,-1,-1,-1
218,204,793.40,290.53,184.83,590.63,0.8777,-1,-1,-1
218,207,1118.14,312.13,205.02,554.77,0.8742,-1,-1,-1
218,225,350.55,397.54,158.28,408.99,0.8515,-1,-1,-1
218,226,1010.04,422.04,78.55,209.52,0.7528,-1,-1,-1
218,230,496.57,328.75,197.73,483.13,0.8720,-1,-1,-1
218,234,741.61,397.97,73.61,269.63,0.6781,-1,-1,-1
219,204,797.16,290.81,186.10,591.82,0.8762,-1,-1,-1
219,207,1125.82,313.28,202.54,549.49,0.8746,-1,-1,-1
219,225,351.83,397.17,160.85,414.26,0.8510,-1,-1,-1
219,226,1014.54,420.82,80.47,214.62,0.7159,-1,-1,-1
219,230,498.79,325.13,198.88,488.60,0.8773,-1,-1,-1
219,234,744.87,398.01,73.77,272.61,0.6841,-1,-1,-1
220,204,798.54,294.44,187.47,592.63,0.8704,-1,-1,-1
220,207,1132.33,314.21,201.20,546.93,0.8721,-1,-1,-1
220,225,352.83,395.89,162.71,417.53,0.8581,-1,-1,-1
220,226,1018.75,420.22,81.00,216.05,0.7220,-1,-1,-1
220,230,501.53,323.16,199.25,492.33,0.8668,-1,-1,-1
220,234,747.88,398.51,73.86,273.31,0.6722,-1,-1,-1
221,204,804.04,297.23,189.16,594.78,0.8588,-1,-1,-1
221,207,1141.60,314.78,200.79,546.15,0.8733,-1,-1,-1
221,225,352.53,391.79,165.48,423.15,0.8507,-1,-1,-1
221,226,1024.17,422.57,80.62,214.94,0.7112,-1,-1,-1
221,230,502.64,319.45,200.06,497.35,0.8653,-1,-1,-1
221,234,751.92,397.19,74.76,276.41,0.7016,-1,-1,-1
221,235,665.85,404.36,62.49,184.23,0.5404,-1,-1,-1
222,204,808.47,299.48,190.46,597.27,0.8566,-1,-1,-1
222,207,1149.72,317.44,199.95,545.90,0.8892,-1,-1,-1
222,225,351.52,388.22,167.91,428.09,0.8545,-1,-1,-1
222,226,1026.02,423.65,81.75,216.22,0.7122,-1,-1,-1
222,230,503.45,316.24,201.05,502.96,0.8747,-1,-1,-1
222,234,756.25,397.12,75.48,278.06,0.7172,-1,-1,-1
222,235,669.12,406.13,63.68,187.46,0.5041,-1,-1,-1
223,204,815.43,302.11,190.40,596.62,0.8708,-1,-1,-1
223,207,1156.91,317.72,199.49,547.39,0.8806,-1,-1,-1
223,225,349.76,386.32,169.71,431.03,0.8504,-1,-1,-1
223,226,1031.22,421.93,82.12,218.52,0.7051,-1,-1,-1
223,230,505.17,313.30,200.70,504.09,0.8739,-1,-1,-1
223,234,759.86,396.18,76.25,279.61,0.7202,-1,-1,-1
223,235,671.27,406.91,64.83,190.38,0.5440,-1,-1,-1
224,204,822.45,304.61,190.15,594.50,0.8797,-1,-1,-1
224,207,1162.45,313.73,200.38,553.35,0.8861,-1,-1,-1
224,225,348.08,385.20,170.64,432.49,0.8485,-1,-1,-1
224,226,1036.31,419.98,82.18,219.07,0.7568,-1,-1,-1
224,230,504.52,307.09,203.18,512.23,0.8765,-1,-1,-1
224,234,762.18,393.83,78.06,284.49,0.8185,-1,-1,-1
224,235,672.82,406.62,66.58,195.23,0.4122,-1,-1,-1
225,204,829.08,304.57,190.96,593.90,0.8805,-1,-1,-1
225,207,1169.33,313.90,199.75,554.79,0.8826,-1,-1,-1
225,225,345.68,384.40,171.41,435.38,0.8530,-1,-1,-1
225,226,1039.15,420.93,81.45,216.83,0.7665,-1,-1,-1
225,230,503.14,301.78,206.83,523.12,0.8707,-1,-1,-1
225,234,764.32,393.37,79.60,286.58,0.8125,-1,-1,-1
225,235,673.17,405.04,68.54,201.00,0.5329,-1,-1,-1
226,204,837.44,303.08,190.08,589.21,0.8722,-1,-1,-1
226,207,1173.49,313.73,199.35,557.30,0.8712,-1,-1,-1
226,225,340.60,382.46,172.47,438.55,0.8617,-1,-1,-1
226,226,1040.31,422.45,80.74,214.19,0.7551,-1,-1,-1
226,230,498.81,300.16,210.06,531.86,0.8716,-1,-1,-1
226,234,766.07,393.57,81.42,288.04,0.7940,-1,-1,-1
226,235,672.49,405.30,72.15,211.77,0.6472,-1,-1,-1
227,204,841.97,302.19,188.79,582.01,0.8734,-1,-1,-1
227,207,1177.68,314.48,198.67,558.34,0.8638,-1,-1,-1
227,225,333.50,379.66,175.24,446.95,0.8501,-1,-1,-1
227,226,1043.84,425.73,79.82,209.80,0.7622,-1,-1,-1
227,230,492.77,296.75,214.51,543.88,0.8763,-1,-1,-1
227,234,764.72,393.46,83.89,290.25,0.7859,-1,-1,-1
227,235,672.02,403.87,74.09,217.65,0.6699,-1,-1,-1
228,204,843.09,299.94,192.19,592.11,0.8665,-1,-1,-1
228,207,1179.71,315.22,198.87,562.51,0.8641,-1,-1,-1
228,225,324.68,373.90,178.35,459.64,0.8496,-1,-1,-1
228,226,1045.46,422.10,81.26,212.59,0.7658,-1,-1,-1
228,230,482.09,292.56,219.36,552.94,0.8746,-1,-1,-1
228,234,764.17,393.21,86.56,292.93,0.7976,-1,-1,-1
228,235,669.48,401.68,76.85,225.40,0.6484,-1,-1,-1
229,204,846.99,297.71,192.00,592.56,0.8580,-1,-1,-1
229,207,1180.30,316.29,198.52,564.93,0.8665,-1,-1,-1
229,225,314.69,370.00,180.73,471.10,0.8458,-1,-1,-1
229,226,1047.52,421.26,81.48,212.85,0.7604,-1,-1,-1
229,230,475.93,290.60,221.50,556.67,0.8691,-1,-1,-1
229,234,762.71,393.48,88.88,295.84,0.8026,-1,-1,-1
229,235,666.47,401.13,78.01,228.04,0.6377,-1,-1,-1
230,204,853.06,297.49,189.55,585.61,0.8512,-1,-1,-1
230,207,1181.42,316.75,197.56,565.42,0.8679,-1,-1,-1
230,225,305.80,370.45,183.44,480.58,0.8696,-1,-1,-1
230,226,1048.29,419.90,82.09,215.06,0.7609,-1,-1,-1
230,230,463.52,289.98,226.96,566.09,0.8506,-1,-1,-1
230,234,761.70,395.15,90.59,297.57,0.8083,-1,-1,-1
230,235,663.04,398.84,79.99,232.36,0.6842,-1,-1,-1
231,204,859.00,298.30,186.59,578.01,0.8567,-1,-1,-1
231,207,1181.40,316.27,197.14,567.27,0.8617,-1,-1,-1
231,225,294.35,374.06,183.73,482.76,0.8452,-1,-1,-1
231,226,1047.82,417.82,82.86,217.83,0.7491,-1,-1,-1
231,230,453.60,288.33,233.54,578.90,0.8316,-1,-1,-1
231,234,760.69,395.52,92.37,300.15,0.8188,-1,-1,-1
231,235,658.35,397.93,84.12,242.84,0.6946,-1,-1,-1
232,204,861.40,298.57,185.06,574.96,0.8496,-1,-1,-1
232,207,1179.97,316.45,197.03,570.13,0.8625,-1,-1,-1
232,225,276.96,372.94,186.49,492.53,0.8270,-1,-1,-1
232,226,1046.09,420.69,81.90,215.83,0.7542,-1,-1,-1
232,230,443.39,287.03,237.92,588.43,0.8571,-1,-1,-1
232,234,756.69,398.87,93.56,300.85,0.8368,-1,-1,-1
232,235,650.44,398.19,90.41,260.87,0.7757,-1,-1,-1
232,237,1850.05,402.55,67.73,90.77,0.5292,-1,-1,-1
233,204,857.89,300.76,186.39,580.26,0.8623,-1,-1,-1
233,207,1177.33,317.78,198.00,575.48,0.8611,-1,-1,-1
233,225,258.83,370.90,191.93,506.74,0.8721,-1,-1,-1
233,226,1043.04,421.68,82.65,218.71,0.7542,-1,-1,-1
233,230,430.34,284.68,243.82,602.84,0.8819,-1,-1,-1
233,234,746.91,396.34,96.70,305.83,0.8272,-1,-1,-1
233,235,640.69,403.04,95.29,275.29,0.7755,-1,-1,-1
233,237,1849.78,407.02,66.29,88.81,0.5331,-1,-1,-1
234,204,856.91,302.48,187.03,583.32,0.8706,-1,-1,-1
234,207,1174.11,320.71,197.74,575.71,0.8715,-1,-1,-1
234,225,246.38,368.48,195.97,519.50,0.8781,-1,-1,-1
234,226,1038.69,425.11,82.42,218.36,0.7213,-1,-1,-1
234,230,413.62,281.11,248.06,614.87,0.8917,-1,-1,-1
234,234,741.38,392.89,99.22,311.22,0.8215,-1,-1,-1
234,235,632.79,403.42,98.71,285.79,0.7805,-1,-1,-1
234,237,1849.74,411.90,63.93,85.52,0.4891,-1,-1,-1
235,204,855.76,303.86,187.81,586.84,0.8744,-1,-1,-1
235,207,1167.41,321.10,198.43,577.40,0.8778,-1,-1,-1
235,225,230.84,364.94,199.50,531.68,0.8850,-1,-1,-1
235,226,1037.02,426.37,81.86,217.67,0.7092,-1,-1,-1
235,230,397.63,274.70,251.94,625.55,0.8765,-1,-1,-1
235,234,731.53,391.83,101.24,314.22,0.8083,-1,-1,-1
235,235,624.91,404.28,100.15,291.32,0.7867,-1,-1,-1
235,237,1850.14,414.02,64.05,85.68,0.4453,-1,-1,-1
236,204,855.12,306.41,187.74,588.88,0.8761,-1,-1,-1
236,207,1162.25,322.85,199.03,577.38,0.8717,-1,-1,-1
236,225,217.48,363.07,201.01,537.42,0.8437,-1,-1,-1
236,226,1034.45,428.31,81.04,215.02,0.6683,-1,-1,-1
236,230,383.44,270.25,254.49,635.25,0.8691,-1,-1,-1
236,234,726.13,392.01,103.16,318.43,0.7960,-1,-1,-1
236,235,614.99,405.32,103.35,301.46,0.8305,-1,-1,-1
236,237,1850.73,416.14,63.83,85.30,0.5014,-1,-1,-1
237,204,855.02,310.45,186.77,588.99,0.8785,-1,-1,-1
237,207,1159.62,324.58,198.69,573.07,0.8788,-1,-1,-1
237,225,203.80,361.09,202.92,543.66,0.8654,-1,-1,-1
237,226,1033.26,428.18,81.65,218.18,0.6896,-1,-1,-1
237,230,371.08,266.31,256.19,643.10,0.8657,-1,-1,-1
237,234,718.03,392.84,105.65,321.90,0.7992,-1,-1,-1
237,235,606.93,406.10,104.53,306.44,0.7909,-1,-1,-1
237,237,1849.97,416.98,65.25,87.13,0.5012,-1,-1,-1
238,204,853.50,312.47,186.28,591.61,0.8762,-1,-1,-1
238,207,1157.03,328.06,198.23,566.69,0.8780,-1,-1,-1
238,225,188.51,354.07,206.33,555.40,0.8589,-1,-1,-1
238,226,1033.00,427.67,81.87,221.01,0.5363,-1,-1,-1
238,230,354.56,261.20,259.21,655.98,0.8688,-1,-1,-1
238,234,715.70,389.73,107.59,326.36,0.8140,-1,-1,-1
238,235,599.79,406.31,105.26,308.99,0.7959,-1,-1,-1
238,237,1847.62,417.08,67.63,90.30,0.5427,-1,-1,-1
239,204,852.14,316.98,184.94,591.14,0.8674,-1,-1,-1
239,207,1153.78,328.25,199.07,564.97,0.8812,-1,-1,-1
239,225,171.89,350.58,208.15,564.76,0.8871,-1,-1,-1
239,226,1028.73,427.36,81.94,224.31,0.5558,-1,-1,-1
239,230,338.30,257.79,261.46,662.96,0.8638,-1,-1,-1
239,234,708.50,388.19,109.90,330.57,0.8319,-1,-1,-1
239,235,592.32,405.50,106.40,313.78,0.7616,-1,-1,-1
239,237,1846.49,418.70,68.03,91.03,0.5648,-1,-1,-1
240,204,847.16,321.44,183.23,590.14,0.8587,-1,-1,-1
240,207,1146.86,327.97,201.59,567.13,0.8883,-1,-1,-1
240,225,153.06,346.60,211.06,574.40,0.8435,-1,-1,-1
240,226,1026.96,431.76,82.10,227.21,0.5879,-1,-1,-1
240,230,319.71,253.30,266.42,671.07,0.8766,-1,-1,-1
240,234,702.42,387.91,111.89,334.31,0.8188,-1,-1,-1
240,235,586.69,406.65,106.67,316.04,0.7664,-1,-1,-1
240,237,1842.60,420.80,68.82,92.13,0.5892,-1,-1,-1
241,204,840.94,323.35,181.69,589.69,0.8660,-1,-1,-1
241,207,1140.73,327.20,203.95,570.06,0.8764,-1,-1,-1
241,225,137.06,346.47,211.36,576.05,0.8463,-1,-1,-1
241,226,1021.11,428.85,81.88,226.81,0.4998,-1,-1,-1
241,230,305.26,250.28,268.75,678.05,0.8830,-1,-1,-1
241,234,696.94,389.03,113.18,335.60,0.8160,-1,-1,-1
241,235,577.70,407.00,108.37,322.92,0.8254,-1,-1,-1
241,237,1841.62,423.69,67.21,89.77,0.4500,-1,-1,-1
242,204,832.67,324.50,180.35,588.92,0.8503,-1,-1,-1
242,207,1136.30,328.29,205.16,570.37,0.8684,-1,-1,-1
242,225,111.95,341.50,217.34,588.34,0.8461,-1,-1,-1
242,226,1013.27,425.84,83.02,231.51,0.5242,-1,-1,-1
242,230,287.43,246.08,275.02,692.84,0.8867,-1,-1,-1
242,234,688.62,389.41,114.84,338.29,0.8128,-1,-1,-1
242,235,568.48,405.05,109.64,328.65,0.8342,-1,-1,-1
242,237,1834.63,422.83,69.96,92.80,0.4364,-1,-1,-1
243,204,825.01,321.24,180.35,591.03,0.8415,-1,-1,-1
243,207,1130.15,329.34,206.32,571.49,0.8706,-1,-1,-1
243,225,90.65,338.69,221.65,597.14,0.8168,-1,-1,-1
243,226,1006.46,426.21,84.99,239.29,0.5489,-1,-1,-1
243,230,262.61,241.74,285.30,713.97,0.8871,-1,-1,-1
243,234,682.11,389.43,116.19,342.59,0.8159,-1,-1,-1
243,235,557.70,403.55,111.08,332.13,0.8132,-1,-1,-1
243,237,1828.28,421.97,70.84,93.95,0.5534,-1,-1,-1
244,204,817.25,318.98,180.40,591.72,0.8400,-1,-1,-1
244,207,1123.81,331.75,207.20,571.42,0.8609,-1,-1,-1
244,225,67.98,336.15,230.33,620.97,0.8239,-1,-1,-1
244,226,1003.52,426.18,83.65,236.76,0.6817,-1,-1,-1
244,230,233.35,237.27,301.20,748.26,0.8653,-1,-1,-1
244,234,675.69,391.57,116.18,343.31,0.8387,-1,-1,-1
244,235,546.56,401.33,113.27,338.41,0.7690,-1,-1,-1
244,237,1824.79,422.13,70.16,92.92,0.5685,-1,-1,-1
245,204,808.11,317.82,179.88,587.97,0.8471,-1,-1,-1
245,207,1118.94,332.93,207.98,571.51,0.8653,-1,-1,-1
245,225,38.58,335.21,237.05,633.81,0.8574,-1,-1,-1
245,226,999.95,416.89,84.23,241.01,0.5797,-1,-1,-1
245,230,215.94,235.65,305.37,752.05,0.8578,-1,-1,-1
245,234,668.14,392.86,117.15,345.80,0.8310,-1,-1,-1
245,235,534.40,399.56,115.46,345.21,0.7877,-1,-1,-1
245,237,1821.36,422.47,69.88,92.74,0.5657,-1,-1,-1
246,204,801.54,317.22,179.24,580.70,0.8483,-1,-1,-1
246,207,1114.41,333.54,209.39,573.02,0.8730,-1,-1,-1
246,225,17.74,333.83,240.95,643.44,0.8508,-1,-1,-1
246,226,996.56,417.89,81.62,235.18,0.6104,-1,-1,-1
246,230,193.38,232.79,321.63,788.82,0.8850,-1,-1,-1
246,234,657.53,392.42,119.54,351.90,0.8207,-1,-1,-1
246,235,524.13,397.99,117.74,350.75,0.8030,-1,-1,-1
246,237,1817.86,422.58,69.39,92.27,0.5318,-1,-1,-1
247,204,796.94,317.08,179.90,577.42,0.8436,-1,-1,-1
247,207,1110.39,335.22,210.63,573.55,0.8730,-1,-1,-1
247,225,0.11,334.67,245.56,655.92,0.8650,-1,-1,-1
247,226,994.05,427.06,78.10,225.62,0.5127,-1,-1,-1
247,230,166.21,230.01,333.38,810.36,0.8750,-1,-1,-1
247,234,650.18,393.07,121.32,355.43,0.8231,-1,-1,-1
247,235,514.06,398.18,120.04,358.52,0.7666,-1,-1,-1
247,237,1812.15,421.45,69.70,92.61,0.5252,-1,-1,-1
248,204,793.46,319.31,181.99,576.91,0.8275,-1,-1,-1
248,207,1104.67,335.92,213.90,580.62,0.8771,-1,-1,-1
248,225,-11.83,334.72,250.60,674.76,0.8501,-1,-1,-1
248,226,988.92,425.81,80.38,235.07,0.4317,-1,-1,-1
248,230,138.84,228.89,340.67,815.67,0.8776,-1,-1,-1
248,234,642.63,396.03,122.60,358.37,0.7830,-1,-1,-1
248,235,503.91,399.24,121.89,366.15,0.8087,-1,-1,-1
248,237,1811.71,424.56,68.29,92.09,0.3505,-1,-1,-1
249,204,786.23,321.98,183.40,577.88,0.8299,-1,-1,-1
249,207,1102.26,338.08,215.79,585.21,0.8771,-1,-1,-1
249,225,-24.42,347.13,249.76,685.90,0.8293,-1,-1,-1
249,226,984.29,435.13,81.50,241.49,0.3219,-1,-1,-1
249,230,113.61,225.68,351.79,834.84,0.8827,-1,-1,-1
249,234,635.06,395.80,125.69,365.86,0.7800,-1,-1,-1
249,235,495.98,401.89,124.78,375.65,0.7966,-1,-1,-1
249,237,1806.93,425.39,68.17,91.50,0.4912,-1,-1,-1
250,204,780.82,322.03,185.65,581.73,0.8366,-1,-1,-1
250,207,1101.14,339.37,217.00,588.34,0.8789,-1,-1,-1
250,225,-36.07,344.17,252.79,714.55,0.8306,-1,-1,-1
250,230,93.11,221.46,360.11,849.04,0.8587,-1,-1,-1
250,234,629.88,396.12,128.07,371.86,0.8157,-1,-1,-1
250,235,489.98,405.13,125.92,380.79,0.7876,-1,-1,-1
250,237,1808.40,426.68,67.48,90.77,0.3874,-1,-1,-1
250,238,940.42,371.87,66.75,378.91,0.5598,-1,-1,-1
251,204,777.71,325.56,187.37,584.76,0.8484,-1,-1,-1
251,207,1101.11,339.18,218.03,591.64,0.8795,-1,-1,-1
251,225,-41.72,340.45,250.08,729.60,0.8394,-1,-1,-1
251,230,76.78,217.25,365.35,859.26,0.8853,-1,-1,-1
251,234,626.28,397.80,129.87,375.92,0.8166,-1,-1,-1
251,235,485.38,410.21,126.80,383.10,0.8384,-1,-1,-1
251,237,1809.72,428.71,66.29,88.46,0.3562,-1,-1,-1
251,238,939.72,371.68,67.28,381.98,0.4813,-1,-1,-1
252,204,774.39,328.41,188.94,589.50,0.8512,-1,-1,-1
252,207,1101.79,341.06,218.13,592.30,0.8808,-1,-1,-1
252,225,-46.03,338.75,243.28,736.12,0.8276,-1,-1,-1
252,230,64.58,211.94,368.27,866.75,0.8886,-1,-1,-1
252,234,618.29,399.31,132.68,379.92,0.8205,-1,-1,-1
252,235,479.73,413.26,127.94,384.87,0.8333,-1,-1,-1
252,237,1810.56,430.17,67.20,88.17,0.3158,-1,-1,-1
252,238,939.99,363.17,69.53,393.67,0.4311,-1,-1,-1
253,204,772.64,330.02,190.67,595.05,0.8523,-1,-1,-1
253,207,1104.78,341.21,218.65,595.07,0.8716,-1,-1,-1
253,225,-50.28,336.29,235.16,742.21,0.8348,-1,-1,-1
253,230,57.22,204.16,368.18,870.64,0.9057,-1,-1,-1
253,234,611.62,398.16,134.82,380.28,0.8347,-1,-1,-1
253,235,474.68,413.25,130.33,390.20,0.8361,-1,-1,-1
253,237,1813.15,428.51,68.00,88.73,0.3173,-1,-1,-1
253,238,938.95,368.90,68.94,387.89,0.4849,-1,-1,-1
254,204,773.94,333.39,191.24,595.82,0.8485,-1,-1,-1
254,207,1107.54,340.48,217.51,593.60,0.8703,-1,-1,-1
254,225,-52.21,336.21,224.58,742.01,0.8302,-1,-1,-1
254,230,42.64,198.15,368.85,875.84,0.9119,-1,-1,-1
254,234,609.28,398.86,137.00,381.53,0.8475,-1,-1,-1
254,235,470.12,415.75,132.38,395.81,0.8382,-1,-1,-1
254,237,1818.44,426.53,64.98,83.83,0.3260,-1,-1,-1
254,238,957.71,384.74,69.26,378.04,0.6339,-1,-1,-1
255,204,778.02,337.91,191.69,594.31,0.8591,-1,-1,-1
255,207,1112.08,339.11,216.57,591.65,0.8780,-1,-1,-1
255,225,-55.21,333.91,214.06,744.78,0.7595,-1,-1,-1
255,230,27.66,190.11,372.11,885.38,0.9113,-1,-1,-1
255,234,607.24,399.45,139.77,384.39,0.8397,-1,-1,-1
255,235,467.31,416.48,134.02,400.73,0.8348,-1,-1,-1
255,237,1821.86,424.49,69.17,88.68,0.4643,-1,-1,-1
255,238,967.77,394.42,70.87,371.79,0.6908,-1,-1,-1
256,204,783.43,344.56,190.70,590.50,0.8654,-1,-1,-1
256,207,1118.55,340.95,214.89,586.42,0.8771,-1,-1,-1
256,225,-56.31,333.71,202.15,743.02,0.7023,-1,-1,-1
256,230,12.80,180.75,376.77,896.83,0.9073,-1,-1,-1
256,234,604.86,401.34,143.22,388.14,0.8377,-1,-1,-1
256,235,465.58,416.25,136.46,407.01,0.8295,-1,-1,-1
256,237,1825.75,424.60,72.45,91.44,0.5408,-1,-1,-1
256,238,974.56,397.27,74.14,371.69,0.6646,-1,-1,-1
257,204,789.80,350.49,189.47,584.90,0.8738,-1,-1,-1
257,207,1125.43,341.80,213.20,581.48,0.8827,-1,-1,-1
257,230,3.54,178.67,375.92,894.83,0.9080,-1,-1,-1
257,234,601.72,401.19,147.39,395.45,0.8299,-1,-1,-1
257,235,463.65,416.17,138.40,412.14,0.8237,-1,-1,-1
257,237,1831.14,425.54,73.56,92.46,0.3610,-1,-1,-1
257,238,981.09,416.43,74.62,355.02,0.5346,-1,-1,-1
258,204,795.05,351.03,189.46,584.64,0.8659,-1,-1,-1
258,207,1131.25,341.16,212.88,581.10,0.8779,-1,-1,-1
258,230,-3.65,174.04,376.87,897.55,0.9188,-1,-1,-1
258,234,598.41,401.10,151.63,403.57,0.8384,-1,-1,-1
258,235,461.47,414.21,139.34,415.51,0.8268,-1,-1,-1
258,237,1831.54,422.61,76.75,95.18,0.4481,-1,-1,-1
258,238,987.04,436.06,74.45,335.24,0.5035,-1,-1,-1
259,204,798.82,351.45,190.08,586.31,0.8702,-1,-1,-1
259,207,1135.73,340.93,212.52,581.18,0.8936,-1,-1,-1
259,230,-8.01,168.81,378.19,902.07,0.9223,-1,-1,-1
259,234,594.81,403.86,153.57,403.65,0.8511,-1,-1,-1
259,235,457.29,411.39,139.45,416.29,0.8326,-1,-1,-1
259,237,1841.79,422.00,75.46,94.35,0.4239,-1,-1,-1
259,238,987.78,431.76,79.15,340.45,0.5845,-1,-1,-1
260,204,803.33,349.53,190.71,587.87,0.8502,-1,-1,-1
260,207,1140.08,340.41,213.32,585.93,0.8958,-1,-1,-1
260,230,-11.77,160.83,380.39,910.79,0.9303,-1,-1,-1
260,234,592.10,408.01,155.49,403.24,0.8414,-1,-1,-1
260,235,452.61,408.75,141.29,421.37,0.8239,-1,-1,-1
260,237,1847.35,423.01,74.28,93.80,0.3695,-1,-1,-1
260,238,995.17,433.91,80.93,336.41,0.5952,-1,-1,-1
261,204,812.21,345.99,187.44,578.73,0.8507,-1,-1,-1
261,207,1143.19,340.45,213.26,588.47,0.9040,-1,-1,-1
261,230,-15.70,152.20,382.21,921.08,0.9334,-1,-1,-1
261,234,590.35,410.35,157.76,405.99,0.8246,-1,-1,-1
261,235,449.20,405.49,142.78,425.37,0.8192,-1,-1,-1
261,237,1849.64,423.79,73.92,94.41,0.3948,-1,-1,-1
261,238,995.80,433.68,84.42,338.58,0.6731,-1,-1,-1
262,204,818.75,343.28,184.71,571.18,0.8614,-1,-1,-1
262,207,1146.42,339.92,213.01,590.57,0.9056,-1,-1,-1
262,230,-19.98,143.98,382.50,930.33,0.9328,-1,-1,-1
262,234,590.15,411.21,158.82,409.17,0.7842,-1,-1,-1
262,235,444.42,404.11,144.90,432.20,0.8476,-1,-1,-1
262,237,1853.30,423.35,72.89,95.04,0.4682,-1,-1,-1
262,238,996.25,431.90,88.15,341.23,0.6616,-1,-1,-1
262,240,784.51,455.10,57.13,207.43,0.5735,-1,-1,-1
263,204,822.85,342.02,182.48,566.44,0.8498,-1,-1,-1
263,207,1150.19,338.01,212.93,593.50,0.9056,-1,-1,-1
263,230,-25.06,132.21,382.33,941.78,0.9311,-1,-1,-1
263,234,585.84,409.14,161.11,417.40,0.7176,-1,-1,-1
263,235,438.44,401.50,147.01,439.54,0.8473,-1,-1,-1
263,237,1856.61,423.49,70.69,94.25,0.3664,-1,-1,-1
263,238,999.60,429.44,91.51,343.82,0.6632,-1,-1,-1
263,240,785.26,452.10,58.22,211.21,0.5929,-1,-1,-1
264,204,824.14,340.71,181.30,564.30,0.8389,-1,-1,-1
264,207,1153.23,336.48,212.62,595.49,0.8981,-1,-1,-1
264,230,-29.49,123.79,379.11,948.43,0.9193,-1,-1,-1
264,234,581.13,405.55,162.64,424.29,0.7754,-1,-1,-1
264,235,429.57,396.66,151.90,452.52,0.8482,-1,-1,-1
264,237,1856.21,421.20,68.09,93.86,0.3383,-1,-1,-1
264,238,1001.79,424.46,96.28,349.60,0.6286,-1,-1,-1
264,240,786.45,449.00,59.48,215.90,0.6359,-1,-1,-1
265,204,824.89,333.00,180.97,567.23,0.8412,-1,-1,-1
265,207,1155.14,334.68,212.49,597.82,0.8976,-1,-1,-1
265,230,-35.05,115.17,374.29,954.83,0.8963,-1,-1,-1
265,234,576.97,399.39,161.41,425.06,0.7812,-1,-1,-1
265,235,420.44,395.15,154.36,456.47,0.8464,-1,-1,-1
265,237,1859.98,420.37,67.01,94.76,0.3794,-1,-1,-1
265,238,1008.33,417.77,99.93,354.33,0.7844,-1,-1,-1
265,240,786.35,445.34,62.40,226.65,0.6921,-1,-1,-1
266,204,826.13,326.63,181.66,574.06,0.8497,-1,-1,-1
266,207,1156.41,332.40,212.55,600.84,0.8978,-1,-1,-1
266,230,-40.03,116.00,363.24,948.37,0.8295,-1,-1,-1
266,234,570.92,392.53,161.61,428.23,0.7627,-1,-1,-1
266,235,410.29,396.32,155.20,457.37,0.8254,-1,-1,-1
266,237,1865.02,419.70,64.93,95.25,0.4603,-1,-1,-1
266,238,1013.82,411.85,104.29,357.74,0.7645,-1,-1,-1
266,240,786.86,443.46,63.49,230.22,0.7491,-1,-1,-1
267,204,828.78,324.09,180.94,577.29,0.8438,-1,-1,-1
267,207,1158.31,330.87,212.36,603.06,0.8954,-1,-1,-1
267,230,-33.95,196.04,324.18,862.49,0.8200,-1,-1,-1
267,234,555.46,383.24,167.58,441.34,0.8280,-1,-1,-1
267,235,402.74,391.67,157.19,464.72,0.8342,-1,-1,-1
267,237,1869.45,418.88,62.17,95.04,0.4990,-1,-1,-1
267,238,1019.55,407.84,107.01,358.83,0.7736,-1,-1,-1
267,240,787.63,442.17,64.96,234.95,0.7602,-1,-1,-1
268,204,831.87,323.76,179.09,579.27,0.8447,-1,-1,-1
268,207,1159.39,328.53,212.02,604.67,0.8972,-1,-1,-1
268,230,-34.59,226.44,287.80,785.10,0.8357,-1,-1,-1
268,234,550.57,376.47,170.72,450.56,0.8387,-1,-1,-1
268,235,398.53,389.99,158.33,469.64,0.8424,-1,-1,-1
268,237,1872.05,416.94,59.99,95.63,0.4883,-1,-1,-1
268,238,1022.27,405.06,109.81,361.54,0.8020,-1,-1,-1
268,240,788.18,440.87,65.99,237.29,0.7922,-1,-1,-1
269,204,834.77,324.24,176.48,579.51,0.8459,-1,-1,-1
269,207,1159.09,325.51,213.05,610.41,0.8879,-1,-1,-1
269,230,-48.54,225.77,284.75,807.07,0.8226,-1,-1,-1
269,234,544.83,366.37,173.96,461.32,0.8324,-1,-1,-1
269,235,391.54,382.51,161.29,480.26,0.8692,-1,-1,-1
269,237,1873.46,413.76,59.02,98.28,0.4548,-1,-1,-1
269,238,1019.72,402.06,114.64,368.49,0.7270,-1,-1,-1
269,240,787.65,438.57,66.30,237.10,0.7774,-1,-1,-1
270,204,830.27,320.81,176.32,581.85,0.8153,-1,-1,-1
270,207,1157.82,319.82,213.40,614.49,0.8820,-1,-1,-1
270,234,539.98,354.95,177.16,471.54,0.8409,-1,-1,-1
270,235,384.69,373.40,164.08,488.60,0.8760,-1,-1,-1
270,237,1875.49,410.98,57.42,100.21,0.3745,-1,-1,-1
270,238,1018.93,398.20,118.61,372.06,0.6428,-1,-1,-1
270,240,786.42,435.00,66.11,234.85,0.7537,-1,-1,-1
271,204,828.96,320.33,174.70,579.91,0.7983,-1,-1,-1
271,207,1157.52,316.81,211.92,612.84,0.8906,-1,-1,-1
271,234,534.95,349.00,178.42,475.56,0.8422,-1,-1,-1
271,235,377.07,366.48,166.66,494.96,0.8749,-1,-1,-1
271,238,1020.18,396.67,120.89,373.77,0.7599,-1,-1,-1
271,240,784.55,431.02,66.24,233.64,0.7619,-1,-1,-1
272,204,829.11,318.58,171.54,577.50,0.8418,-1,-1,-1
272,207,1155.92,311.22,210.48,611.62,0.8949,-1,-1,-1
272,234,528.87,344.78,179.18,478.69,0.8574,-1,-1,-1
272,235,361.13,355.30,170.29,505.71,0.8721,-1,-1,-1
272,238,1019.72,394.46,122.37,373.27,0.7888,-1,-1,-1
272,240,781.05,426.42,65.88,230.39,0.7917,-1,-1,-1
273,204,825.87,317.36,168.77,573.03,0.8372,-1,-1,-1
273,207,1152.93,306.26,209.25,610.41,0.8988,-1,-1,-1
273,234,522.06,340.24,179.13,480.41,0.8676,-1,-1,-1
273,235,344.87,346.04,172.34,512.61,0.8806,-1,-1,-1
273,238,1017.29,392.21,124.26,374.66,0.7886,-1,-1,-1
273,240,774.97,420.47,66.28,229.17,0.7439,-1,-1,-1
274,204,821.46,309.64,168.22,576.00,0.8516,-1,-1,-1
274,207,1150.14,302.27,207.67,606.63,0.8962,-1,-1,-1
274,234,517.56,335.24,182.02,488.39,0.8622,-1,-1,-1
274,235,330.82,336.30,173.50,518.27,0.8700,-1,-1,-1
274,238,1011.64,388.53,127.17,377.49,0.7956,-1,-1,-1
274,240,768.78,414.34,69.05,238.39,0.7058,-1,-1,-1
275,204,815.34,303.25,168.17,575.51,0.8568,-1,-1,-1
275,207,1144.70,295.87,206.80,602.00,0.8891,-1,-1,-1
275,234,509.29,327.68,185.01,495.88,0.8633,-1,-1,-1
275,235,318.74,324.94,175.87,524.83,0.8608,-1,-1,-1
275,238,1003.77,382.65,130.81,381.11,0.8150,-1,-1,-1
275,240,760.96,405.81,71.60,247.60,0.6670,-1,-1,-1
276,204,806.29,292.36,169.08,580.25,0.8376,-1,-1,-1
276,207,1141.12,290.07,206.01,597.02,0.8892,-1,-1,-1
276,234,499.77,319.78,188.42,505.39,0.8690,-1,-1,-1
276,235,304.26,317.68,178.58,531.52,0.8738,-1,-1,-1
276,238,996.02,375.51,134.56,386.12,0.8268,-1,-1,-1
276,240,753.40,399.64,72.52,252.01,0.6718,-1,-1,-1
277,204,799.42,284.56,166.51,571.50,0.8437,-1,-1,-1
277,207,1136.60,282.61,206.59,595.72,0.8845,-1,-1,-1
277,234,490.10,308.19,189.84,509.57,0.8566,-1,-1,-1
277,235,288.52,305.88,182.39,545.09,0.8822,-1,-1,-1
277,238,995.15,368.61,136.97,392.55,0.7620,-1,-1,-1
277,240,745.25,393.26,71.75,250.30,0.6602,-1,-1,-1
278,204,791.06,278.88,164.93,564.37,0.8565,-1,-1,-1
278,207,1130.66,276.19,207.50,596.12,0.8731,-1,-1,-1
278,234,478.20,299.76,193.63,523.17,0.8625,-1,-1,-1
278,235,272.79,300.73,184.41,553.70,0.8597,-1,-1,-1
278,238,987.69,358.22,140.31,398.31,0.7672,-1,-1,-1
278,240,739.76,388.26,69.22,243.00,0.6231,-1,-1,-1
279,204,783.08,270.76,165.81,563.45,0.8402,-1,-1,-1
279,207,1126.88,268.26,208.68,596.88,0.8720,-1,-1,-1
279,234,468.92,294.39,195.19,530.68,0.8795,-1,-1,-1
279,235,258.69,294.05,188.52,566.48,0.8748,-1,-1,-1
279,238,983.51,348.44,142.79,402.20,0.7963,-1,-1,-1
279,240,733.26,378.81,69.02,243.09,0.6374,-1,-1,-1
280,204,777.74,262.02,166.16,562.23,0.8442,-1,-1,-1
280,207,1122.89,259.03,210.79,600.31,0.8696,-1,-1,-1
280,234,462.00,283.87,197.95,542.65,0.8746,-1,-1,-1
280,235,245.09,281.45,192.28,579.31,0.8669,-1,-1,-1
280,238,982.91,337.68,144.76,406.79,0.7760,-1,-1,-1
280,240,728.61,371.69,69.50,246.15,0.6923,-1,-1,-1
281,204,778.21,252.76,165.58,557.42,0.8473,-1,-1,-1
281,207,1122.55,251.64,211.57,600.66,0.8828,-1,-1,-1
281,234,456.75,273.54,200.30,552.82,0.8881,-1,-1,-1
281,235,235.10,272.12,196.05,589.52,0.8721,-1,-1,-1
281,238,982.38,324.00,148.11,416.59,0.7970,-1,-1,-1
281,240,726.14,366.52,67.05,239.15,0.6351,-1,-1,-1
282,204,771.59,240.29,169.80,565.96,0.8555,-1,-1,-1
282,207,1120.04,241.96,213.54,604.56,0.8779,-1,-1,-1
282,234,451.67,252.70,204.67,568.63,0.8818,-1,-1,-1
282,235,226.66,255.56,199.97,599.52,0.8828,-1,-1,-1
282,238,982.98,310.67,149.39,421.77,0.7747,-1,-1,-1
282,240,723.82,356.84,68.08,245.00,0.6158,-1,-1,-1
283,204,769.10,231.78,172.07,567.98,0.8245,-1,-1,-1
283,207,1120.60,231.04,215.16,607.30,0.8831,-1,-1,-1
283,234,447.42,234.32,206.79,576.73,0.8750,-1,-1,-1
283,235,216.20,241.31,204.46,609.88,0.8723,-1,-1,-1
283,238,982.60,300.31,151.30,428.24,0.7853,-1,-1,-1
283,240,721.80,347.43,68.87,250.39,0.6340,-1,-1,-1
284,204,769.42,223.75,173.82,568.65,0.8240,-1,-1,-1
284,207,1121.58,221.91,217.76,613.40,0.8842,-1,-1,-1
284,234,443.10,222.32,207.50,577.37,0.8763,-1,-1,-1
284,235,206.26,228.18,210.46,626.17,0.8726,-1,-1,-1
284,238,980.78,290.27,154.32,434.65,0.7919,-1,-1,-1
284,240,721.66,341.71,67.66,246.93,0.6227,-1,-1,-1
284,245,918.78,256.13,74.23,418.04,0.5821,-1,-1,-1
285,204,770.12,215.89,175.75,572.09,0.8502,-1,-1,-1
285,207,1123.10,213.64,219.96,618.16,0.8894,-1,-1,-1
285,234,437.60,209.35,212.24,588.91,0.8819,-1,-1,-1
285,235,197.12,215.06,214.53,635.65,0.8813,-1,-1,-1
285,238,982.19,282.69,156.57,439.38,0.7200,-1,-1,-1
285,240,722.26,333.73,68.30,250.40,0.6385,-1,-1,-1
285,245,920.27,249.93,74.53,420.13,0.3604,-1,-1,-1
286,204,772.60,210.03,176.66,573.25,0.8569,-1,-1,-1
286,207,1124.90,206.53,221.81,622.50,0.8912,-1,-1,-1
286,234,434.78,194.14,215.50,596.82,0.8973,-1,-1,-1
286,235,184.95,202.09,218.65,645.50,0.8713,-1,-1,-1
286,238,980.36,273.88,162.77,452.44,0.7824,-1,-1,-1
286,240,722.80,324.74,69.11,253.34,0.6690,-1,-1,-1
286,245,920.67,238.81,75.33,424.69,0.4858,-1,-1,-1
287,204,776.12,203.52,176.70,573.87,0.8645,-1,-1,-1
287,207,1128.39,201.13,222.51,621.04,0.8860,-1,-1,-1
287,234,431.94,180.19,219.20,606.39,0.9020,-1,-1,-1
287,235,175.10,188.57,222.24,654.31,0.8782,-1,-1,-1
287,238,981.62,263.15,166.84,458.32,0.7522,-1,-1,-1
287,240,724.59,314.66,70.78,258.83,0.7310,-1,-1,-1
287,245,923.95,232.46,75.23,422.98,0.5895,-1,-1,-1
288,204,778.86,199.20,176.36,571.09,0.8553,-1,-1,-1
288,207,1137.39,192.79,223.81,623.96,0.8755,-1,-1,-1
288,234,428.96,167.59,223.26,617.88,0.8978,-1,-1,-1
288,235,167.44,177.93,224.91,661.52,0.8819,-1,-1,-1
288,238,988.58,257.39,169.68,462.83,0.6565,-1,-1,-1
288,240,727.74,305.52,71.22,260.84,0.7738,-1,-1,-1
288,245,924.72,227.14,74.36,415.45,0.4549,-1,-1,-1
289,204,784.05,190.76,177.00,569.66,0.8407,-1,-1,-1
289,207,1145.78,185.03,225.30,626.89,0.8709,-1,-1,-1
289,234,422.92,160.04,229.21,632.46,0.9002,-1,-1,-1
289,235,155.91,163.77,229.38,673.46,0.8979,-1,-1,-1
289,238,998.96,253.42,170.75,467.38,0.6330,-1,-1,-1
289,240,730.04,298.18,72.93,266.91,0.7492,-1,-1,-1
289,245,928.68,223.72,72.57,404.85,0.5344,-1,-1,-1
290,204,791.49,187.50,178.43,569.99,0.8398,-1,-1,-1
290,207,1155.61,181.49,224.51,625.14,0.8728,-1,-1,-1
290,234,417.36,152.75,236.10,649.94,0.9080,-1,-1,-1
290,235,146.88,150.31,233.34,685.79,0.9037,-1,-1,-1
290,238,1010.98,246.10,172.75,478.21,0.7886,-1,-1,-1
290,240,733.19,294.17,73.13,267.16,0.7407,-1,-1,-1
290,245,945.49,224.44,74.49,406.86,0.4262,-1,-1,-1
291,204,797.97,183.66,177.98,566.85,0.8223,-1,-1,-1
291,207,1166.81,177.96,222.92,623.04,0.8647,-1,-1,-1
291,234,413.06,148.57,240.70,659.47,0.9072,-1,-1,-1
291,235,137.15,140.32,237.06,696.01,0.9061,-1,-1,-1
291,238,1019.28,238.95,174.87,488.45,0.7919,-1,-1,-1
291,240,737.42,288.00,73.88,268.75,0.7280,-1,-1,-1
291,245,950.67,216.69,76.00,410.04,0.3618,-1,-1,-1
292,204,802.15,179.93,177.63,561.67,0.8275,-1,-1,-1
292,207,1177.57,172.15,221.06,618.96,0.8790,-1,-1,-1
292,234,409.10,146.74,246.08,671.06,0.9081,-1,-1,-1
292,235,126.37,133.36,240.87,709.49,0.9045,-1,-1,-1
292,238,1026.83,232.39,175.33,491.98,0.8051,-1,-1,-1
292,240,740.90,282.21,75.36,271.95,0.7387,-1,-1,-1
292,245,952.66,208.20,77.12,413.75,0.3778,-1,-1,-1
293,204,810.30,174.91,176.33,555.34,0.8413,-1,-1,-1
293,207,1187.52,169.02,218.25,612.12,0.8885,-1,-1,-1
293,234,402.82,143.58,252.42,686.72,0.9056,-1,-1,-1
293,235,110.92,130.67,247.76,730.34,0.8796,-1,-1,-1
293,238,1035.30,228.51,177.23,496.50,0.8317,-1,-1,-1
293,240,745.78,277.42,76.72,274.06,0.7462,-1,-1,-1
293,245,964.65,201.55,78.37,414.50,0.6720,-1,-1,-1
294,204,818.19,171.55,175.86,553.33,0.8254,-1,-1,-1
294,207,1200.64,168.03,216.93,611.26,0.8750,-1,-1,-1
294,234,398.06,141.78,257.60,700.33,0.9051,-1,-1,-1
294,235,89.89,129.69,256.73,751.71,0.8919,-1,-1,-1
294,238,1043.96,224.84,178.81,500.43,0.8480,-1,-1,-1
294,240,752.44,276.35,77.90,274.41,0.7554,-1,-1,-1
294,245,971.57,199.04,81.77,425.88,0.7163,-1,-1,-1
295,204,827.28,177.21,175.39,550.55,0.8325,-1,-1,-1
295,207,1213.32,168.63,215.87,613.37,0.8756,-1,-1,-1
295,234,391.92,139.30,266.28,725.15,0.9053,-1,-1,-1
295,235,70.00,127.54,265.04,767.87,0.8917,-1,-1,-1
295,238,1051.54,219.67,182.51,510.52,0.8542,-1,-1,-1
295,240,759.11,276.02,79.60,276.84,0.7888,-1,-1,-1
295,245,974.93,199.14,82.92,430.10,0.6422,-1,-1,-1
296,204,834.81,175.06,175.88,553.59,0.8425,-1,-1,-1
296,207,1224.50,170.05,214.82,616.23,0.8677,-1,-1,-1
296,234,386.93,134.89,273.30,744.72,0.9053,-1,-1,-1
296,235,50.95,127.48,272.76,780.61,0.8953,-1,-1,-1
296,238,1057.37,210.85,188.51,529.49,0.8659,-1,-1,-1
296,240,763.90,274.93,81.44,279.06,0.7958,-1,-1,-1
296,245,979.96,198.45,84.05,429.76,0.6068,-1,-1,-1
297,204,842.86,175.69,174.89,555.28,0.8252,-1,-1,-1
297,207,1236.61,170.14,214.86,623.57,0.8732,-1,-1,-1
297,234,380.07,129.15,278.51,759.15,0.9120,-1,-1,-1
297,235,38.15,124.87,281.34,799.09,0.8992,-1,-1,-1
297,238,1068.14,206.17,192.01,538.81,0.8557,-1,-1,-1
297,240,769.91,274.24,82.20,279.20,0.7940,-1,-1,-1
297,245,991.31,203.53,84.71,417.86,0.6991,-1,-1,-1
298,204,850.52,177.50,173.98,555.84,0.8207,-1,-1,-1
298,207,1247.32,170.02,214.02,629.20,0.8681,-1,-1,-1
298,234,373.17,119.29,284.30,776.01,0.9057,-1,-1,-1
298,235,29.71,122.05,288.11,815.79,0.9006,-1,-1,-1
298,238,1076.31,202.71,194.95,546.77,0.8600,-1,-1,-1
298,240,775.53,275.72,82.07,275.96,0.8058,-1,-1,-1
298,245,995.12,210.56,86.31,418.14,0.6981,-1,-1,-1
299,204,857.68,179.16,172.16,555.50,0.8375,-1,-1,-1
299,207,1253.14,168.07,213.50,634.82,0.8652,-1,-1,-1
299,234,364.64,107.58,290.18,793.91,0.9076,-1,-1,-1
299,235,20.00,113.42,297.36,841.50,0.8969,-1,-1,-1
299,238,1082.03,201.70,198.31,553.17,0.8726,-1,-1,-1
299,240,780.76,275.71,83.67,278.73,0.7901,-1,-1,-1
299,245,997.70,204.32,88.66,425.57,0.6974,-1,-1,-1
300,204,861.12,182.00,171.28,557.85,0.8303,-1,-1,-1
300,207,1254.77,167.41,214.07,639.51,0.8556,-1,-1,-1
300,234,354.58,96.77,296.40,810.42,0.9086,-1,-1,-1
300,235,8.60,105.97,307.17,869.39,0.8934,-1,-1,-1
300,238,1088.56,199.75,204.31,567.30,0.8651,-1,-1,-1
300,240,785.43,275.41,84.97,279.66,0.7573,-1,-1,-1
300,245,1002.28,201.71,89.44,426.24,0.7376,-1,-1,-1
301,204,864.96,181.54,169.89,558.65,0.8478,-1,-1,-1
301,207,1254.84,165.69,216.45,646.84,0.8449,-1,-1,-1
301,234,343.25,83.41,303.68,829.62,0.9150,-1,-1,-1
301,235,-3.03,96.96,313.83,890.29,0.9062,-1,-1,-1
301,238,1092.84,198.69,210.20,582.04,0.8557,-1,-1,-1
301,240,788.31,275.54,85.94,279.43,0.7729,-1,-1,-1
301,245,1010.43,201.04,90.69,425.32,0.7580,-1,-1,-1
302,204,868.57,182.82,168.28,558.74,0.8387,-1,-1,-1
302,207,1258.97,167.70,216.54,649.32,0.8352,-1,-1,-1
302,234,330.88,73.81,309.59,842.96,0.8990,-1,-1,-1
302,235,-14.19,84.07,319.06,913.76,0.8999,-1,-1,-1
302,238,1098.34,197.17,211.59,584.91,0.8601,-1,-1,-1
302,240,788.69,275.67,87.54,280.75,0.7839,-1,-1,-1
302,245,1013.51,200.42,91.69,426.18,0.7562,-1,-1,-1
303,204,871.50,183.30,166.21,558.15,0.8491,-1,-1,-1
303,207,1261.85,169.67,215.84,650.57,0.8203,-1,-1,-1
303,234,318.25,59.65,317.22,861.05,0.9052,-1,-1,-1
303,235,-24.36,66.06,323.04,940.00,0.9199,-1,-1,-1
303,238,1103.13,197.33,211.43,586.04,0.8450,-1,-1,-1
303,240,788.71,275.95,88.89,281.24,0.7874,-1,-1,-1
303,245,1013.97,201.23,91.97,426.41,0.7691,-1,-1,-1
304,204,869.84,182.95,165.34,560.51,0.8530,-1,-1,-1
304,207,1265.82,169.82,214.78,653.01,0.8169,-1,-1,-1
304,234,306.56,53.83,323.34,873.82,0.9151,-1,-1,-1
304,235,-37.08,49.75,321.99,961.24,0.9053,-1,-1,-1
304,238,1101.65,195.76,217.44,607.14,0.8094,-1,-1,-1
304,240,789.11,276.76,89.47,281.01,0.7857,-1,-1,-1
304,245,1014.97,204.87,91.85,423.52,0.7774,-1,-1,-1
305,204,865.66,185.22,165.28,563.65,0.8584,-1,-1,-1
305,207,1269.98,169.38,213.05,655.51,0.8156,-1,-1,-1
305,234,293.30,46.08,336.29,909.22,0.9232,-1,-1,-1
305,235,-49.11,35.40,317.72,981.36,0.8994,-1,-1,-1
305,238,1101.31,195.78,220.33,619.16,0.8279,-1,-1,-1
305,240,788.23,277.76,90.15,281.43,0.7691,-1,-1,-1
305,245,1014.80,208.77,91.70,420.61,0.7821,-1,-1,-1
306,204,861.13,184.92,164.92,563.61,0.8555,-1,-1,-1
306,207,1272.90,169.08,209.97,653.62,0.8278,-1,-1,-1
306,234,276.32,42.30,348.85,943.38,0.9223,-1,-1,-1
306,235,-57.20,29.99,311.61,1000.14,0.9007,-1,-1,-1
306,238,1098.89,195.14,225.77,639.79,0.8549,-1,-1,-1
306,240,787.15,277.82,91.77,285.29,0.7620,-1,-1,-1
306,245,1013.53,208.77,92.53,422.43,0.7791,-1,-1,-1
307,204,858.92,184.17,162.35,555.55,0.8396,-1,-1,-1
307,207,1278.68,168.53,207.40,656.52,0.8342,-1,-1,-1
307,234,257.95,37.64,360.64,973.67,0.9121,-1,-1,-1
307,235,-65.18,29.35,305.96,1026.78,0.8718,-1,-1,-1
307,238,1099.00,194.00,228.95,653.00,0.8695,-1,-1,-1
307,240,784.30,276.00,93.27,290.18,0.7257,-1,-1,-1
307,245,1011.07,211.65,93.05,420.51,0.7993,-1,-1,-1
308,204,856.82,181.65,161.37,552.36,0.8265,-1,-1,-1
308,207,1279.75,166.24,204.56,658.10,0.8201,-1,-1,-1
308,234,240.35,32.60,370.68,1002.42,0.9127,-1,-1,-1
308,235,-62.09,96.28,274.80,964.84,0.7838,-1,-1,-1
308,238,1098.74,190.09,233.08,668.17,0.8624,-1,-1,-1
308,240,781.59,275.26,93.09,289.80,0.7534,-1,-1,-1
308,245,1007.76,211.79,94.47,423.41,0.7789,-1,-1,-1
309,204,853.31,182.03,161.60,551.76,0.8232,-1,-1,-1
309,207,1279.71,167.62,200.12,654.89,0.8161,-1,-1,-1
309,234,221.47,32.49,377.78,1022.16,0.9073,-1,-1,-1
309,235,-58.76,149.87,245.69,904.70,0.8346,-1,-1,-1
309,238,1095.69,188.10,235.99,678.92,0.8720,-1,-1,-1
309,240,777.85,278.01,90.62,283.13,0.7653,-1,-1,-1
309,245,1005.26,211.96,95.73,425.46,0.7737,-1,-1,-1
310,204,851.54,182.15,161.33,547.65,0.8141,-1,-1,-1
310,207,1280.74,166.87,198.06,660.03,0.8175,-1,-1,-1
310,234,203.99,27.95,382.21,1032.21,0.9192,-1,-1,-1
310,238,1093.95,180.24,240.81,695.29,0.8821,-1,-1,-1
310,240,775.07,277.42,90.87,286.35,0.7566,-1,-1,-1
310,245,1004.29,212.11,96.78,425.82,0.7730,-1,-1,-1
311,204,844.21,183.79,163.78,547.76,0.8268,-1,-1,-1
311,207,1284.82,166.06,193.74,656.96,0.8227,-1,-1,-1
311,234,185.12,17.60,391.39,1057.41,0.9179,-1,-1,-1
311,238,1094.41,175.18,243.86,705.05,0.8850,-1,-1,-1
311,240,773.33,274.25,91.04,290.02,0.7436,-1,-1,-1
311,245,1002.41,210.06,97.62,428.06,0.7597,-1,-1,-1
311,246,-5.62,197.90,107.64,501.16,0.7663,-1,-1,-1
312,204,838.79,183.86,167.18,550.88,0.8292,-1,-1,-1
312,207,1291.96,164.99,188.59,650.86,0.8074,-1,-1,-1
312,234,168.12,8.02,397.26,1072.16,0.9187,-1,-1,-1
312,238,1098.05,164.38,248.06,719.79,0.8852,-1,-1,-1
312,240,771.04,272.38,90.88,292.83,0.7624,-1,-1,-1
312,245,1001.90,207.10,98.87,432.37,0.7451,-1,-1,-1
313,204,833.20,183.82,170.80,553.86,0.8410,-1,-1,-1
313,207,1293.91,163.76,185.28,649.86,0.8349,-1,-1,-1
313,234,151.28,3.46,400.18,1074.27,0.9193,-1,-1,-1
313,238,1099.96,150.38,253.92,739.87,0.9039,-1,-1,-1
313,240,767.90,270.71,90.99,296.23,0.7449,-1,-1,-1
313,245,1002.11,207.51,99.78,435.48,0.7381,-1,-1,-1
314,204,828.62,184.24,173.17,553.80,0.8282,-1,-1,-1
314,207,1294.96,160.96,183.66,653.37,0.8444,-1,-1,-1
314,234,134.78,1.12,404.34,1076.69,0.9262,-1,-1,-1
314,238,1099.76,141.49,258.74,756.41,0.9016,-1,-1,-1
314,240,765.46,270.92,90.11,294.73,0.7468,-1,-1,-1
314,245,999.11,210.03,99.49,434.68,0.7384,-1,-1,-1
315,204,827.54,183.08,174.18,552.31,0.8238,-1,-1,-1
315,207,1299.91,157.80,179.16,647.06,0.8539,-1,-1,-1
315,234,112.90,-0.57,409.98,1077.98,0.9281,-1,-1,-1
315,238,1099.52,133.54,265.34,781.13,0.8933,-1,-1,-1
315,240,763.18,269.64,90.06,296.44,0.7852,-1,-1,-1
315,245,999.02,215.24,98.29,425.70,0.7509,-1,-1,-1
316,204,825.69,183.21,175.78,552.69,0.8327,-1,-1,-1
316,207,1301.51,154.75,177.20,648.48,0.8472,-1,-1,-1
316,234,86.89,-1.76,416.87,1078.34,0.9244,-1,-1,-1
316,238,1101.21,126.85,271.85,806.90,0.8758,-1,-1,-1
316,240,760.26,266.58,90.13,298.28,0.8011,-1,-1,-1
316,245,997.10,214.98,98.94,429.48,0.7438,-1,-1,-1
317,204,823.73,181.72,177.52,553.70,0.8487,-1,-1,-1
317,207,1304.17,150.56,175.90,655.67,0.8296,-1,-1,-1
317,234,61.03,-0.60,425.24,1079.61,0.9127,-1,-1,-1
317,238,1103.09,117.29,278.35,832.04,0.8756,-1,-1,-1
317,240,759.12,264.11,89.99,299.55,0.8027,-1,-1,-1
317,245,994.71,215.84,98.81,428.78,0.7490,-1,-1,-1
318,204,823.35,181.43,177.70,550.79,0.8554,-1,-1,-1
318,207,1306.14,148.25,173.68,660.10,0.8408,-1,-1,-1
318,234,38.30,-0.09,431.45,1076.83,0.9352,-1,-1,-1
318,238,1107.31,110.65,282.54,848.84,0.8675,-1,-1,-1
318,240,756.68,262.03,89.68,298.85,0.8060,-1,-1,-1
318,245,992.89,213.86,98.99,427.28,0.7453,-1,-1,-1
319,204,820.84,177.43,179.59,553.38,0.8724,-1,-1,-1
319,207,1309.15,144.80,170.56,661.49,0.7974,-1,-1,-1
319,234,23.90,1.79,435.50,1073.03,0.9363,-1,-1,-1
319,238,1110.42,100.09,290.00,876.07,0.8563,-1,-1,-1
319,240,749.98,260.49,91.29,300.96,0.7687,-1,-1,-1
319,245,990.34,210.94,99.77,428.12,0.7701,-1,-1,-1
320,204,818.20,172.51,180.63,552.46,0.8588,-1,-1,-1
320,207,1315.33,139.88,167.31,664.97,0.7603,-1,-1,-1
320,234,11.86,2.56,437.69,1070.81,0.9442,-1,-1,-1
320,238,1113.51,95.02,295.71,898.08,0.8739,-1,-1,-1
320,240,746.08,258.07,93.01,304.56,0.7760,-1,-1,-1
320,245,988.00,206.67,100.63,428.54,0.7800,-1,-1,-1
321,204,814.02,167.29,183.16,556.34,0.8603,-1,-1,-1
321,207,1321.67,134.83,163.53,665.37,0.6844,-1,-1,-1
321,234,-0.12,1.62,438.26,1071.35,0.9350,-1,-1,-1
321,238,1119.33,88.85,303.73,929.22,0.8599,-1,-1,-1
321,240,742.52,255.74,94.22,306.76,0.7511,-1,-1,-1
321,245,985.79,203.39,101.49,428.06,0.7954,-1,-1,-1
322,204,818.32,165.45,182.62,554.89,0.8672,-1,-1,-1
322,234,-10.09,3.53,435.37,1068.81,0.9326,-1,-1,-1
322,238,1134.90,81.14,313.98,958.55,0.8698,-1,-1,-1
322,240,738.83,252.72,95.49,309.26,0.7627,-1,-1,-1
322,245,983.29,199.24,102.27,427.45,0.8071,-1,-1,-1
323,204,819.92,162.89,180.94,549.95,0.8679,-1,-1,-1
323,234,-20.10,4.08,429.47,1064.59,0.9174,-1,-1,-1
323,238,1143.59,71.54,322.59,981.33,0.8946,-1,-1,-1
323,240,734.62,250.36,97.30,312.93,0.7614,-1,-1,-1
323,245,981.07,196.81,102.62,423.87,0.7988,-1,-1,-1
324,204,820.36,165.74,177.58,539.58,0.8714,-1,-1,-1
324,234,-32.25,4.40,422.44,1064.78,0.9323,-1,-1,-1
324,238,1149.90,61.90,329.86,1005.22,0.9057,-1,-1,-1
324,240,730.19,250.27,98.70,316.28,0.7620,-1,-1,-1
324,245,979.31,195.35,103.37,422.45,0.7912,-1,-1,-1
325,204,823.19,165.32,176.48,538.94,0.8731,-1,-1,-1
325,234,-44.28,5.51,411.99,1063.02,0.9180,-1,-1,-1
325,238,1154.74,51.17,334.93,1024.74,0.9014,-1,-1,-1
325,240,724.78,251.16,99.94,317.99,0.7679,-1,-1,-1
325,245,978.10,194.56,104.66,424.07,0.7898,-1,-1,-1
326,204,824.57,164.49,176.05,540.45,0.8596,-1,-1,-1
326,234,-45.89,6.33,403.15,1063.05,0.8383,-1,-1,-1
326,238,1160.47,35.10,339.50,1041.92,0.9037,-1,-1,-1
326,240,718.86,250.18,102.05,320.74,0.8044,-1,-1,-1
326,245,977.24,193.41,106.19,427.38,0.7917,-1,-1,-1
327,204,825.50,165.93,175.62,542.15,0.8588,-1,-1,-1
327,234,-66.62,6.95,387.32,1063.11,0.7914,-1,-1,-1
327,238,1170.79,23.51,343.19,1054.34,0.8797,-1,-1,-1
327,240,715.53,251.21,103.37,321.65,0.8103,-1,-1,-1
327,245,976.64,194.28,107.07,428.97,0.8010,-1,-1,-1
328,204,826.36,166.90,174.99,543.33,0.8505,-1,-1,-1
328,234,-85.27,7.77,366.42,1059.67,0.5432,-1,-1,-1
328,238,1182.63,11.82,348.75,1067.19,0.8862,-1,-1,-1
328,240,714.65,250.96,103.53,320.44,0.8148,-1,-1,-1
328,245,976.53,194.88,107.63,429.85,0.7968,-1,-1,-1
329,204,830.68,165.23,175.56,550.08,0.8470,-1,-1,-1
329,238,1196.67,3.57,352.49,1072.92,0.8879,-1,-1,-1
329,240,712.42,249.68,105.33,323.39,0.8112,-1,-1,-1
329,245,976.91,196.24,108.21,430.90,0.7773,-1,-1,-1
329,246,3.50,60.78,124.68,575.65,0.6082,-1,-1,-1
330,204,833.63,163.44,176.24,558.24,0.8480,-1,-1,-1
330,238,1213.14,-0.20,355.62,1077.98,0.9027,-1,-1,-1
330,240,711.23,249.77,107.27,327.41,0.8103,-1,-1,-1
330,245,981.37,198.68,108.54,429.90,0.7864,-1,-1,-1
331,204,837.13,169.57,174.67,558.70,0.8283,-1,-1,-1
331,238,1235.24,-2.40,358.17,1075.30,0.9053,-1,-1,-1
331,240,710.98,250.57,108.66,330.80,0.7927,-1,-1,-1
331,245,985.40,201.34,109.23,430.92,0.7895,-1,-1,-1
332,204,841.87,176.64,173.10,559.68,0.8326,-1,-1,-1
332,238,1254.19,-2.67,361.61,1073.68,0.9074,-1,-1,-1
332,240,710.89,252.55,109.18,330.71,0.8177,-1,-1,-1
332,245,987.79,203.82,110.16,433.28,0.7767,-1,-1,-1
333,204,843.37,181.86,171.75,560.78,0.8342,-1,-1,-1
333,238,1275.71,-2.33,366.98,1077.33,0.8986,-1,-1,-1
333,240,709.66,254.65,110.08,331.30,0.8162,-1,-1,-1
333,245,989.08,207.88,110.22,432.13,0.7654,-1,-1,-1
334,204,843.55,187.89,170.65,561.28,0.8281,-1,-1,-1
334,238,1294.29,0.02,371.83,1071.99,0.8802,-1,-1,-1
334,240,707.26,255.56,112.20,335.56,0.8239,-1,-1,-1
334,245,990.88,214.00,110.63,431.21,0.7868,-1,-1,-1
335,204,843.66,192.96,168.46,558.31,0.8273,-1,-1,-1
335,238,1310.62,-0.13,380.79,1070.29,0.8816,-1,-1,-1
335,240,705.04,256.83,113.85,338.68,0.8354,-1,-1,-1
335,245,992.99,218.99,111.06,431.12,0.7874,-1,-1,-1
336,204,841.44,195.24,167.77,559.96,0.8166,-1,-1,-1
336,238,1343.78,0.46,389.98,1071.42,0.8630,-1,-1,-1
336,240,702.53,259.27,114.65,339.40,0.8277,-1,-1,-1
336,245,992.29,221.74,112.41,433.46,0.7733,-1,-1,-1
337,204,839.75,197.37,166.64,558.70,0.8060,-1,-1,-1
337,238,1375.75,0.76,403.54,1075.08,0.8613,-1,-1,-1
337,240,696.72,259.41,117.19,345.84,0.8258,-1,-1,-1
337,245,988.15,224.00,113.11,434.08,0.7440,-1,-1,-1
337,247,1250.80,166.08,179.25,641.88,0.8166,-1,-1,-1
338,204,834.91,198.68,166.53,558.17,0.8051,-1,-1,-1
338,238,1385.85,1.19,422.68,1074.21,0.8667,-1,-1,-1
338,240,692.11,263.74,117.82,346.12,0.8236,-1,-1,-1
338,245,985.97,227.16,114.95,437.10,0.7653,-1,-1,-1
338,247,1244.63,165.98,184.73,660.29,0.7975,-1,-1,-1
339,204,830.91,193.60,166.29,555.42,0.8117,-1,-1,-1
339,238,1388.41,2.16,438.80,1069.58,0.8687,-1,-1,-1
339,240,687.50,266.63,119.65,350.57,0.8342,-1,-1,-1
339,245,983.56,229.94,115.94,437.72,0.7799,-1,-1,-1
339,247,1238.53,164.14,192.92,688.88,0.7663,-1,-1,-1
340,204,828.02,190.94,166.04,551.07,0.8297,-1,-1,-1
340,238,1389.97,2.65,455.02,1067.93,0.9069,-1,-1,-1
340,240,683.80,268.10,120.41,352.59,0.8165,-1,-1,-1
340,245,982.53,230.13,116.84,438.22,0.7768,-1,-1,-1
340,247,1232.81,167.51,192.76,689.81,0.7245,-1,-1,-1
340,248,808.64,248.17,67.44,367.46,0.5405,-1,-1,-1
341,204,827.40,190.26,166.11,547.95,0.8322,-1,-1,-1
341,238,1388.35,0.92,469.77,1068.87,0.7943,-1,-1,-1
341,240,680.08,267.79,121.72,356.48,0.8112,-1,-1,-1
341,245,984.44,228.11,117.89,439.74,0.7800,-1,-1,-1
341,247,1239.11,161.91,197.23,702.90,0.8385,-1,-1,-1
341,248,805.96,246.24,68.22,371.18,0.5487,-1,-1,-1
342,204,824.25,189.08,167.85,548.24,0.8410,-1,-1,-1
342,238,1386.89,-0.49,482.29,1071.06,0.7249,-1,-1,-1
342,240,675.25,263.77,124.15,362.93,0.8047,-1,-1,-1
342,245,985.27,226.61,118.24,439.76,0.7763,-1,-1,-1
342,247,1240.76,161.46,197.35,700.07,0.8682,-1,-1,-1
342,248,803.86,242.56,68.48,372.04,0.4378,-1,-1,-1
343,204,820.75,190.22,169.48,547.59,0.8416,-1,-1,-1
343,238,1388.30,-0.84,490.36,1067.43,0.8409,-1,-1,-1
343,240,670.12,259.34,125.62,367.09,0.8083,-1,-1,-1
343,245,984.05,225.71,119.02,439.21,0.7748,-1,-1,-1
343,247,1239.78,160.48,197.82,697.82,0.8766,-1,-1,-1
343,248,794.02,238.71,69.73,375.84,0.4868,-1,-1,-1
344,204,818.06,188.07,172.23,551.90,0.8395,-1,-1,-1
344,238,1397.53,-0.98,495.72,1067.48,0.6158,-1,-1,-1
344,240,665.08,258.10,125.63,367.01,0.8233,-1,-1,-1
344,245,982.99,224.42,119.57,439.02,0.7764,-1,-1,-1
344,247,1235.44,159.04,199.77,701.33,0.8709,-1,-1,-1
344,248,788.66,237.00,72.55,389.54,0.5832,-1,-1,-1
345,204,813.55,187.00,175.00,555.46,0.8207,-1,-1,-1
345,240,659.92,255.54,126.86,371.58,0.8165,-1,-1,-1
345,245,983.96,223.11,118.94,434.71,0.7704,-1,-1,-1
345,247,1232.40,149.32,203.84,710.42,0.8771,-1,-1,-1
345,248,784.74,234.70,73.92,395.57,0.5976,-1,-1,-1
346,204,806.81,187.28,177.04,556.52,0.8373,-1,-1,-1
346,240,654.86,251.62,127.10,373.10,0.8278,-1,-1,-1
346,245,979.18,218.20,120.02,433.21,0.7825,-1,-1,-1
346,247,1229.14,145.77,207.98,715.00,0.8884,-1,-1,-1
346,248,779.35,232.33,74.04,393.78,0.5097,-1,-1,-1
347,204,802.98,188.35,177.70,555.95,0.8246,-1,-1,-1
347,240,647.21,249.10,127.39,374.32,0.8122,-1,-1,-1
347,245,974.50,216.70,120.50,431.24,0.7904,-1,-1,-1
347,247,1221.52,145.57,210.81,712.50,0.8844,-1,-1,-1
347,248,774.17,231.49,74.44,391.09,0.5971,-1,-1,-1
347,238,1488.77,7.14,439.90,951.90,0.7919,-1,-1,-1
348,204,802.35,189.73,177.88,554.69,0.8372,-1,-1,-1
348,240,639.30,245.80,128.56,377.95,0.8083,-1,-1,-1
348,245,970.96,215.74,120.95,429.42,0.7690,-1,-1,-1
348,247,1215.87,142.98,213.95,710.61,0.8905,-1,-1,-1
348,248,767.59,229.79,76.64,397.37,0.6798,-1,-1,-1
348,238,1529.85,17.73,421.45,931.72,0.8337,-1,-1,-1
349,204,801.75,190.20,178.47,554.88,0.8326,-1,-1,-1
349,240,630.86,238.99,131.74,387.48,0.8216,-1,-1,-1
349,245,967.34,214.81,122.14,429.66,0.7864,-1,-1,-1
349,247,1209.19,141.58,215.36,701.76,0.8941,-1,-1,-1
349,248,764.16,226.23,78.47,402.94,0.6880,-1,-1,-1
349,238,1589.12,43.81,372.22,845.86,0.6176,-1,-1,-1
350,204,800.81,191.49,178.02,551.41,0.8526,-1,-1,-1
350,240,623.98,236.05,132.81,390.52,0.8169,-1,-1,-1
350,245,965.14,215.86,122.62,429.84,0.7827,-1,-1,-1
350,247,1202.18,141.54,217.72,695.91,0.9023,-1,-1,-1
350,248,760.51,224.06,80.51,408.27,0.7421,-1,-1,-1
351,204,799.82,191.63,177.88,547.90,0.8546,-1,-1,-1
351,240,618.47,236.58,133.94,394.11,0.8098,-1,-1,-1
351,245,964.63,216.32,122.44,430.81,0.7628,-1,-1,-1
351,247,1194.08,142.32,221.57,694.64,0.9032,-1,-1,-1
351,248,755.99,221.16,82.45,413.68,0.7205,-1,-1,-1
352,204,800.85,190.85,178.19,548.10,0.8531,-1,-1,-1
352,240,612.20,235.51,135.10,397.85,0.8205,-1,-1,-1
352,245,961.33,216.64,123.02,433.56,0.7865,-1,-1,-1
352,247,1186.64,142.51,226.87,697.81,0.9019,-1,-1,-1
352,248,750.03,218.54,84.83,419.69,0.7637,-1,-1,-1
353,204,802.15,189.48,178.80,549.22,0.8543,-1,-1,-1
353,240,605.61,230.87,136.03,402.53,0.8318,-1,-1,-1
353,245,958.58,216.36,122.51,432.98,0.7815,-1,-1,-1
353,247,1178.55,142.24,231.77,701.74,0.9062,-1,-1,-1
353,248,743.50,213.50,87.52,426.70,0.7589,-1,-1,-1
354,204,800.38,190.73,176.97,542.23,0.8786,-1,-1,-1
354,240,596.94,228.75,136.51,403.87,0.8403,-1,-1,-1
354,245,956.36,217.41,121.31,431.55,0.8014,-1,-1,-1
354,247,1169.51,142.72,236.65,706.84,0.9091,-1,-1,-1
354,248,737.11,211.64,90.14,430.94,0.7819,-1,-1,-1
355,204,798.64,190.06,175.13,536.09,0.8716,-1,-1,-1
355,240,588.04,228.61,136.80,406.14,0.8504,-1,-1,-1
355,245,950.59,218.85,120.09,429.95,0.8028,-1,-1,-1
355,247,1162.77,143.08,240.98,710.43,0.9114,-1,-1,-1
355,248,729.39,208.18,93.72,437.93,0.7994,-1,-1,-1
356,204,796.81,187.89,173.82,531.69,0.8466,-1,-1,-1
356,240,576.36,225.44,138.99,411.71,0.7325,-1,-1,-1
356,245,944.20,219.80,119.33,429.67,0.7970,-1,-1,-1
356,247,1155.55,142.23,245.22,713.24,0.9122,-1,-1,-1
356,248,721.86,206.54,96.03,441.94,0.7955,-1,-1,-1
357,204,794.86,188.34,172.31,527.16,0.8535,-1,-1,-1
357,240,567.53,223.85,140.16,416.69,0.8210,-1,-1,-1
357,245,937.89,216.89,118.89,431.27,0.7734,-1,-1,-1
357,247,1149.39,140.96,248.70,716.58,0.9101,-1,-1,-1
357,248,710.93,203.87,99.25,447.42,0.8155,-1,-1,-1
358,204,787.20,185.25,174.13,534.16,0.8456,-1,-1,-1
358,240,556.38,221.10,140.08,416.92,0.8382,-1,-1,-1
358,245,933.01,215.97,118.57,434.50,0.7533,-1,-1,-1
358,247,1141.98,141.12,251.97,719.19,0.9096,-1,-1,-1
358,248,698.92,199.53,102.91,453.28,0.8257,-1,-1,-1
358,250,1029.02,320.03,64.16,182.68,0.6303,-1,-1,-1
359,204,783.26,182.29,174.07,538.13,0.8553,-1,-1,-1
359,240,542.44,221.28,141.33,420.46,0.8263,-1,-1,-1
359,245,923.53,216.44,118.63,437.76,0.7785,-1,-1,-1
359,247,1134.86,140.65,254.93,720.82,0.9081,-1,-1,-1
359,248,688.92,195.48,106.26,453.83,0.7879,-1,-1,-1
359,250,1020.03,315.08,66.52,189.25,0.4342,-1,-1,-1
360,204,777.09,179.70,174.54,543.44,0.8693,-1,-1,-1
360,240,529.05,220.11,143.72,427.01,0.8213,-1,-1,-1
360,245,914.91,214.74,118.63,441.89,0.8035,-1,-1,-1
360,247,1127.26,140.25,257.94,724.00,0.9103,-1,-1,-1
360,248,675.82,193.21,110.52,458.60,0.8506,-1,-1,-1
360,250,1009.63,315.42,66.42,188.65,0.5750,-1,-1,-1
361,204,770.45,179.09,174.01,545.28,0.8703,-1,-1,-1
361,240,514.80,218.67,145.30,431.06,0.8109,-1,-1,-1
361,245,908.12,214.60,117.77,444.09,0.8197,-1,-1,-1
361,247,1120.36,140.49,260.31,726.55,0.9074,-1,-1,-1
361,248,665.47,190.54,114.94,466.41,0.8320,-1,-1,-1
361,250,999.21,313.73,67.52,191.08,0.6070,-1,-1,-1
362,204,764.05,179.92,174.10,550.05,0.8696,-1,-1,-1
362,240,498.75,221.31,146.31,431.97,0.8175,-1,-1,-1
362,245,901.25,215.69,115.78,441.26,0.7835,-1,-1,-1
362,247,1114.31,140.67,261.36,726.28,0.9081,-1,-1,-1
362,248,652.38,190.63,118.75,467.17,0.8563,-1,-1,-1
362,250,993.16,317.40,66.79,187.92,0.6265,-1,-1,-1
363,204,758.66,183.30,172.41,549.28,0.8489,-1,-1,-1
363,240,484.42,221.64,149.87,441.94,0.7931,-1,-1,-1
363,245,894.12,213.19,114.34,441.82,0.7349,-1,-1,-1
363,247,1107.80,140.02,264.51,732.82,0.9080,-1,-1,-1
363,248,638.26,190.99,123.36,470.22,0.8522,-1,-1,-1
363,250,986.06,319.37,67.97,190.31,0.5420,-1,-1,-1
364,204,755.13,188.43,170.74,549.83,0.8128,-1,-1,-1
364,240,468.73,219.28,154.53,454.13,0.7916,-1,-1,-1
364,245,889.69,211.06,112.68,441.45,0.7013,-1,-1,-1
364,247,1104.31,137.65,266.24,736.43,0.9066,-1,-1,-1
364,248,625.88,189.29,129.62,478.78,0.8518,-1,-1,-1
364,250,977.33,314.15,70.60,196.13,0.5648,-1,-1,-1
365,204,755.11,192.14,169.18,548.78,0.8135,-1,-1,-1
365,240,450.87,220.44,159.04,458.74,0.8290,-1,-1,-1
365,245,885.81,209.49,111.65,445.44,0.6420,-1,-1,-1
365,247,1102.37,136.55,267.05,738.05,0.8993,-1,-1,-1
365,248,613.61,190.41,135.87,483.66,0.8248,-1,-1,-1
365,250,972.13,315.73,71.34,196.15,0.5230,-1,-1,-1
366,204,753.43,198.03,166.69,544.88,0.8147,-1,-1,-1
366,240,444.11,221.36,161.17,462.17,0.8047,-1,-1,-1
366,245,883.55,211.41,108.69,441.77,0.6736,-1,-1,-1
366,247,1100.61,137.48,265.56,733.04,0.9022,-1,-1,-1
366,248,606.30,194.62,140.24,483.87,0.8613,-1,-1,-1
366,250,968.50,320.62,71.58,194.22,0.4406,-1,-1,-1
367,204,752.56,198.70,165.14,544.05,0.8245,-1,-1,-1
367,240,436.68,221.76,162.98,466.50,0.7961,-1,-1,-1
367,245,882.63,208.72,106.51,441.14,0.6700,-1,-1,-1
367,247,1100.69,135.89,264.15,727.62,0.9027,-1,-1,-1
367,248,603.34,193.18,145.05,489.67,0.8712,-1,-1,-1
367,250,965.95,314.43,73.78,198.67,0.4089,-1,-1,-1
368,204,752.69,198.41,164.52,545.42,0.8273,-1,-1,-1
368,240,433.49,220.79,165.65,471.77,0.8180,-1,-1,-1
368,245,882.74,206.85,103.75,437.81,0.6240,-1,-1,-1
368,247,1100.77,133.94,263.06,722.96,0.9023,-1,-1,-1
368,248,600.82,192.47,149.57,498.26,0.8601,-1,-1,-1
368,250,961.98,310.68,74.82,199.58,0.4082,-1,-1,-1
369,204,754.45,196.08,164.61,546.81,0.8538,-1,-1,-1
369,240,427.79,220.42,167.15,474.34,0.8271,-1,-1,-1
369,245,883.68,204.43,101.85,437.79,0.5820,-1,-1,-1
369,247,1102.69,133.42,261.49,717.35,0.9053,-1,-1,-1
369,248,596.67,190.85,153.03,505.19,0.8629,-1,-1,-1
369,250,961.99,313.94,75.11,197.79,0.4774,-1,-1,-1
370,204,756.92,194.38,163.51,542.16,0.8226,-1,-1,-1
370,240,423.16,221.04,168.44,476.37,0.8256,-1,-1,-1
370,245,885.17,205.09,100.25,437.89,0.6350,-1,-1,-1
370,247,1103.50,132.81,261.52,716.72,0.9057,-1,-1,-1
370,248,591.38,192.13,155.48,509.59,0.8553,-1,-1,-1
371,204,757.67,195.30,162.97,538.97,0.8487,-1,-1,-1
371,240,419.84,222.74,170.24,479.25,0.8530,-1,-1,-1
371,245,887.51,206.76,99.16,439.92,0.6904,-1,-1,-1
371,247,1103.58,132.92,262.49,720.31,0.9058,-1,-1,-1
371,248,586.86,193.89,158.41,516.50,0.8636,-1,-1,-1
372,204,759.72,195.19,163.09,539.19,0.8480,-1,-1,-1
372,240,417.00,223.38,171.70,481.47,0.8712,-1,-1,-1
372,245,890.52,208.11,97.90,442.05,0.6808,-1,-1,-1
372,247,1105.08,132.62,263.62,726.15,0.9057,-1,-1,-1
372,248,582.42,193.20,161.52,523.94,0.8649,-1,-1,-1
373,204,761.30,197.53,163.45,539.00,0.8569,-1,-1,-1
373,240,413.55,224.81,172.81,483.38,0.8658,-1,-1,-1
373,245,892.49,209.22,95.91,439.80,0.6623,-1,-1,-1
373,247,1106.44,135.72,263.80,729.65,0.8972,-1,-1,-1
373,248,577.74,192.71,164.26,528.89,0.8677,-1,-1,-1
374,204,762.99,197.54,164.26,540.27,0.8473,-1,-1,-1
374,240,408.44,225.20,174.34,487.36,0.8637,-1,-1,-1
374,245,895.47,209.77,95.62,443.25,0.6742,-1,-1,-1
374,247,1107.14,138.24,264.26,735.11,0.8924,-1,-1,-1
374,248,572.88,191.17,166.92,532.97,0.8709,-1,-1,-1
375,204,764.73,199.98,165.19,543.05,0.8542,-1,-1,-1
375,240,402.32,228.38,174.84,488.84,0.8468,-1,-1,-1
375,245,898.28,210.28,94.86,446.17,0.6609,-1,-1,-1
375,247,1108.14,140.00,264.31,740.84,0.8947,-1,-1,-1
375,248,567.34,190.78,171.29,541.12,0.8769,-1,-1,-1
376,204,766.99,202.66,165.96,546.39,0.8528,-1,-1,-1
376,240,393.07,228.89,177.80,499.16,0.8513,-1,-1,-1
376,245,901.04,216.75,93.81,447.13,0.6486,-1,-1,-1
376,247,1108.63,142.13,263.76,746.78,0.8952,-1,-1,-1
376,248,563.32,190.64,175.20,548.86,0.8625,-1,-1,-1
377,204,769.87,205.59,166.25,549.04,0.8859,-1,-1,-1
377,240,387.59,226.01,181.37,512.58,0.8409,-1,-1,-1
377,245,904.38,221.73,92.16,447.11,0.7020,-1,-1,-1
377,247,1109.61,149.44,261.80,747.78,0.8950,-1,-1,-1
377,248,557.60,188.23,178.60,553.64,0.8650,-1,-1,-1
378,204,775.29,210.34,165.09,548.03,0.8389,-1,-1,-1
378,240,381.38,221.90,184.21,524.46,0.8225,-1,-1,-1
378,245,908.16,229.14,89.79,441.46,0.7253,-1,-1,-1
378,247,1111.41,155.09,259.96,748.80,0.8988,-1,-1,-1
378,248,552.81,187.24,181.55,555.82,0.8593,-1,-1,-1
379,204,776.70,213.80,165.64,551.53,0.8407,-1,-1,-1
379,240,376.22,221.01,185.38,533.60,0.8023,-1,-1,-1
379,245,911.10,234.53,87.75,437.16,0.6468,-1,-1,-1
379,247,1112.12,156.72,259.38,754.07,0.8962,-1,-1,-1
379,248,546.95,188.91,185.38,560.49,0.8640,-1,-1,-1
380,204,780.10,216.83,164.60,549.87,0.8447,-1,-1,-1
380,240,369.36,216.90,188.25,546.01,0.8125,-1,-1,-1
380,245,912.63,238.58,86.82,434.68,0.7157,-1,-1,-1
380,247,1112.54,158.89,258.01,756.84,0.8913,-1,-1,-1
380,248,541.84,188.02,189.76,567.94,0.8709,-1,-1,-1
381,204,782.22,220.12,163.91,548.58,0.8392,-1,-1,-1
381,240,365.71,213.44,190.23,556.70,0.8109,-1,-1,-1
381,245,913.78,242.41,86.04,433.14,0.7359,-1,-1,-1
381,247,1111.44,158.60,255.82,756.42,0.8836,-1,-1,-1
381,248,533.16,185.14,194.87,577.40,0.8745,-1,-1,-1
381,252,735.33,316.14,59.38,209.63,0.6479,-1,-1,-1
382,204,783.26,220.41,162.88,546.15,0.8466,-1,-1,-1
382,240,363.04,211.01,192.18,566.63,0.8097,-1,-1,-1
382,245,916.60,244.06,86.03,434.49,0.7014,-1,-1,-1
382,247,1108.85,157.22,254.81,760.09,0.8809,-1,-1,-1
382,248,528.24,183.09,199.92,588.38,0.8719,-1,-1,-1
382,252,733.87,316.59,60.05,211.94,0.6499,-1,-1,-1
383,204,784.65,219.31,161.82,543.07,0.8410,-1,-1,-1
383,240,357.58,208.67,192.17,571.08,0.8214,-1,-1,-1
383,245,918.81,242.79,86.32,437.16,0.6831,-1,-1,-1
383,247,1104.88,155.54,253.50,762.07,0.8807,-1,-1,-1
383,248,521.25,180.77,205.27,599.40,0.8766,-1,-1,-1
383,252,732.70,318.03,59.26,209.02,0.6420,-1,-1,-1
384,204,786.30,218.53,161.38,541.23,0.8468,-1,-1,-1
384,240,351.55,207.37,192.12,573.81,0.8233,-1,-1,-1
384,245,924.08,244.92,87.39,435.95,0.5743,-1,-1,-1
384,247,1101.83,153.47,253.08,766.18,0.8834,-1,-1,-1
384,248,514.06,178.59,209.42,607.34,0.8648,-1,-1,-1
384,252,729.80,320.04,59.59,209.83,0.6527,-1,-1,-1
385,204,786.54,217.92,162.20,543.21,0.8421,-1,-1,-1
385,240,346.34,209.12,192.41,574.87,0.8393,-1,-1,-1
385,245,925.38,245.97,88.77,435.55,0.6018,-1,-1,-1
385,247,1101.24,155.48,251.24,763.24,0.8836,-1,-1,-1
385,248,509.98,176.58,213.28,616.20,0.8602,-1,-1,-1
385,252,728.53,321.65,60.30,211.60,0.6964,-1,-1,-1
386,204,785.77,216.16,161.18,536.20,0.8175,-1,-1,-1
386,240,338.86,208.80,191.48,573.67,0.8332,-1,-1,-1
386,245,923.13,245.06,87.61,429.72,0.5449,-1,-1,-1
386,247,1098.33,156.36,250.50,758.93,0.8874,-1,-1,-1
386,248,502.29,174.65,217.08,622.02,0.8638,-1,-1,-1
386,252,727.98,320.97,59.96,210.23,0.6590,-1,-1,-1
387,204,783.40,214.75,161.11,532.45,0.8362,-1,-1,-1
387,240,329.62,203.60,194.13,583.72,0.8386,-1,-1,-1
387,245,918.47,245.58,87.01,430.23,0.6180,-1,-1,-1
387,247,1093.98,156.92,250.31,752.82,0.8935,-1,-1,-1
387,248,493.60,170.70,221.84,631.12,0.8618,-1,-1,-1
387,252,724.78,319.00,60.65,211.58,0.6777,-1,-1,-1
388,204,782.75,212.84,161.92,531.90,0.8344,-1,-1,-1
388,240,319.44,195.82,197.22,595.13,0.8473,-1,-1,-1
388,245,917.43,242.10,87.37,433.08,0.5092,-1,-1,-1
388,247,1092.22,158.54,250.42,747.01,0.8875,-1,-1,-1
388,248,484.60,167.79,227.87,646.00,0.8643,-1,-1,-1
388,252,722.52,318.01,60.95,210.79,0.7096,-1,-1,-1
389,204,780.57,210.36,163.34,536.45,0.8425,-1,-1,-1
389,240,311.38,187.97,199.34,604.55,0.8410,-1,-1,-1
389,245,915.46,242.77,87.10,433.76,0.5924,-1,-1,-1
389,247,1090.47,158.00,252.42,747.90,0.8912,-1,-1,-1
389,248,479.36,163.09,232.02,657.39,0.8636,-1,-1,-1
389,252,720.87,317.20,61.78,211.99,0.6895,-1,-1,-1
390,204,778.13,210.35,164.10,539.49,0.8473,-1,-1,-1
390,240,304.43,184.37,200.71,609.51,0.8351,-1,-1,-1
390,245,913.30,242.49,86.44,433.40,0.6596,-1,-1,-1
390,247,1087.94,157.39,255.32,750.31,0.8852,-1,-1,-1
390,248,476.22,157.36,235.72,668.66,0.8716,-1,-1,-1
390,252,719.66,316.98,62.70,212.75,0.7297,-1,-1,-1
391,204,773.91,210.09,164.94,542.50,0.8497,-1,-1,-1
391,240,295.13,181.41,202.37,614.42,0.8369,-1,-1,-1
391,245,910.53,238.73,86.78,436.32,0.6521,-1,-1,-1
391,247,1081.73,157.74,259.60,754.75,0.8882,-1,-1,-1
391,248,473.88,150.74,238.88,678.50,0.8719,-1,-1,-1
391,252,717.02,316.60,63.77,213.26,0.7366,-1,-1,-1
392,204,770.69,211.30,165.65,545.80,0.8335,-1,-1,-1
392,240,285.89,176.24,205.40,624.73,0.8498,-1,-1,-1
392,245,907.30,236.35,86.84,439.21,0.6606,-1,-1,-1
392,247,1075.16,157.32,265.16,763.41,0.8942,-1,-1,-1
392,248,471.40,144.70,241.69,689.02,0.8750,-1,-1,-1
392,252,714.18,315.09,65.28,214.68,0.7612,-1,-1,-1
393,204,770.26,217.08,164.29,540.23,0.8213,-1,-1,-1
393,240,274.33,172.17,208.47,633.37,0.8570,-1,-1,-1
393,245,905.52,238.34,86.31,437.18,0.6173,-1,-1,-1
393,247,1070.71,157.33,269.51,768.82,0.8968,-1,-1,-1
393,248,467.73,140.06,243.15,696.47,0.8784,-1,-1,-1
393,252,712.02,314.21,66.79,216.52,0.7595,-1,-1,-1
394,204,767.13,219.14,163.63,538.90,0.8076,-1,-1,-1
394,240,263.40,165.61,212.25,642.74,0.8638,-1,-1,-1
394,245,903.45,235.55,85.61,436.08,0.6198,-1,-1,-1
394,247,1067.38,157.01,272.85,772.12,0.9046,-1,-1,-1
394,248,461.48,134.17,245.02,704.73,0.8821,-1,-1,-1
394,252,708.92,313.75,67.65,216.02,0.7511,-1,-1,-1
394,254,973.53,330.47,75.01,219.52,0.6046,-1,-1,-1
395,204,762.36,220.33,163.74,539.02,0.8036,-1,-1,-1
395,240,242.11,160.53,217.56,648.79,0.8654,-1,-1,-1
395,245,900.14,233.10,85.36,436.96,0.6269,-1,-1,-1
395,247,1063.48,156.55,276.51,776.63,0.9004,-1,-1,-1
395,248,455.52,127.73,246.92,714.49,0.8771,-1,-1,-1
395,252,705.87,311.96,68.86,217.28,0.7430,-1,-1,-1
395,254,972.27,340.58,71.16,208.08,0.6174,-1,-1,-1
396,204,759.36,222.37,162.63,535.55,0.8090,-1,-1,-1
396,240,229.86,157.17,222.01,660.05,0.8677,-1,-1,-1
396,245,898.46,235.95,84.49,434.03,0.6875,-1,-1,-1
396,247,1061.54,156.41,279.22,778.26,0.8991,-1,-1,-1
396,248,448.81,118.73,249.54,726.06,0.8803,-1,-1,-1
396,252,702.02,309.82,69.91,218.34,0.7346,-1,-1,-1
396,254,970.12,339.90,71.26,208.25,0.6421,-1,-1,-1
397,204,756.31,222.24,161.39,532.11,0.8138,-1,-1,-1
397,240,210.62,155.65,227.57,667.23,0.8703,-1,-1,-1
397,245,896.22,237.92,83.59,430.15,0.6887,-1,-1,-1
397,247,1059.70,156.25,281.58,779.99,0.8980,-1,-1,-1
397,248,440.62,110.90,252.19,736.53,0.8861,-1,-1,-1
397,252,698.16,309.23,70.58,219.73,0.7447,-1,-1,-1
397,254,969.44,338.35,71.58,208.72,0.6278,-1,-1,-1
398,204,751.12,219.32,162.18,535.97,0.8314,-1,-1,-1
398,240,190.43,149.04,237.20,684.40,0.8857,-1,-1,-1
398,245,893.87,238.72,83.53,430.07,0.6814,-1,-1,-1
398,247,1057.41,156.29,283.36,781.42,0.8983,-1,-1,-1
398,248,432.48,102.81,255.37,747.16,0.8952,-1,-1,-1
398,252,694.05,307.46,71.04,221.30,0.7578,-1,-1,-1
398,254,969.75,339.40,71.26,207.20,0.6037,-1,-1,-1
399,204,745.82,216.63,162.20,537.42,0.8551,-1,-1,-1
399,240,163.41,144.31,246.77,697.66,0.8967,-1,-1,-1
399,245,890.14,238.48,84.15,430.49,0.7181,-1,-1,-1
399,247,1055.58,155.72,285.21,784.59,0.8964,-1,-1,-1
399,248,425.09,94.83,258.29,756.71,0.8931,-1,-1,-1
399,252,690.27,304.86,71.50,223.99,0.7866,-1,-1,-1
399,254,968.79,337.01,72.32,209.79,0.6219,-1,-1,-1
400,204,740.37,216.27,160.47,531.72,0.8431,-1,-1,-1
400,240,146.59,141.19,253.77,705.73,0.8944,-1,-1,-1
400,245,885.32,238.75,85.12,431.31,0.7512,-1,-1,-1
400,247,1053.95,155.10,286.91,787.93,0.8989,-1,-1,-1
400,248,419.76,90.07,261.36,764.35,0.8946,-1,-1,-1
400,252,688.31,304.86,70.83,223.47,0.7739,-1,-1,-1
400,254,968.15,331.13,75.11,216.60,0.5422,-1,-1,-1
401,204,734.43,216.15,158.38,521.75,0.8636,-1,-1,-1
401,240,131.65,139.38,261.06,717.63,0.8956,-1,-1,-1
401,245,881.05,235.78,86.96,437.26,0.7815,-1,-1,-1
401,247,1053.61,154.68,286.08,784.86,0.8997,-1,-1,-1
401,248,414.80,84.91,265.58,774.77,0.8992,-1,-1,-1
401,252,685.18,303.96,70.39,223.63,0.7248,-1,-1,-1
401,254,968.41,330.12,75.95,217.40,0.6045,-1,-1,-1
402,204,730.73,213.66,158.70,520.35,0.8794,-1,-1,-1
402,240,121.38,136.25,266.43,727.64,0.8979,-1,-1,-1
402,245,878.48,235.40,88.21,438.56,0.8049,-1,-1,-1
402,247,1052.90,150.26,287.55,790.60,0.8973,-1,-1,-1
402,248,408.57,80.30,271.66,790.65,0.8986,-1,-1,-1
402,252,683.22,302.65,70.14,225.27,0.5678,-1,-1,-1
402,254,967.88,330.25,75.90,216.48,0.6070,-1,-1,-1
403,204,727.76,212.45,159.58,521.30,0.8769,-1,-1,-1
403,240,107.89,134.54,273.46,746.05,0.8964,-1,-1,-1
403,245,876.75,236.18,89.13,438.64,0.8047,-1,-1,-1
403,247,1053.68,149.64,288.40,795.89,0.8966,-1,-1,-1
403,248,400.85,75.48,279.74,812.59,0.9080,-1,-1,-1
403,252,682.29,302.73,70.08,227.67,0.5820,-1,-1,-1
403,254,970.22,339.02,73.08,207.51,0.5807,-1,-1,-1
404,204,725.13,212.14,160.82,523.59,0.8641,-1,-1,-1
404,240,93.24,131.39,280.83,767.15,0.9013,-1,-1,-1
404,245,875.97,236.74,90.81,442.95,0.8012,-1,-1,-1
404,247,1058.85,148.96,287.85,796.04,0.8900,-1,-1,-1
404,248,391.41,73.09,287.80,834.87,0.9093,-1,-1,-1
404,252,681.82,303.49,69.63,228.50,0.5454,-1,-1,-1
404,254,971.33,338.77,74.19,209.81,0.6391,-1,-1,-1
405,204,725.25,213.74,161.25,524.61,0.8625,-1,-1,-1
405,240,78.72,129.20,286.32,781.75,0.8915,-1,-1,-1
405,245,875.89,238.07,91.38,441.95,0.8015,-1,-1,-1
405,247,1061.89,150.23,286.81,792.93,0.8890,-1,-1,-1
405,248,382.92,72.96,291.65,841.74,0.9082,-1,-1,-1
405,252,682.38,303.52,69.11,229.60,0.5205,-1,-1,-1
405,254,973.38,338.68,75.00,210.90,0.6548,-1,-1,-1
406,204,724.54,215.53,162.11,525.84,0.8496,-1,-1,-1
406,240,63.07,128.46,291.09,790.76,0.8919,-1,-1,-1
406,245,876.76,239.14,91.92,439.52,0.7962,-1,-1,-1
406,247,1065.44,150.25,284.64,785.57,0.8773,-1,-1,-1
406,248,374.47,71.76,297.27,852.18,0.9054,-1,-1,-1
406,252,684.06,304.49,68.92,231.25,0.4906,-1,-1,-1
406,254,977.80,342.29,75.87,211.16,0.6669,-1,-1,-1
407,204,726.11,217.04,162.70,527.36,0.8585,-1,-1,-1
407,240,57.40,122.47,296.25,804.18,0.8889,-1,-1,-1
407,245,877.01,238.92,93.21,441.25,0.7979,-1,-1,-1
407,247,1070.23,149.57,282.89,780.50,0.8776,-1,-1,-1
407,248,367.68,72.45,303.03,860.66,0.9049,-1,-1,-1
407,252,685.62,305.04,69.40,234.72,0.5944,-1,-1,-1
407,254,981.26,345.74,75.87,208.89,0.6534,-1,-1,-1
408,204,726.38,219.25,163.38,528.18,0.8642,-1,-1,-1
408,240,46.01,117.88,301.14,813.70,0.9036,-1,-1,-1
408,245,876.81,239.52,94.33,441.14,0.7924,-1,-1,-1
408,247,1074.21,149.08,281.98,778.81,0.8891,-1,-1,-1
408,248,360.72,70.09,310.15,874.66,0.9037,-1,-1,-1
408,252,687.87,304.85,69.15,237.26,0.4709,-1,-1,-1
408,254,982.52,337.95,79.48,217.86,0.6136,-1,-1,-1
409,204,728.07,220.40,164.72,532.25,0.8603,-1,-1,-1
409,240,44.02,114.14,305.49,825.17,0.9047,-1,-1,-1
409,245,877.90,241.22,94.98,437.94,0.8036,-1,-1,-1
409,247,1078.56,149.65,282.22,782.15,0.8948,-1,-1,-1
409,248,356.10,67.60,317.48,893.42,0.9088,-1,-1,-1
409,252,691.07,306.18,68.36,240.16,0.4864,-1,-1,-1
409,254,985.93,342.18,77.54,212.57,0.6596,-1,-1,-1
410,204,730.34,223.10,165.12,533.63,0.8374,-1,-1,-1
410,240,39.40,110.91,309.87,836.05,0.9032,-1,-1,-1
410,245,881.63,240.11,97.00,438.00,0.7898,-1,-1,-1
410,247,1083.80,150.89,282.10,785.37,0.8921,-1,-1,-1
410,248,353.08,65.06,322.77,911.22,0.9161,-1,-1,-1
410,252,696.66,308.30,67.82,241.93,0.6059,-1,-1,-1
410,254,991.81,345.50,76.41,209.85,0.6307,-1,-1,-1
411,204,733.38,224.63,165.96,534.91,0.8013,-1,-1,-1
411,240,29.19,105.96,313.44,846.39,0.9078,-1,-1,-1
411,245,886.11,239.83,98.47,437.96,0.7869,-1,-1,-1
411,247,1089.27,149.92,282.87,792.89,0.8893,-1,-1,-1
411,248,350.74,61.76,326.02,924.07,0.9157,-1,-1,-1
411,252,702.07,308.89,66.57,241.92,0.5888,-1,-1,-1
411,254,999.60,349.86,76.20,207.60,0.6637,-1,-1,-1
412,204,737.24,226.22,165.91,532.37,0.8134,-1,-1,-1
412,240,17.63,97.96,317.31,858.17,0.9169,-1,-1,-1
412,245,891.17,236.85,100.17,441.97,0.7514,-1,-1,-1
412,247,1094.42,152.73,283.13,797.24,0.8925,-1,-1,-1
412,248,343.72,57.01,334.06,952.44,0.9129,-1,-1,-1
412,252,708.79,308.75,65.22,240.46,0.5468,-1,-1,-1
412,254,1004.40,347.45,77.96,211.05,0.7007,-1,-1,-1
412,255,654.98,342.77,50.05,190.94,0.6281,-1,-1,-1
413,204,742.44,226.45,165.73,529.26,0.8178,-1,-1,-1
413,240,4.03,91.04,321.23,868.38,0.9265,-1,-1,-1
413,245,895.20,231.92,102.07,444.71,0.7521,-1,-1,-1
413,247,1098.65,153.61,284.04,802.07,0.8973,-1,-1,-1
413,248,336.72,50.00,340.34,975.25,0.9110,-1,-1,-1
413,252,716.15,307.05,64.23,240.79,0.4619,-1,-1,-1
413,254,1009.36,344.88,78.72,213.16,0.5990,-1,-1,-1
413,255,656.76,345.75,49.38,187.62,0.6632,-1,-1,-1
414,204,749.75,227.18,165.01,526.24,0.8209,-1,-1,-1
414,240,-3.94,84.01,324.68,879.08,0.9297,-1,-1,-1
414,245,900.33,233.29,104.04,445.04,0.7817,-1,-1,-1
414,247,1103.30,154.01,284.41,806.08,0.8896,-1,-1,-1
414,248,328.07,40.43,345.13,994.83,0.9023,-1,-1,-1
414,252,722.26,304.25,63.78,241.59,0.4851,-1,-1,-1
414,254,1014.89,342.02,79.61,216.16,0.6409,-1,-1,-1
414,255,659.70,342.73,51.82,195.51,0.6429,-1,-1,-1
415,204,753.58,224.84,165.74,527.64,0.8248,-1,-1,-1
415,240,-7.78,78.39,326.31,885.94,0.9252,-1,-1,-1
415,245,905.57,237.46,104.63,441.54,0.8091,-1,-1,-1
415,247,1108.57,153.72,284.33,809.41,0.8864,-1,-1,-1
415,248,320.46,28.76,350.91,1015.48,0.9130,-1,-1,-1
415,252,727.47,302.98,62.36,237.93,0.4361,-1,-1,-1
415,254,1021.19,347.41,78.88,212.59,0.6746,-1,-1,-1
415,255,662.87,342.15,51.01,189.95,0.6434,-1,-1,-1
416,204,754.55,221.74,165.94,524.41,0.8437,-1,-1,-1
416,240,-12.88,68.29,331.30,905.62,0.9217,-1,-1,-1
416,245,910.25,237.28,106.70,444.63,0.7921,-1,-1,-1
416,247,1112.95,152.38,284.48,813.66,0.8904,-1,-1,-1
416,248,311.97,15.98,356.66,1035.50,0.9137,-1,-1,-1
416,254,1025.35,349.02,79.09,211.26,0.5940,-1,-1,-1
416,255,664.58,341.16,51.18,187.66,0.6558,-1,-1,-1
417,204,754.57,221.54,166.72,521.91,0.8357,-1,-1,-1
417,240,-19.07,58.46,340.05,939.84,0.9180,-1,-1,-1
417,245,912.57,237.41,107.99,444.66,0.7984,-1,-1,-1
417,247,1115.66,151.55,285.36,821.59,0.8916,-1,-1,-1
417,248,298.20,6.27,362.67,1051.97,0.9090,-1,-1,-1
417,254,1029.59,345.90,79.93,213.02,0.6626,-1,-1,-1
417,255,665.22,341.07,52.31,188.60,0.6611,-1,-1,-1
418,204,754.59,220.00,168.00,521.08,0.8436,-1,-1,-1
418,240,-32.02,50.20,344.97,974.11,0.9162,-1,-1,-1
418,245,916.36,234.96,109.38,444.79,0.7835,-1,-1,-1
418,247,1118.71,149.11,285.03,826.05,0.8920,-1,-1,-1
418,248,285.09,1.32,367.26,1061.30,0.9150,-1,-1,-1
418,254,1032.18,338.56,81.90,218.20,0.6659,-1,-1,-1
418,255,664.42,339.94,53.81,190.81,0.6717,-1,-1,-1
419,204,752.11,212.90,171.35,528.37,0.8542,-1,-1,-1
419,240,-39.82,42.28,342.21,990.63,0.9105,-1,-1,-1
419,245,917.02,234.25,110.14,443.75,0.7779,-1,-1,-1
419,247,1120.46,147.38,283.43,825.64,0.8904,-1,-1,-1
419,248,270.32,-0.15,372.03,1067.81,0.9215,-1,-1,-1
419,254,1034.40,337.34,82.45,219.09,0.6328,-1,-1,-1
419,255,660.70,337.73,56.71,198.58,0.6737,-1,-1,-1
420,204,749.17,209.18,173.63,532.30,0.8564,-1,-1,-1
420,240,-45.34,37.78,337.31,1004.43,0.9036,-1,-1,-1
420,245,916.76,234.87,111.78,445.53,0.7857,-1,-1,-1
420,247,1121.12,144.25,282.62,827.19,0.8896,-1,-1,-1
420,248,256.26,-0.30,377.18,1074.32,0.9256,-1,-1,-1
420,254,1035.17,333.77,85.09,224.65,0.6361,-1,-1,-1
420,255,656.61,336.87,58.95,204.48,0.6764,-1,-1,-1
421,204,748.66,210.17,174.38,530.94,0.8576,-1,-1,-1
421,240,-46.34,27.94,323.96,993.08,0.9001,-1,-1,-1
421,245,915.39,234.99,112.47,444.38,0.7927,-1,-1,-1
421,247,1120.61,140.13,282.98,830.24,0.8914,-1,-1,-1
421,248,241.64,0.49,381.72,1075.84,0.9258,-1,-1,-1
421,254,1035.73,334.47,85.52,224.17,0.6428,-1,-1,-1
421,255,654.88,336.49,59.97,205.53,0.6758,-1,-1,-1
422,204,745.30,211.01,177.12,537.81,0.8470,-1,-1,-1
422,240,-49.32,18.01,313.05,991.75,0.8890,-1,-1,-1
422,245,913.57,235.75,113.48,445.02,0.7922,-1,-1,-1
422,247,1118.64,133.00,284.28,835.18,0.8867,-1,-1,-1
422,248,224.28,-0.01,387.07,1079.03,0.9196,-1,-1,-1
422,254,1035.60,338.14,84.63,220.38,0.5482,-1,-1,-1
422,255,650.28,334.40,61.67,209.28,0.6860,-1,-1,-1
423,204,741.11,211.17,177.08,537.73,0.8480,-1,-1,-1
423,240,-53.70,13.20,302.77,995.95,0.8901,-1,-1,-1
423,245,912.29,237.55,114.12,444.75,0.7742,-1,-1,-1
423,247,1114.40,128.08,285.99,838.79,0.8932,-1,-1,-1
423,248,207.84,-0.68,391.89,1081.21,0.9225,-1,-1,-1
423,254,1035.13,340.33,84.63,218.84,0.5632,-1,-1,-1
423,255,646.70,332.53,63.61,212.94,0.7178,-1,-1,-1
424,204,738.36,213.20,175.45,533.45,0.8379,-1,-1,-1
424,240,-58.54,9.46,292.70,1004.61,0.8764,-1,-1,-1
424,245,910.60,240.01,114.94,442.39,0.7510,-1,-1,-1
424,247,1112.26,126.55,287.04,838.55,0.9005,-1,-1,-1
424,248,188.49,0.01,396.68,1081.47,0.9273,-1,-1,-1
424,254,1032.15,340.63,84.78,218.67,0.6042,-1,-1,-1
424,255,643.97,331.74,64.91,213.60,0.7002,-1,-1,-1
425,204,734.19,213.70,176.17,535.51,0.8378,-1,-1,-1
425,240,-64.37,7.25,280.42,1010.94,0.8435,-1,-1,-1
425,245,907.29,239.75,115.78,440.67,0.7743,-1,-1,-1
425,247,1109.94,125.83,286.70,832.15,0.9028,-1,-1,-1
425,248,167.73,0.04,402.16,1079.20,0.9243,-1,-1,-1
425,254,1030.76,339.27,85.01,219.30,0.6202,-1,-1,-1
425,255,638.83,328.09,67.22,218.78,0.7005,-1,-1,-1
426,204,732.47,213.54,175.75,535.50,0.8401,-1,-1,-1
426,245,904.23,237.62,117.92,442.16,0.7950,-1,-1,-1
426,247,1107.10,126.11,285.88,820.74,0.9032,-1,-1,-1
426,248,144.20,-0.06,408.33,1077.27,0.9262,-1,-1,-1
426,254,1028.44,335.57,85.22,220.01,0.6319,-1,-1,-1
426,255,635.25,326.71,67.53,217.88,0.6846,-1,-1,-1
427,204,729.94,214.27,176.43,536.99,0.8310,-1,-1,-1
427,245,903.80,236.34,119.32,442.60,0.7799,-1,-1,-1
427,247,1103.28,127.62,286.73,813.35,0.9002,-1,-1,-1
427,248,115.73,0.35,415.55,1073.60,0.9224,-1,-1,-1
427,254,1026.01,332.89,86.03,222.61,0.5847,-1,-1,-1
427,255,630.00,326.30,68.84,220.90,0.7198,-1,-1,-1
427,256,-8.32,150.22,117.63,531.23,0.7120,-1,-1,-1
428,204,724.46,217.92,175.79,532.20,0.8337,-1,-1,-1
428,245,901.12,235.63,121.02,442.71,0.7978,-1,-1,-1
428,247,1098.63,128.65,290.35,814.19,0.9039,-1,-1,-1
428,248,90.97,1.44,424.60,1071.39,0.9213,-1,-1,-1
428,254,1024.10,332.36,85.75,223.48,0.4998,-1,-1,-1
428,255,624.36,326.34,69.46,221.37,0.7151,-1,-1,-1
428,256,-18.95,156.07,116.87,531.84,0.4361,-1,-1,-1
428,257,542.05,315.75,57.82,194.12,0.5870,-1,-1,-1
429,204,716.26,215.99,178.96,539.33,0.8318,-1,-1,-1
429,245,900.04,234.48,121.72,441.91,0.7767,-1,-1,-1
429,247,1092.36,130.35,294.00,816.51,0.9048,-1,-1,-1
429,248,60.87,1.52,435.76,1071.49,0.9302,-1,-1,-1
429,254,1024.32,330.62,86.00,226.99,0.4855,-1,-1,-1
429,255,617.88,327.56,69.77,222.37,0.7547,-1,-1,-1
429,257,538.88,320.24,57.69,193.80,0.5872,-1,-1,-1
430,204,705.15,214.81,180.18,544.78,0.8380,-1,-1,-1
430,245,899.43,234.16,121.26,437.87,0.7791,-1,-1,-1
430,247,1086.84,132.90,298.52,820.38,0.9091,-1,-1,-1
430,248,43.93,2.09,445.54,1071.78,0.9266,-1,-1,-1
430,254,1027.42,329.90,84.08,224.68,0.4598,-1,-1,-1
430,255,613.68,325.37,70.53,224.71,0.7132,-1,-1,-1
430,257,535.19,333.00,52.71,176.91,0.4666,-1,-1,-1
431,204,693.56,212.43,181.61,552.38,0.8260,-1,-1,-1
431,245,897.92,233.20,121.18,435.26,0.7825,-1,-1,-1
431,247,1082.57,133.55,302.62,824.54,0.9050,-1,-1,-1
431,248,32.05,2.12,453.14,1071.87,0.9298,-1,-1,-1
431,254,1029.79,329.10,83.14,225.41,0.3722,-1,-1,-1
431,255,609.13,325.70,72.02,228.09,0.6759,-1,-1,-1
431,257,528.66,335.16,54.16,181.93,0.4579,-1,-1,-1
432,204,682.14,209.40,185.15,566.80,0.8332,-1,-1,-1
432,245,897.25,231.50,121.24,433.52,0.7886,-1,-1,-1
432,247,1079.12,133.81,306.61,828.96,0.9038,-1,-1,-1
432,248,24.19,3.48,459.18,1071.55,0.9352,-1,-1,-1
432,254,1031.28,328.14,81.97,225.16,0.3758,-1,-1,-1
432,255,604.75,326.21,72.38,229.06,0.6594,-1,-1,-1
432,257,519.32,343.75,62.18,210.49,0.4126,-1,-1,-1
433,204,677.37,206.45,183.63,563.20,0.8283,-1,-1,-1
433,245,896.27,231.31,121.22,431.84,0.7958,-1,-1,-1
433,247,1077.73,133.20,309.97,832.94,0.9033,-1,-1,-1
433,248,17.35,4.85,461.84,1066.99,0.9355,-1,-1,-1
433,255,601.51,325.13,72.55,228.95,0.6440,-1,-1,-1
433,257,518.25,345.10,56.61,191.41,0.4223,-1,-1,-1
434,204,671.44,203.00,185.73,573.28,0.8403,-1,-1,-1
434,245,895.11,228.85,121.77,432.17,0.7960,-1,-1,-1
434,247,1078.14,131.58,312.03,834.53,0.9013,-1,-1,-1
434,248,11.25,3.98,464.64,1066.16,0.9387,-1,-1,-1
434,255,597.02,322.05,73.26,231.79,0.6849,-1,-1,-1
434,257,517.35,334.19,55.36,187.19,0.4290,-1,-1,-1
434,258,1000.87,309.81,75.05,239.95,0.5197,-1,-1,-1
435,204,669.69,199.65,182.48,565.86,0.8254,-1,-1,-1
435,245,893.98,226.34,122.33,431.81,0.7788,-1,-1,-1
435,247,1078.00,129.04,314.27,837.12,0.9037,-1,-1,-1
435,248,6.02,2.91,466.45,1065.95,0.9396,-1,-1,-1
435,255,594.79,319.94,73.71,233.19,0.6859,-1,-1,-1
435,257,514.18,318.10,57.02,193.85,0.6668,-1,-1,-1
435,258,999.29,305.83,75.17,240.51,0.5408,-1,-1,-1
436,204,669.06,196.78,179.67,558.20,0.7974,-1,-1,-1
436,245,896.62,224.78,122.22,432.01,0.7698,-1,-1,-1
436,247,1078.44,126.19,316.86,841.79,0.9070,-1,-1,-1
436,248,1.33,2.44,467.67,1067.02,0.9397,-1,-1,-1
436,255,594.08,318.26,73.60,232.99,0.7085,-1,-1,-1
436,257,511.66,310.61,58.04,198.78,0.6141,-1,-1,-1
436,258,997.50,303.45,75.52,241.73,0.5420,-1,-1,-1
437,204,668.56,194.27,173.98,539.58,0.8136,-1,-1,-1
437,245,898.59,223.73,121.95,432.18,0.7558,-1,-1,-1
437,247,1080.42,121.78,318.63,845.33,0.9055,-1,-1,-1
437,248,-5.34,2.09,468.60,1071.63,0.9357,-1,-1,-1
437,255,591.73,314.27,73.73,232.62,0.7235,-1,-1,-1
437,257,514.25,335.19,50.28,170.82,0.5871,-1,-1,-1
437,258,994.38,301.67,75.17,241.01,0.5714,-1,-1,-1
438,204,665.28,194.06,171.92,531.15,0.8385,-1,-1,-1
438,245,900.50,223.19,121.70,433.75,0.7556,-1,-1,-1
438,247,1082.54,118.40,317.36,839.91,0.9003,-1,-1,-1
438,248,-13.39,2.92,464.85,1070.30,0.9349,-1,-1,-1
438,255,589.12,312.61,74.19,233.77,0.7308,-1,-1,-1
438,257,512.45,335.68,50.29,170.79,0.4228,-1,-1,-1
438,258,993.46,300.80,74.69,239.72,0.5696,-1,-1,-1
438,259,817.68,300.75,81.79,231.39,0.6723,-1,-1,-1
439,204,662.89,194.43,171.28,528.08,0.8540,-1,-1,-1
439,245,901.46,223.12,121.36,435.61,0.7576,-1,-1,-1
439,247,1085.14,115.14,317.84,840.89,0.9012,-1,-1,-1
439,248,-22.45,3.22,459.81,1070.67,0.9277,-1,-1,-1
439,255,585.85,312.09,74.57,234.42,0.7219,-1,-1,-1
439,257,510.21,330.77,51.20,173.94,0.4342,-1,-1,-1
439,258,993.83,300.56,73.95,237.47,0.6397,-1,-1,-1
439,259,813.96,299.60,83.60,236.43,0.7252,-1,-1,-1
440,204,659.15,193.93,171.52,527.37,0.8672,-1,-1,-1
440,245,900.72,221.76,120.97,437.43,0.7694,-1,-1,-1
440,247,1088.61,111.69,318.04,840.69,0.8844,-1,-1,-1
440,248,-30.67,3.26,451.30,1066.87,0.9269,-1,-1,-1
440,255,582.76,308.80,76.76,241.28,0.7687,-1,-1,-1
440,257,507.04,326.12,52.37,177.87,0.4088,-1,-1,-1
440,258,994.09,300.45,73.63,236.22,0.7044,-1,-1,-1
440,259,809.30,297.54,84.65,239.44,0.7015,-1,-1,-1
440,254,1043.47,309.11,83.64,236.95,0.5686,-1,-1,-1
441,204,657.71,195.28,172.41,528.67,0.8638,-1,-1,-1
441,245,901.70,222.18,120.20,437.81,0.7791,-1,-1,-1
441,247,1092.72,107.26,318.74,841.90,0.8998,-1,-1,-1
441,248,-40.18,3.02,441.86,1065.76,0.9199,-1,-1,-1
441,255,581.34,305.96,78.03,246.01,0.7663,-1,-1,-1
441,257,504.88,315.63,55.33,188.82,0.4088,-1,-1,-1
441,258,994.57,298.14,74.35,238.27,0.7103,-1,-1,-1
441,259,807.61,296.39,85.31,241.55,0.6950,-1,-1,-1
441,254,1044.97,308.02,82.98,240.61,0.6098,-1,-1,-1
442,204,658.00,197.61,172.97,529.48,0.8552,-1,-1,-1
442,245,904.96,223.87,118.53,435.19,0.7336,-1,-1,-1
442,247,1099.52,106.48,316.10,832.66,0.8975,-1,-1,-1
442,248,-50.03,3.18,430.38,1065.06,0.9136,-1,-1,-1
442,255,581.17,305.47,78.66,248.99,0.7717,-1,-1,-1
442,257,508.35,326.21,52.15,177.76,0.4275,-1,-1,-1
442,258,995.05,297.52,75.47,241.93,0.6780,-1,-1,-1
442,259,812.12,297.09,84.32,238.17,0.7282,-1,-1,-1
442,254,1050.14,312.96,80.78,237.90,0.6572,-1,-1,-1
443,204,660.94,198.63,172.33,527.66,0.8509,-1,-1,-1
443,245,905.83,224.54,117.76,435.26,0.7464,-1,-1,-1
443,247,1107.27,109.77,313.19,821.44,0.8967,-1,-1,-1
443,248,-58.89,3.74,416.79,1063.59,0.8933,-1,-1,-1
443,255,582.31,307.95,78.78,249.14,0.7729,-1,-1,-1
443,257,511.84,334.06,50.56,172.26,0.4495,-1,-1,-1
443,258,998.60,295.70,76.24,243.23,0.6434,-1,-1,-1
443,259,815.81,299.38,82.60,232.45,0.7587,-1,-1,-1
443,254,1054.72,313.48,79.73,238.81,0.5983,-1,-1,-1
444,204,665.48,200.83,170.14,521.59,0.8448,-1,-1,-1
444,245,909.10,226.14,116.13,432.68,0.7102,-1,-1,-1
444,247,1114.64,112.94,311.20,814.28,0.9003,-1,-1,-1
444,248,-66.55,4.31,401.61,1061.93,0.8392,-1,-1,-1
444,255,584.34,307.56,79.43,250.87,0.7617,-1,-1,-1
444,257,515.88,341.67,48.54,164.47,0.4906,-1,-1,-1
444,258,1001.25,297.79,76.75,243.03,0.6361,-1,-1,-1
444,259,817.84,300.05,83.01,233.49,0.7713,-1,-1,-1
444,254,1057.18,304.41,80.79,245.67,0.5810,-1,-1,-1
445,204,671.97,202.96,167.52,512.55,0.8420,-1,-1,-1
445,245,909.09,223.12,117.53,438.41,0.7751,-1,-1,-1
445,247,1119.98,118.41,312.62,817.62,0.8973,-1,-1,-1
445,248,-74.59,4.78,385.40,1062.18,0.3825,-1,-1,-1
445,255,585.35,307.55,79.92,251.29,0.7620,-1,-1,-1
445,257,519.15,334.12,50.81,172.66,0.4917,-1,-1,-1
445,258,1007.25,292.64,78.14,246.31,0.7156,-1,-1,-1
445,259,821.19,298.77,83.88,235.24,0.7827,-1,-1,-1
445,254,1065.12,303.54,79.34,243.64,0.5707,-1,-1,-1
446,204,679.59,202.36,164.50,502.71,0.8352,-1,-1,-1
446,245,908.47,221.13,119.55,445.45,0.8087,-1,-1,-1
446,247,1127.47,124.13,313.05,818.49,0.9060,-1,-1,-1
446,248,-53.82,4.95,377.33,1062.87,0.7279,-1,-1,-1
446,255,587.34,308.89,80.63,250.63,0.7384,-1,-1,-1
446,257,524.49,342.43,49.14,164.64,0.5358,-1,-1,-1
446,258,1011.66,294.70,78.77,248.10,0.7712,-1,-1,-1
446,259,825.46,296.29,84.84,237.78,0.7905,-1,-1,-1
446,254,1072.11,301.84,78.79,245.43,0.6522,-1,-1,-1
447,204,684.68,201.17,166.66,508.05,0.8357,-1,-1,-1
447,245,914.39,220.34,120.91,449.71,0.7667,-1,-1,-1
447,247,1135.24,126.32,314.21,823.38,0.9061,-1,-1,-1
447,255,590.64,310.19,81.06,249.26,0.6900,-1,-1,-1
447,257,531.01,352.13,46.56,153.75,0.5005,-1,-1,-1
447,258,1017.54,292.85,79.80,250.02,0.7646,-1,-1,-1
447,259,832.73,295.78,85.44,238.95,0.7572,-1,-1,-1
447,254,1079.25,300.44,78.51,248.65,0.6897,-1,-1,-1
448,204,689.73,200.98,170.59,518.05,0.8418,-1,-1,-1
448,245,921.06,219.15,122.12,453.45,0.7439,-1,-1,-1
448,247,1144.23,135.23,314.37,823.91,0.9052,-1,-1,-1
448,255,592.51,311.63,81.84,248.87,0.6963,-1,-1,-1
448,257,533.60,334.75,52.70,175.05,0.4990,-1,-1,-1
448,258,1024.89,295.39,80.07,250.61,0.7390,-1,-1,-1
448,259,839.14,296.27,85.53,239.48,0.7968,-1,-1,-1
448,254,1088.28,302.77,77.47,248.03,0.6793,-1,-1,-1
449,204,697.48,202.34,170.82,518.43,0.8162,-1,-1,-1
449,245,927.53,217.26,121.78,454.35,0.7734,-1,-1,-1
449,247,1151.62,141.04,314.61,824.23,0.9073,-1,-1,-1
449,255,599.55,314.16,82.73,250.90,0.7450,-1,-1,-1
449,257,538.01,322.52,56.93,189.84,0.5240,-1,-1,-1
449,258,1034.10,296.53,79.56,249.91,0.7118,-1,-1,-1
449,259,845.08,297.16,85.51,239.27,0.7501,-1,-1,-1
449,254,1097.71,312.23,74.77,240.38,0.6746,-1,-1,-1
450,204,705.39,202.10,169.85,514.43,0.8152,-1,-1,-1
450,245,928.38,218.22,121.51,453.65,0.7803,-1,-1,-1
450,247,1157.69,146.59,315.04,827.29,0.9099,-1,-1,-1
450,255,604.78,314.92,82.85,251.02,0.7175,-1,-1,-1
450,257,543.84,325.83,55.46,185.06,0.4894,-1,-1,-1
450,258,1038.86,298.60,79.06,247.80,0.7050,-1,-1,-1
450,259,850.31,298.20,84.31,236.21,0.7162,-1,-1,-1
450,254,1104.32,314.00,74.47,240.39,0.7049,-1,-1,-1
451,204,710.12,201.62,169.79,513.09,0.8243,-1,-1,-1
451,245,936.30,219.92,119.70,447.74,0.7805,-1,-1,-1
451,247,1164.44,150.80,315.40,830.94,0.9031,-1,-1,-1
451,255,605.82,314.81,84.20,253.75,0.7410,-1,-1,-1
451,257,549.08,319.19,56.91,190.90,0.4580,-1,-1,-1
451,258,1046.38,291.33,79.93,253.15,0.6919,-1,-1,-1
451,259,856.49,294.98,86.25,240.43,0.7236,-1,-1,-1
451,254,1113.47,318.39,73.13,236.60,0.6990,-1,-1,-1
452,204,716.44,200.63,168.94,511.53,0.8417,-1,-1,-1
452,245,945.66,220.02,118.42,440.87,0.7663,-1,-1,-1
452,247,1171.63,153.74,315.98,834.79,0.9044,-1,-1,-1
452,255,608.24,314.99,84.78,253.64,0.7351,-1,-1,-1
452,257,555.23,319.08,55.41,186.62,0.4504,-1,-1,-1
452,258,1055.04,293.37,79.49,251.25,0.7422,-1,-1,-1
452,259,860.23,297.54,85.98,237.82,0.7779,-1,-1,-1
452,254,1121.12,316.39,74.09,240.91,0.6752,-1,-1,-1
453,204,722.42,202.56,168.74,512.65,0.8454,-1,-1,-1
453,245,952.04,217.60,119.13,441.57,0.7951,-1,-1,-1
453,247,1177.88,157.09,316.35,839.03,0.9097,-1,-1,-1
453,255,612.98,314.78,85.23,256.18,0.7706,-1,-1,-1
453,257,562.06,313.75,56.74,191.73,0.5484,-1,-1,-1
453,258,1062.61,297.17,79.57,252.36,0.7400,-1,-1,-1
453,259,868.16,297.31,86.52,240.90,0.7866,-1,-1,-1
453,254,1128.44,317.15,73.72,241.28,0.7209,-1,-1,-1
454,204,729.85,202.53,168.62,513.18,0.8184,-1,-1,-1
454,245,957.27,218.76,120.54,441.78,0.7835,-1,-1,-1
454,247,1184.96,159.45,316.36,842.24,0.9113,-1,-1,-1
454,255,617.36,310.82,85.91,258.28,0.7544,-1,-1,-1
454,257,569.32,319.77,55.11,186.91,0.3954,-1,-1,-1
454,258,1071.92,299.11,79.23,251.71,0.7128,-1,-1,-1
454,259,875.91,298.44,86.68,242.19,0.7316,-1,-1,-1
454,254,1136.57,313.45,74.63,245.80,0.6241,-1,-1,-1
455,204,735.65,199.73,170.59,519.51,0.8353,-1,-1,-1
455,245,964.07,220.57,120.19,437.56,0.7786,-1,-1,-1
455,247,1190.85,159.11,316.38,844.43,0.9117,-1,-1,-1
455,255,621.81,305.04,87.69,265.42,0.7662,-1,-1,-1
455,257,577.16,316.24,55.94,190.26,0.5628,-1,-1,-1
455,258,1079.54,300.52,78.82,251.63,0.7150,-1,-1,-1
455,259,884.46,303.18,84.34,235.15,0.6951,-1,-1,-1
455,254,1147.02,313.59,73.84,246.09,0.6143,-1,-1,-1
455,260,715.25,257.71,66.69,311.12,0.5842,-1,-1,-1
456,204,745.69,199.35,170.02,520.40,0.8264,-1,-1,-1
456,245,967.95,214.49,122.10,442.69,0.7564,-1,-1,-1
456,247,1198.24,158.67,314.23,838.88,0.9041,-1,-1,-1
456,255,627.16,301.87,88.46,268.96,0.7503,-1,-1,-1
456,257,581.87,317.35,56.36,191.35,0.5161,-1,-1,-1
456,258,1087.20,299.91,77.56,248.50,0.7141,-1,-1,-1
456,259,891.81,301.02,84.86,238.43,0.6622,-1,-1,-1
456,254,1153.47,313.85,73.04,245.75,0.5428,-1,-1,-1
456,260,721.63,255.15,68.06,316.92,0.6253,-1,-1,-1
457,204,755.71,201.12,169.18,519.90,0.8140,-1,-1,-1
457,245,974.38,213.31,122.00,442.29,0.7678,-1,-1,-1
457,247,1205.09,157.19,313.81,836.88,0.9002,-1,-1,-1
457,255,631.41,300.23,88.67,268.59,0.7407,-1,-1,-1
457,257,586.86,309.39,58.79,200.70,0.5269,-1,-1,-1
457,258,1093.20,298.04,78.04,250.34,0.6778,-1,-1,-1
457,259,898.63,299.21,84.96,239.68,0.6763,-1,-1,-1
457,254,1157.26,310.45,73.56,249.23,0.3950,-1,-1,-1
457,260,728.09,251.67,69.08,320.74,0.6755,-1,-1,-1
458,204,764.51,200.21,168.09,519.02,0.8163,-1,-1,-1
458,245,987.73,211.71,121.39,441.33,0.7767,-1,-1,-1
458,247,1209.46,155.50,313.92,835.50,0.8971,-1,-1,-1
458,255,634.45,297.52,89.71,271.21,0.7159,-1,-1,-1
458,257,593.93,307.57,58.05,199.34,0.4871,-1,-1,-1
458,258,1099.26,293.73,78.90,255.42,0.7095,-1,-1,-1
458,259,907.42,298.36,85.45,240.09,0.7447,-1,-1,-1
458,260,731.52,249.82,69.04,319.30,0.7532,-1,-1,-1
459,204,771.78,203.57,166.79,517.27,0.8479,-1,-1,-1
459,245,995.90,207.14,122.17,444.34,0.8079,-1,-1,-1
459,247,1212.02,150.63,317.41,840.19,0.9081,-1,-1,-1
459,255,638.86,296.66,90.35,272.84,0.7247,-1,-1,-1
459,257,597.26,303.03,58.76,202.80,0.4792,-1,-1,-1
459,258,1105.78,293.39,79.63,257.08,0.7439,-1,-1,-1
459,259,912.11,297.49,84.73,238.71,0.7835,-1,-1,-1
459,260,733.56,249.81,69.95,322.08,0.7664,-1,-1,-1
460,204,778.93,203.44,164.63,513.56,0.8533,-1,-1,-1
460,245,1000.35,207.69,123.35,444.85,0.7900,-1,-1,-1
460,247,1215.45,144.10,319.08,837.15,0.9100,-1,-1,-1
460,255,641.03,295.93,90.60,272.91,0.7372,-1,-1,-1
460,258,1109.96,294.91,79.41,255.92,0.7269,-1,-1,-1
460,259,918.75,296.54,84.17,238.50,0.7890,-1,-1,-1
460,260,736.59,247.11,71.62,327.88,0.7712,-1,-1,-1
461,204,784.22,203.47,162.99,509.79,0.8304,-1,-1,-1
461,245,1004.98,209.84,123.53,445.16,0.7850,-1,-1,-1
461,247,1217.29,138.53,320.94,833.86,0.9076,-1,-1,-1
461,255,642.72,294.29,91.65,275.99,0.7432,-1,-1,-1
461,258,1113.80,294.08,79.61,254.09,0.7288,-1,-1,-1
461,259,925.81,296.46,83.30,237.43,0.7531,-1,-1,-1
461,260,739.53,243.20,72.86,331.23,0.7554,-1,-1,-1
462,204,787.07,201.72,162.09,508.05,0.8075,-1,-1,-1
462,245,1005.57,208.80,125.25,450.42,0.7936,-1,-1,-1
462,247,1218.81,133.20,322.81,830.01,0.9069,-1,-1,-1
462,255,643.87,292.51,92.24,278.24,0.7776,-1,-1,-1
462,258,1116.73,294.25,80.03,254.08,0.6668,-1,-1,-1
462,259,931.53,295.38,82.46,235.60,0.7295,-1,-1,-1
462,260,742.20,241.64,73.19,329.90,0.7587,-1,-1,-1
463,204,787.35,198.96,163.00,511.62,0.8201,-1,-1,-1
463,245,1006.41,207.87,126.19,451.59,0.8010,-1,-1,-1
463,247,1220.05,131.96,323.27,822.69,0.9067,-1,-1,-1
463,255,643.57,292.41,92.42,279.09,0.7689,-1,-1,-1
463,258,1120.57,292.82,79.77,252.36,0.6623,-1,-1,-1
463,259,935.39,291.09,82.34,236.18,0.7368,-1,-1,-1
463,260,741.53,239.35,74.44,333.46,0.7515,-1,-1,-1
464,204,785.98,192.57,163.07,511.06,0.8135,-1,-1,-1
464,245,1007.35,206.86,127.19,452.13,0.8048,-1,-1,-1
464,247,1221.88,129.27,325.68,823.54,0.9036,-1,-1,-1
464,255,640.94,290.55,91.82,277.61,0.7707,-1,-1,-1
464,258,1120.72,288.84,80.41,253.92,0.6681,-1,-1,-1
464,259,935.89,286.28,82.33,236.62,0.7360,-1,-1,-1
464,260,740.17,238.95,74.95,333.25,0.7737,-1,-1,-1
465,204,783.65,187.03,163.80,512.08,0.8149,-1,-1,-1
465,245,1008.27,206.91,127.65,450.85,0.7876,-1,-1,-1
465,247,1220.96,124.49,329.14,828.92,0.9071,-1,-1,-1
465,255,637.41,285.65,93.21,282.74,0.7539,-1,-1,-1
465,258,1124.52,288.20,79.35,252.08,0.6094,-1,-1,-1
465,259,935.20,281.31,82.84,238.98,0.7204,-1,-1,-1
465,260,736.05,233.99,76.40,336.47,0.7613,-1,-1,-1
466,204,780.07,181.82,164.75,512.55,0.8059,-1,-1,-1
466,245,1009.03,205.43,127.63,447.47,0.7771,-1,-1,-1
466,247,1218.09,120.58,333.53,836.80,0.9075,-1,-1,-1
466,255,633.75,283.23,93.44,284.64,0.7077,-1,-1,-1
466,258,1125.78,286.46,78.30,251.59,0.5959,-1,-1,-1
466,259,934.57,276.86,83.38,241.31,0.7318,-1,-1,-1
466,260,732.03,229.06,77.73,339.63,0.7355,-1,-1,-1
467,204,778.49,180.72,165.29,508.94,0.8208,-1,-1,-1
467,245,1007.81,204.65,128.54,449.10,0.7822,-1,-1,-1
467,247,1214.20,119.00,337.40,842.83,0.9090,-1,-1,-1
467,255,626.61,277.99,95.74,291.89,0.7178,-1,-1,-1
467,258,1125.20,283.63,78.26,253.53,0.6249,-1,-1,-1
467,259,933.61,275.11,83.68,242.21,0.7589,-1,-1,-1
467,260,726.17,224.72,79.53,343.66,0.7119,-1,-1,-1
468,204,775.26,179.38,166.40,509.17,0.8275,-1,-1,-1
468,245,1004.46,203.74,129.14,450.00,0.7759,-1,-1,-1
468,247,1207.76,117.68,342.39,851.61,0.9128,-1,-1,-1
468,255,620.42,275.22,96.81,295.88,0.7475,-1,-1,-1
468,258,1122.31,280.69,78.31,253.95,0.5713,-1,-1,-1
468,259,932.00,274.52,83.66,242.42,0.7661,-1,-1,-1
468,260,719.84,220.09,81.83,351.49,0.7289,-1,-1,-1
469,204,771.42,179.42,166.66,507.56,0.8289,-1,-1,-1
469,245,1002.35,203.33,128.05,445.70,0.7852,-1,-1,-1
469,247,1202.61,117.33,347.08,860.52,0.9112,-1,-1,-1
469,255,613.09,269.98,97.90,301.61,0.8041,-1,-1,-1
469,258,1118.17,279.75,79.16,254.54,0.5768,-1,-1,-1
469,259,928.79,272.80,84.12,243.48,0.7714,-1,-1,-1
469,260,712.26,217.85,82.83,354.59,0.7503,-1,-1,-1
470,204,768.61,176.54,169.19,513.01,0.8398,-1,-1,-1
470,245,999.88,199.93,128.91,447.54,0.8002,-1,-1,-1
470,247,1197.57,117.98,349.86,865.58,0.9142,-1,-1,-1
470,255,604.90,267.38,98.65,303.44,0.7812,-1,-1,-1
470,258,1114.93,277.77,80.16,257.12,0.6244,-1,-1,-1
470,259,924.77,272.35,83.84,243.30,0.7862,-1,-1,-1
470,260,707.66,215.31,84.03,357.53,0.7713,-1,-1,-1
471,204,765.56,174.78,169.76,513.25,0.8405,-1,-1,-1
471,245,997.18,196.51,129.65,449.97,0.7971,-1,-1,-1
471,247,1190.74,117.72,354.54,874.64,0.9087,-1,-1,-1
471,255,597.22,264.64,99.65,307.24,0.7758,-1,-1,-1
471,258,1109.36,273.58,81.00,260.07,0.5644,-1,-1,-1
471,259,920.91,272.23,84.03,243.57,0.8015,-1,-1,-1
471,260,699.67,212.55,85.30,359.66,0.7392,-1,-1,-1
472,204,760.48,173.78,170.33,512.82,0.8625,-1,-1,-1
472,245,994.17,196.45,129.79,449.90,0.7829,-1,-1,-1
472,247,1188.13,118.20,355.43,876.32,0.9108,-1,-1,-1
472,255,591.97,263.99,99.86,308.31,0.8215,-1,-1,-1
472,258,1106.06,271.33,82.23,264.26,0.6575,-1,-1,-1
472,259,918.51,271.47,83.82,243.40,0.8048,-1,-1,-1
472,260,693.25,209.19,86.93,362.16,0.7863,-1,-1,-1
473,204,759.45,173.66,171.05,513.80,0.8754,-1,-1,-1
473,245,990.01,196.00,129.76,450.56,0.7749,-1,-1,-1
473,247,1186.56,117.53,354.80,874.50,0.9105,-1,-1,-1
473,255,586.21,262.00,100.35,310.62,0.8205,-1,-1,-1
473,258,1105.55,270.64,83.06,265.91,0.6941,-1,-1,-1
473,259,917.11,271.88,83.43,242.93,0.7932,-1,-1,-1
473,260,687.73,206.00,88.79,364.96,0.8141,-1,-1,-1
474,204,759.94,174.71,171.19,513.72,0.8764,-1,-1,-1
474,245,987.18,195.23,129.42,450.35,0.7775,-1,-1,-1
474,247,1186.43,115.17,351.98,868.09,0.9124,-1,-1,-1
474,255,580.80,260.87,100.02,311.30,0.8550,-1,-1,-1
474,258,1101.99,269.08,83.44,267.90,0.7443,-1,-1,-1
474,259,915.64,273.41,82.97,242.92,0.7573,-1,-1,-1
474,260,682.79,204.76,91.02,368.76,0.8076,-1,-1,-1
475,204,760.59,175.15,171.63,514.10,0.8670,-1,-1,-1
475,245,985.33,195.73,125.90,441.37,0.7674,-1,-1,-1
475,247,1186.51,112.47,350.01,863.25,0.9117,-1,-1,-1
475,255,575.06,259.50,100.05,312.20,0.8384,-1,-1,-1
475,258,1097.49,267.09,83.24,268.30,0.7513,-1,-1,-1
475,259,916.16,275.86,81.51,239.23,0.7596,-1,-1,-1
475,260,676.43,203.12,93.16,371.42,0.8244,-1,-1,-1
476,204,762.11,175.60,171.71,512.84,0.8655,-1,-1,-1
476,245,982.28,194.45,123.69,436.32,0.7694,-1,-1,-1
476,247,1187.46,107.79,349.37,862.10,0.9087,-1,-1,-1
476,255,569.85,257.89,99.94,313.99,0.8238,-1,-1,-1
476,258,1095.74,264.17,83.15,270.59,0.7604,-1,-1,-1
476,259,916.59,276.59,79.74,235.72,0.7492,-1,-1,-1
476,260,671.08,202.00,95.47,374.48,0.8287,-1,-1,-1
477,204,764.91,176.91,171.51,511.49,0.8643,-1,-1,-1
477,245,980.63,194.11,122.36,434.24,0.7660,-1,-1,-1
477,247,1189.41,104.00,347.59,858.07,0.9085,-1,-1,-1
477,255,567.11,259.37,99.87,315.63,0.8306,-1,-1,-1
477,258,1095.28,263.25,82.82,272.06,0.7607,-1,-1,-1
477,259,917.00,278.94,78.47,233.59,0.7562,-1,-1,-1
477,260,666.46,202.31,98.17,378.45,0.8371,-1,-1,-1
478,204,768.81,178.36,171.19,509.99,0.8513,-1,-1,-1
478,245,979.17,194.89,121.81,433.97,0.7656,-1,-1,-1
478,247,1192.24,101.85,344.49,848.85,0.9091,-1,-1,-1
478,255,560.16,261.97,101.42,320.91,0.8093,-1,-1,-1
478,258,1094.30,264.46,82.47,272.52,0.7682,-1,-1,-1
478,259,917.61,279.33,78.27,235.17,0.6693,-1,-1,-1
478,260,662.42,204.02,101.16,383.68,0.8426,-1,-1,-1
479,204,773.74,178.81,170.66,507.81,0.8615,-1,-1,-1
479,245,978.96,195.54,121.68,433.19,0.7522,-1,-1,-1
479,247,1194.90,100.99,342.65,842.24,0.9118,-1,-1,-1
479,255,554.18,261.85,103.06,324.35,0.8061,-1,-1,-1
479,258,1094.10,264.92,82.16,273.47,0.7660,-1,-1,-1
479,259,914.19,252.02,87.30,265.57,0.5586,-1,-1,-1
479,260,659.99,204.73,103.83,387.12,0.8356,-1,-1,-1
480,204,778.16,180.00,170.10,504.58,0.8563,-1,-1,-1
480,245,977.72,194.76,123.48,440.73,0.7589,-1,-1,-1
480,247,1196.59,100.73,343.45,842.73,0.9095,-1,-1,-1
480,255,549.24,263.06,104.38,327.69,0.8075,-1,-1,-1
480,258,1094.20,265.50,82.36,275.88,0.7605,-1,-1,-1
480,259,913.27,239.72,90.25,278.34,0.4914,-1,-1,-1
480,260,657.79,205.27,106.83,389.96,0.8168,-1,-1,-1
481,204,781.95,181.71,169.28,501.26,0.8588,-1,-1,-1
481,245,977.68,195.39,124.95,446.59,0.7733,-1,-1,-1
481,247,1197.91,101.82,346.24,848.79,0.9125,-1,-1,-1
481,255,545.84,266.08,105.33,329.62,0.8047,-1,-1,-1
481,258,1095.50,269.93,81.50,273.24,0.7872,-1,-1,-1
481,259,919.63,262.94,81.59,253.69,0.3701,-1,-1,-1
481,260,657.06,206.70,110.10,393.52,0.8177,-1,-1,-1
482,204,786.87,185.06,170.14,501.81,0.8504,-1,-1,-1
482,245,978.38,198.54,124.48,444.06,0.7634,-1,-1,-1
482,247,1200.95,105.51,349.09,854.50,0.9113,-1,-1,-1
482,255,544.49,271.08,105.60,329.52,0.7955,-1,-1,-1
482,258,1096.77,274.13,81.04,271.64,0.7677,-1,-1,-1
482,260,657.87,209.84,112.72,395.48,0.8244,-1,-1,-1
483,204,790.42,184.02,171.93,505.59,0.8504,-1,-1,-1
483,245,982.10,200.21,125.56,446.20,0.7990,-1,-1,-1
483,247,1202.80,107.71,351.81,860.31,0.9092,-1,-1,-1
483,255,544.14,271.30,106.23,331.83,0.7802,-1,-1,-1
483,258,1100.46,274.61,82.11,274.19,0.7716,-1,-1,-1
483,260,658.67,210.04,115.64,397.96,0.8170,-1,-1,-1
484,204,796.31,183.54,172.54,508.16,0.8525,-1,-1,-1
484,245,985.44,202.63,126.05,448.08,0.8213,-1,-1,-1
484,247,1204.08,111.13,354.00,865.76,0.9080,-1,-1,-1
484,255,543.52,270.27,107.45,337.22,0.7710,-1,-1,-1
484,258,1103.58,275.45,82.79,274.51,0.7832,-1,-1,-1
484,260,657.09,209.17,118.46,403.21,0.8116,-1,-1,-1
485,204,804.14,188.43,170.96,502.86,0.8442,-1,-1,-1
485,245,990.05,206.09,126.05,449.38,0.8210,-1,-1,-1
485,247,1205.64,113.31,357.91,876.52,0.9015,-1,-1,-1
485,255,542.80,271.44,108.65,341.39,0.7962,-1,-1,-1
485,258,1105.22,275.15,84.01,277.96,0.7897,-1,-1,-1
485,260,656.03,208.32,121.27,410.21,0.8024,-1,-1,-1
486,204,810.03,191.04,171.66,504.98,0.8459,-1,-1,-1
486,245,994.81,209.93,125.42,448.71,0.8143,-1,-1,-1
486,247,1209.18,117.59,360.21,885.43,0.9044,-1,-1,-1
486,255,543.48,271.58,109.91,345.36,0.7992,-1,-1,-1
486,258,1109.15,278.28,85.16,277.25,0.7854,-1,-1,-1
486,260,658.98,207.97,123.44,412.91,0.8148,-1,-1,-1
487,204,816.62,194.02,173.08,509.92,0.8609,-1,-1,-1
487,245,1000.79,215.52,125.05,448.78,0.7954,-1,-1,-1
487,247,1214.79,126.44,360.99,890.61,0.9047,-1,-1,-1
487,255,542.37,270.19,111.68,350.75,0.8125,-1,-1,-1
487,258,1114.19,281.58,86.47,279.37,0.7876,-1,-1,-1
487,260,664.14,208.32,127.11,417.70,0.8055,-1,-1,-1
488,204,823.76,200.41,173.22,509.88,0.8573,-1,-1,-1
488,245,1004.59,220.35,125.24,449.03,0.8017,-1,-1,-1
488,247,1218.66,135.00,360.86,893.48,0.9044,-1,-1,-1
488,255,542.35,271.19,112.95,354.59,0.8075,-1,-1,-1
488,258,1119.69,284.60,86.93,278.67,0.7799,-1,-1,-1
488,260,666.84,210.12,129.58,419.72,0.8048,-1,-1,-1
489,204,833.16,205.34,173.82,510.20,0.8523,-1,-1,-1
489,245,1009.66,226.65,123.63,443.87,0.7789,-1,-1,-1
489,247,1221.80,140.20,359.80,893.70,0.9078,-1,-1,-1
489,255,542.28,270.49,114.88,359.58,0.7907,-1,-1,-1
489,258,1127.40,290.38,86.88,277.96,0.7963,-1,-1,-1
489,260,670.71,210.95,132.57,422.07,0.8042,-1,-1,-1
490,204,840.04,211.93,173.85,508.93,0.8672,-1,-1,-1
490,245,1013.45,229.05,124.32,446.67,0.7751,-1,-1,-1
490,247,1225.87,142.94,358.47,892.10,0.9106,-1,-1,-1
490,255,541.24,271.35,117.36,363.05,0.7834,-1,-1,-1
490,258,1133.53,295.23,86.50,275.15,0.8022,-1,-1,-1
490,260,672.22,212.37,135.75,426.29,0.7998,-1,-1,-1
491,204,845.82,217.23,174.18,508.52,0.8650,-1,-1,-1
491,245,1015.35,229.06,124.54,447.92,0.7798,-1,-1,-1
491,247,1226.97,143.52,359.09,894.41,0.9101,-1,-1,-1
491,255,538.10,272.39,119.71,365.75,0.7804,-1,-1,-1
491,258,1137.95,299.09,86.80,273.96,0.8188,-1,-1,-1
491,260,673.63,213.07,139.01,429.84,0.8141,-1,-1,-1
492,204,850.04,223.12,174.27,507.72,0.8460,-1,-1,-1
492,245,1015.35,231.52,125.39,450.72,0.7853,-1,-1,-1
492,247,1228.72,142.88,360.28,895.25,0.9084,-1,-1,-1
492,255,536.16,273.02,122.37,367.34,0.8083,-1,-1,-1
492,258,1140.57,303.37,87.90,274.70,0.8235,-1,-1,-1
492,260,674.06,213.42,141.58,432.57,0.8303,-1,-1,-1
493,204,852.19,229.49,173.62,505.96,0.8309,-1,-1,-1
493,245,1016.57,232.83,126.06,452.31,0.8115,-1,-1,-1
493,247,1224.73,139.09,362.60,901.61,0.8988,-1,-1,-1
493,255,532.92,274.04,125.06,369.48,0.7978,-1,-1,-1
493,258,1141.92,308.06,88.66,273.14,0.8216,-1,-1,-1
493,260,670.12,213.46,144.41,436.16,0.8135,-1,-1,-1
494,204,856.94,231.24,171.38,498.33,0.8308,-1,-1,-1
494,245,1016.50,233.79,125.60,449.75,0.8162,-1,-1,-1
494,247,1218.84,135.93,359.74,895.95,0.8984,-1,-1,-1
494,255,528.69,275.27,128.58,374.95,0.8202,-1,-1,-1
494,258,1141.82,310.90,89.74,272.20,0.7904,-1,-1,-1
494,260,666.56,213.40,147.54,442.57,0.8268,-1,-1,-1
495,204,860.05,231.46,170.83,496.53,0.8385,-1,-1,-1
495,245,1013.46,234.71,125.60,448.19,0.8094,-1,-1,-1
495,247,1214.96,133.11,356.97,889.23,0.9057,-1,-1,-1
495,255,523.95,277.25,131.55,379.40,0.7914,-1,-1,-1
495,258,1141.80,312.70,91.03,273.55,0.7831,-1,-1,-1
495,260,662.30,213.25,151.09,449.84,0.8195,-1,-1,-1
496,204,862.02,231.17,170.80,495.80,0.8126,-1,-1,-1
496,245,1012.96,235.36,125.42,446.12,0.8063,-1,-1,-1
496,247,1213.88,129.53,354.45,883.32,0.9091,-1,-1,-1
496,255,519.12,280.39,133.61,382.24,0.8007,-1,-1,-1
496,258,1143.84,313.60,91.94,274.89,0.7659,-1,-1,-1
496,260,656.08,213.70,154.69,454.62,0.8373,-1,-1,-1
497,204,866.11,230.76,165.66,476.96,0.8111,-1,-1,-1
497,245,1011.80,235.09,125.87,446.41,0.8103,-1,-1,-1
497,247,1211.70,124.29,355.13,885.92,0.9162,-1,-1,-1
497,255,514.54,282.66,135.34,384.61,0.8176,-1,-1,-1
497,258,1144.38,313.73,93.21,277.68,0.7445,-1,-1,-1
497,260,650.20,213.54,157.83,457.15,0.8461,-1,-1,-1
498,204,868.43,230.15,162.42,462.33,0.8131,-1,-1,-1
498,245,1010.63,235.71,126.38,446.99,0.8242,-1,-1,-1
498,247,1208.74,120.20,357.63,893.84,0.9115,-1,-1,-1
498,255,509.91,285.31,135.51,384.33,0.8260,-1,-1,-1
498,258,1144.34,313.62,93.99,279.11,0.7723,-1,-1,-1
498,260,644.55,213.11,160.80,460.61,0.8764,-1,-1,-1
499,204,865.20,228.80,169.37,480.52,0.8189,-1,-1,-1
499,245,1009.62,234.44,127.08,448.85,0.8059,-1,-1,-1
499,247,1206.93,116.90,360.41,903.55,0.9119,-1,-1,-1
499,255,503.56,287.20,137.23,387.18,0.8103,-1,-1,-1
499,258,1144.45,313.12,95.00,282.20,0.7388,-1,-1,-1
499,260,637.33,214.13,163.05,463.99,0.8769,-1,-1,-1
500,204,863.78,227.70,171.28,484.68,0.8309,-1,-1,-1
500,245,1008.38,233.59,127.73,452.05,0.8011,-1,-1,-1
500,247,1204.08,115.02,363.65,914.49,0.9101,-1,-1,-1
500,255,496.99,289.52,138.81,390.70,0.8254,-1,-1,-1
500,258,1143.38,313.25,95.99,284.77,0.7397,-1,-1,-1
500,260,629.77,214.22,165.99,471.04,0.8412,-1,-1,-1
501,204,862.04,227.49,173.45,489.26,0.8407,-1,-1,-1
501,245,1007.70,233.79,128.00,453.35,0.8121,-1,-1,-1
501,247,1202.31,114.28,365.86,923.49,0.9116,-1,-1,-1
501,255,489.34,285.92,141.47,397.85,0.8323,-1,-1,-1
501,258,1143.70,312.94,95.94,284.80,0.7571,-1,-1,-1
501,260,623.64,212.92,169.09,479.96,0.8423,-1,-1,-1
502,204,862.33,227.89,174.04,488.98,0.8465,-1,-1,-1
502,245,1005.63,235.16,128.08,453.34,0.8182,-1,-1,-1
502,247,1201.55,114.22,366.80,929.85,0.9147,-1,-1,-1
502,255,481.26,284.28,143.36,404.12,0.8263,-1,-1,-1
502,258,1143.35,312.37,95.86,284.15,0.7961,-1,-1,-1
502,260,618.71,213.13,171.12,484.63,0.8389,-1,-1,-1
503,204,859.13,226.70,176.15,494.18,0.8427,-1,-1,-1
503,245,1004.58,235.64,127.73,450.47,0.8122,-1,-1,-1
503,247,1201.10,115.27,366.71,933.65,0.9157,-1,-1,-1
503,255,471.82,279.97,145.12,410.11,0.8174,-1,-1,-1
503,258,1140.70,310.61,96.24,285.04,0.8153,-1,-1,-1
503,260,609.08,208.80,171.64,488.21,0.8485,-1,-1,-1
504,204,857.20,225.76,176.44,492.84,0.8407,-1,-1,-1
504,245,1003.25,234.61,127.45,448.93,0.8056,-1,-1,-1
504,247,1200.03,116.17,366.85,937.79,0.9172,-1,-1,-1
504,255,463.15,276.65,146.57,414.66,0.8151,-1,-1,-1
504,258,1138.82,307.51,97.33,287.88,0.8100,-1,-1,-1
504,260,600.62,200.34,174.41,498.17,0.8539,-1,-1,-1
505,204,857.79,225.47,177.81,495.09,0.8217,-1,-1,-1
505,245,1002.05,231.94,126.63,449.07,0.7633,-1,-1,-1
505,247,1200.45,115.88,367.04,942.16,0.9195,-1,-1,-1
505,255,452.51,271.63,148.51,421.43,0.8092,-1,-1,-1
505,258,1136.84,304.30,97.53,288.41,0.8120,-1,-1,-1
505,260,591.69,196.53,176.13,503.85,0.8639,-1,-1,-1
506,204,856.67,224.72,180.16,501.03,0.8192,-1,-1,-1
506,245,1000.96,232.47,124.36,442.70,0.7543,-1,-1,-1
506,247,1200.74,114.55,366.93,945.46,0.9161,-1,-1,-1
506,255,443.34,267.86,150.77,427.23,0.8197,-1,-1,-1
506,258,1133.65,300.93,98.73,290.03,0.8077,-1,-1,-1
506,260,581.12,190.52,176.76,508.09,0.8524,-1,-1,-1
507,204,856.37,224.98,181.18,504.33,0.8122,-1,-1,-1
507,245,999.21,232.94,123.39,441.05,0.7591,-1,-1,-1
507,247,1203.82,112.65,363.44,939.28,0.9159,-1,-1,-1
507,255,432.91,263.79,152.86,434.09,0.8505,-1,-1,-1
507,258,1131.78,298.42,99.38,290.96,0.8150,-1,-1,-1
507,260,571.91,187.23,176.56,509.43,0.8499,-1,-1,-1
508,204,854.49,228.20,179.54,500.55,0.8230,-1,-1,-1
508,245,997.09,229.34,122.84,445.13,0.7305,-1,-1,-1
508,247,1205.45,109.28,360.98,935.97,0.9172,-1,-1,-1
508,255,419.50,260.10,154.27,439.45,0.8384,-1,-1,-1
508,258,1131.85,296.78,99.07,290.73,0.7945,-1,-1,-1
508,260,560.80,181.83,178.47,517.93,0.8464,-1,-1,-1
509,204,853.77,228.86,177.35,495.28,0.8009,-1,-1,-1
509,245,992.62,227.75,121.07,448.19,0.7384,-1,-1,-1
509,247,1205.10,105.79,359.61,935.40,0.9159,-1,-1,-1
509,255,408.11,256.36,155.22,443.92,0.8459,-1,-1,-1
509,258,1128.13,295.70,98.66,290.19,0.7947,-1,-1,-1
509,260,549.22,176.11,180.37,525.77,0.8655,-1,-1,-1
510,204,851.46,228.61,175.58,491.06,0.7938,-1,-1,-1
510,245,989.32,227.62,118.91,448.40,0.7134,-1,-1,-1
510,247,1205.81,101.95,358.99,934.33,0.9113,-1,-1,-1
510,255,393.58,254.12,156.64,450.19,0.8395,-1,-1,-1
510,258,1123.36,293.93,98.81,290.82,0.8059,-1,-1,-1
510,260,536.84,171.11,182.81,534.20,0.8798,-1,-1,-1
511,204,853.52,226.84,172.65,486.33,0.7536,-1,-1,-1
511,245,985.24,222.03,118.97,456.25,0.6836,-1,-1,-1
511,247,1206.42,96.38,356.28,925.99,0.9118,-1,-1,-1
511,255,378.45,251.82,159.66,459.22,0.8520,-1,-1,-1
511,258,1119.38,290.66,99.53,293.93,0.8114,-1,-1,-1
511,260,523.74,169.83,183.58,538.02,0.8654,-1,-1,-1
512,204,852.48,221.89,170.49,483.10,0.7486,-1,-1,-1
512,245,982.45,217.97,118.78,462.49,0.6845,-1,-1,-1
512,247,1206.89,89.60,351.90,913.18,0.9077,-1,-1,-1
512,255,363.92,250.95,162.46,468.44,0.8265,-1,-1,-1
512,258,1114.85,286.50,100.17,296.66,0.7847,-1,-1,-1
512,260,511.96,167.96,186.01,545.99,0.8665,-1,-1,-1
513,204,849.35,216.86,169.58,482.92,0.8258,-1,-1,-1
513,245,976.94,220.41,113.96,455.89,0.6102,-1,-1,-1
513,247,1208.41,84.38,348.67,903.59,0.9028,-1,-1,-1
513,255,350.40,247.22,165.53,478.77,0.8543,-1,-1,-1
513,258,1111.49,284.38,100.01,296.83,0.7458,-1,-1,-1
513,260,501.29,162.89,189.79,557.56,0.8584,-1,-1,-1
514,204,846.75,208.87,169.64,486.40,0.7774,-1,-1,-1
514,245,976.34,214.93,111.09,453.30,0.6746,-1,-1,-1
514,247,1210.61,76.77,347.42,900.07,0.9054,-1,-1,-1
514,255,341.07,246.46,165.58,478.87,0.8290,-1,-1,-1
514,258,1108.90,279.65,100.25,297.54,0.7837,-1,-1,-1
514,260,490.23,158.48,194.01,569.30,0.8477,-1,-1,-1
515,204,845.68,205.34,168.49,486.22,0.7921,-1,-1,-1
515,245,977.09,211.62,109.04,453.07,0.6656,-1,-1,-1
515,247,1211.74,69.93,348.32,903.36,0.9066,-1,-1,-1
515,255,330.79,245.30,166.95,482.01,0.8546,-1,-1,-1
515,258,1105.91,275.69,100.78,298.77,0.8049,-1,-1,-1
515,260,480.91,155.30,197.25,578.99,0.8479,-1,-1,-1
516,204,844.59,202.50,167.65,486.48,0.8173,-1,-1,-1
516,245,977.81,206.87,106.48,450.04,0.6717,-1,-1,-1
516,247,1212.87,63.88,349.39,908.49,0.9067,-1,-1,-1
516,255,319.70,244.30,170.08,490.17,0.8639,-1,-1,-1
516,258,1104.51,273.35,100.92,299.26,0.8176,-1,-1,-1
516,260,472.50,151.75,200.27,586.11,0.8653,-1,-1,-1
517,204,844.65,199.29,167.16,488.84,0.8158,-1,-1,-1
517,245,978.52,204.18,102.74,441.79,0.6631,-1,-1,-1
517,247,1213.66,59.86,351.22,916.51,0.9086,-1,-1,-1
517,255,308.03,240.76,173.87,502.21,0.8546,-1,-1,-1
517,258,1104.62,271.00,101.37,300.75,0.8210,-1,-1,-1
517,260,466.31,150.27,203.82,595.06,0.8866,-1,-1,-1
518,204,844.92,197.36,166.69,491.79,0.7923,-1,-1,-1
518,245,978.64,201.55,100.08,438.28,0.6678,-1,-1,-1
518,247,1213.51,57.13,353.69,926.79,0.9090,-1,-1,-1
518,255,297.03,236.02,177.83,515.26,0.8636,-1,-1,-1
518,258,1103.78,268.77,102.71,304.12,0.8106,-1,-1,-1
518,260,460.41,147.25,207.64,604.63,0.8800,-1,-1,-1
519,204,845.19,196.13,166.10,493.58,0.7936,-1,-1,-1
519,245,978.90,199.40,98.05,436.81,0.6409,-1,-1,-1
519,247,1213.85,56.20,354.49,932.71,0.9035,-1,-1,-1
519,255,287.56,231.46,181.45,527.37,0.8635,-1,-1,-1
519,258,1102.14,265.05,104.15,307.43,0.8084,-1,-1,-1
519,260,453.99,143.75,211.67,614.48,0.8662,-1,-1,-1
520,204,846.33,194.00,165.40,495.40,0.7847,-1,-1,-1
520,245,979.17,196.80,96.79,438.25,0.6349,-1,-1,-1
520,247,1216.36,54.96,355.46,940.54,0.9025,-1,-1,-1
520,255,277.86,226.68,184.06,535.18,0.8732,-1,-1,-1
520,258,1103.08,264.20,104.14,306.10,0.8028,-1,-1,-1
520,260,449.50,139.82,215.51,623.46,0.8580,-1,-1,-1
520,264,1054.89,286.46,57.22,221.43,0.5421,-1,-1,-1
521,204,849.04,195.81,164.22,496.04,0.7859,-1,-1,-1
521,245,981.37,196.24,95.60,439.35,0.6698,-1,-1,-1
521,247,1220.06,57.17,355.62,946.50,0.9022,-1,-1,-1
521,255,271.53,226.92,185.17,538.13,0.8842,-1,-1,-1
521,258,1107.38,263.85,104.84,306.94,0.7963,-1,-1,-1
521,260,447.17,135.97,218.87,631.06,0.8568,-1,-1,-1
521,264,1059.68,294.56,55.22,213.53,0.5819,-1,-1,-1
522,204,851.78,197.33,162.30,493.65,0.8086,-1,-1,-1
522,245,982.38,195.32,94.60,440.93,0.6511,-1,-1,-1
522,247,1220.83,56.81,355.80,954.42,0.9047,-1,-1,-1
522,255,264.73,223.67,187.47,544.65,0.8767,-1,-1,-1
522,258,1108.40,262.10,105.06,306.94,0.7992,-1,-1,-1
522,260,444.38,130.92,222.26,638.87,0.8674,-1,-1,-1
522,264,1060.38,286.72,55.58,214.88,0.5760,-1,-1,-1
523,204,855.38,197.12,160.78,492.91,0.8158,-1,-1,-1
523,245,983.47,193.64,94.20,444.80,0.6679,-1,-1,-1
523,247,1220.15,54.89,355.67,962.77,0.9078,-1,-1,-1
523,255,257.08,218.60,190.91,552.34,0.8786,-1,-1,-1
523,258,1109.21,260.01,105.25,306.01,0.7868,-1,-1,-1
523,260,438.86,121.24,227.53,652.21,0.8748,-1,-1,-1
523,264,1061.91,285.32,55.70,214.69,0.6369,-1,-1,-1
524,204,860.33,198.12,159.09,492.05,0.8325,-1,-1,-1
524,245,985.50,196.55,93.59,448.90,0.6185,-1,-1,-1
524,247,1221.71,53.31,353.02,963.70,0.9067,-1,-1,-1
524,255,250.22,215.87,194.66,561.12,0.8795,-1,-1,-1
524,258,1109.29,258.38,106.34,306.79,0.7970,-1,-1,-1
524,260,435.06,117.73,230.73,659.15,0.8761,-1,-1,-1
524,264,1062.75,282.45,56.39,216.36,0.6624,-1,-1,-1
525,204,866.35,199.15,157.95,491.17,0.8534,-1,-1,-1
525,245,989.42,200.05,91.48,441.95,0.5593,-1,-1,-1
525,247,1223.66,49.61,351.66,966.57,0.9048,-1,-1,-1
525,255,242.62,212.89,197.41,567.13,0.8767,-1,-1,-1
525,258,1112.88,256.70,107.25,307.22,0.8081,-1,-1,-1
525,260,433.73,113.08,234.26,667.00,0.8757,-1,-1,-1
525,264,1066.35,280.45,57.13,218.23,0.6511,-1,-1,-1
526,204,871.60,199.00,157.67,492.95,0.8613,-1,-1,-1
526,245,992.79,201.50,91.59,444.27,0.5388,-1,-1,-1
526,247,1228.00,47.76,349.42,966.29,0.9025,-1,-1,-1
526,255,234.46,209.94,200.44,574.10,0.8671,-1,-1,-1
526,258,1116.33,255.51,109.12,310.09,0.8281,-1,-1,-1
526,260,432.48,110.16,237.33,672.32,0.8780,-1,-1,-1
526,264,1069.73,277.41,57.83,220.62,0.7115,-1,-1,-1
527,204,876.27,199.92,156.85,491.97,0.8386,-1,-1,-1
527,245,995.32,203.06,92.00,446.82,0.6063,-1,-1,-1
527,247,1233.00,48.17,346.67,964.41,0.9087,-1,-1,-1
527,255,225.83,205.95,203.93,583.34,0.8560,-1,-1,-1
527,258,1120.19,257.39,110.00,309.61,0.8428,-1,-1,-1
527,260,430.59,109.42,240.27,675.75,0.8747,-1,-1,-1
527,264,1073.25,277.93,58.96,223.99,0.7561,-1,-1,-1
528,204,878.19,199.52,157.12,492.65,0.8258,-1,-1,-1
528,245,998.17,202.87,92.64,449.81,0.5889,-1,-1,-1
528,247,1235.70,46.31,345.48,964.70,0.9093,-1,-1,-1
528,255,222.41,205.08,206.52,589.88,0.8463,-1,-1,-1
528,258,1124.69,258.98,110.38,310.32,0.8397,-1,-1,-1
528,260,427.32,107.30,244.20,681.86,0.8841,-1,-1,-1
528,264,1078.99,277.50,59.42,224.76,0.7222,-1,-1,-1
529,204,877.93,198.62,156.71,490.77,0.8119,-1,-1,-1
529,245,1000.08,202.88,92.74,451.71,0.6234,-1,-1,-1
529,247,1238.54,46.58,342.55,958.14,0.9104,-1,-1,-1
529,255,218.66,204.69,211.39,604.74,0.8253,-1,-1,-1
529,258,1130.06,260.32,110.53,311.47,0.8126,-1,-1,-1
529,260,423.92,104.07,249.83,691.96,0.8815,-1,-1,-1
529,264,1083.63,281.53,59.66,226.01,0.7215,-1,-1,-1
530,204,882.32,197.02,155.52,490.81,0.7797,-1,-1,-1
530,245,1004.47,206.47,92.26,451.90,0.7038,-1,-1,-1
530,247,1246.54,47.65,338.83,945.83,0.9049,-1,-1,-1
530,255,211.68,204.85,218.04,624.24,0.8275,-1,-1,-1
530,258,1134.40,261.18,110.82,313.32,0.8000,-1,-1,-1
530,260,415.64,100.98,258.21,708.67,0.8806,-1,-1,-1
530,264,1090.41,292.57,57.21,214.73,0.6524,-1,-1,-1
531,204,881.01,195.69,155.98,491.20,0.7960,-1,-1,-1
531,245,1008.58,206.62,93.18,456.77,0.7153,-1,-1,-1
531,247,1250.85,47.93,337.77,940.25,0.9107,-1,-1,-1
531,255,205.72,206.69,221.30,634.62,0.8439,-1,-1,-1
531,258,1140.23,263.46,110.08,312.32,0.8074,-1,-1,-1
531,260,408.13,95.08,268.67,734.06,0.8831,-1,-1,-1
531,264,1096.14,293.19,57.52,213.69,0.7247,-1,-1,-1
532,204,886.29,197.15,155.15,487.98,0.8205,-1,-1,-1
532,245,1011.83,203.09,93.87,461.12,0.6439,-1,-1,-1
532,247,1253.69,47.02,340.61,946.00,0.9081,-1,-1,-1
532,255,201.90,209.30,222.41,637.40,0.8573,-1,-1,-1
532,258,1144.08,264.32,110.08,313.56,0.8129,-1,-1,-1
532,260,402.22,91.96,276.66,752.93,0.8872,-1,-1,-1
532,264,1100.49,293.84,58.12,215.31,0.7336,-1,-1,-1
533,204,890.96,199.10,154.58,486.43,0.8351,-1,-1,-1
533,245,1014.59,202.94,93.72,460.97,0.7141,-1,-1,-1
533,247,1257.27,47.32,344.02,952.43,0.9008,-1,-1,-1
533,255,195.72,212.06,224.00,642.46,0.8669,-1,-1,-1
533,258,1148.44,267.68,110.06,314.86,0.8024,-1,-1,-1
533,260,395.72,90.05,282.14,763.29,0.8827,-1,-1,-1
533,264,1103.75,288.02,60.12,222.47,0.6586,-1,-1,-1
534,204,893.72,200.72,156.21,492.92,0.8349,-1,-1,-1
534,245,1015.24,199.61,94.25,464.98,0.6615,-1,-1,-1
534,247,1263.03,45.13,348.41,962.05,0.9035,-1,-1,-1
534,255,187.95,214.78,224.63,644.89,0.8753,-1,-1,-1
534,258,1152.16,269.52,110.13,316.06,0.7684,-1,-1,-1
534,260,389.87,89.17,285.79,767.64,0.8852,-1,-1,-1
534,264,1107.18,287.33,62.10,229.30,0.5998,-1,-1,-1
535,204,895.39,203.59,155.99,492.93,0.8422,-1,-1,-1
535,245,1017.13,199.30,95.25,470.33,0.6857,-1,-1,-1
535,247,1265.42,43.52,352.89,973.47,0.9082,-1,-1,-1
535,255,177.42,211.73,232.04,668.21,0.8801,-1,-1,-1
535,258,1154.41,269.89,110.76,317.11,0.7876,-1,-1,-1
535,260,381.33,86.65,291.04,778.12,0.8757,-1,-1,-1
535,264,1107.25,288.53,62.38,231.24,0.4044,-1,-1,-1
536,204,898.24,204.88,155.96,494.20,0.8320,-1,-1,-1
536,245,1018.50,197.60,94.90,469.56,0.7118,-1,-1,-1
536,247,1267.40,41.88,357.51,983.98,0.9050,-1,-1,-1
536,255,167.28,209.46,236.25,681.10,0.8808,-1,-1,-1
536,258,1155.92,269.73,111.16,317.90,0.8013,-1,-1,-1
536,260,372.17,83.01,299.58,801.41,0.8700,-1,-1,-1
536,264,1109.18,292.62,60.98,226.48,0.3572,-1,-1,-1
537,204,900.84,208.44,155.25,493.37,0.8228,-1,-1,-1
537,245,1019.73,198.30,94.01,465.44,0.6986,-1,-1,-1
537,247,1268.98,40.81,361.40,992.02,0.9050,-1,-1,-1
537,255,154.19,206.38,240.53,693.27,0.8765,-1,-1,-1
537,258,1156.77,269.99,111.32,318.28,0.7664,-1,-1,-1
537,260,361.70,79.26,307.32,824.25,0.8744,-1,-1,-1
537,264,1112.75,286.35,64.29,238.60,0.3736,-1,-1,-1
538,204,903.14,211.56,154.39,491.27,0.8182,-1,-1,-1
538,245,1022.75,199.64,94.04,461.80,0.7037,-1,-1,-1
538,247,1271.83,40.66,365.05,999.08,0.9047,-1,-1,-1
538,255,138.98,200.95,245.11,706.88,0.8730,-1,-1,-1
538,258,1157.98,269.05,111.87,320.55,0.8010,-1,-1,-1
538,260,347.16,70.08,313.31,844.80,0.8846,-1,-1,-1
538,264,1114.61,283.45,65.58,244.25,0.3619,-1,-1,-1
539,204,902.80,212.10,154.12,491.43,0.8160,-1,-1,-1
539,245,1025.28,199.77,93.73,454.50,0.7193,-1,-1,-1
539,247,1273.32,39.92,368.64,1006.41,0.9043,-1,-1,-1
539,255,117.90,192.02,249.82,720.13,0.8693,-1,-1,-1
539,258,1155.94,266.57,112.45,322.86,0.7894,-1,-1,-1
539,260,337.36,57.73,318.81,863.32,0.8803,-1,-1,-1
540,204,903.24,212.60,153.74,490.87,0.8094,-1,-1,-1
540,245,1022.80,198.80,93.45,454.02,0.6248,-1,-1,-1
540,247,1274.89,40.66,371.42,1013.31,0.9040,-1,-1,-1
540,255,98.59,182.70,253.53,734.19,0.8850,-1,-1,-1
540,258,1152.73,266.25,112.14,322.85,0.7977,-1,-1,-1
540,260,324.37,51.64,321.69,874.19,0.8769,-1,-1,-1
541,204,902.88,215.59,151.75,485.56,0.8054,-1,-1,-1
541,245,1021.09,199.53,93.72,454.02,0.7096,-1,-1,-1
541,247,1275.76,47.38,371.98,1013.02,0.9000,-1,-1,-1
541,255,78.79,179.97,256.70,744.44,0.8952,-1,-1,-1
541,258,1143.64,267.70,112.65,322.38,0.7808,-1,-1,-1
541,260,303.10,43.75,325.00,887.37,0.8858,-1,-1,-1
542,204,898.80,213.43,152.15,487.35,0.7967,-1,-1,-1
542,245,1016.56,197.43,93.01,454.76,0.6567,-1,-1,-1
542,247,1276.79,51.42,371.53,1009.54,0.8952,-1,-1,-1
542,255,56.61,170.64,260.03,754.74,0.8871,-1,-1,-1
542,258,1140.79,267.12,112.78,323.45,0.8210,-1,-1,-1
542,260,283.87,35.85,327.77,901.45,0.8866,-1,-1,-1
543,204,894.34,210.58,152.65,488.91,0.8219,-1,-1,-1
543,245,1014.26,195.63,92.07,455.07,0.6310,-1,-1,-1
543,247,1279.39,51.82,370.64,1005.31,0.8989,-1,-1,-1
543,255,32.98,162.02,264.72,768.95,0.8898,-1,-1,-1
543,258,1134.81,265.91,112.30,322.32,0.7960,-1,-1,-1
543,260,261.14,23.55,332.83,917.89,0.8778,-1,-1,-1
543,265,583.81,288.17,71.32,254.67,0.5995,-1,-1,-1
544,204,892.63,206.86,152.13,487.16,0.8171,-1,-1,-1
544,245,1012.58,192.26,92.16,459.10,0.5611,-1,-1,-1
544,247,1280.41,52.40,371.57,1007.04,0.8984,-1,-1,-1
544,255,10.36,155.69,269.14,781.09,0.8870,-1,-1,-1
544,258,1124.89,263.78,114.38,326.15,0.8357,-1,-1,-1
544,260,244.71,13.47,336.45,935.14,0.8982,-1,-1,-1
544,265,581.28,287.26,71.98,256.89,0.6438,-1,-1,-1
545,204,890.82,204.84,151.35,484.44,0.8098,-1,-1,-1
545,245,1010.32,197.81,91.62,459.42,0.6109,-1,-1,-1
545,247,1282.22,53.66,370.59,1003.56,0.9040,-1,-1,-1
545,255,-7.47,148.43,273.15,798.60,0.8815,-1,-1,-1
545,258,1116.65,264.31,116.03,328.06,0.8420,-1,-1,-1
545,260,221.26,5.22,340.70,949.94,0.8899,-1,-1,-1
545,265,578.86,289.40,71.54,255.17,0.6475,-1,-1,-1
546,204,887.94,203.06,151.78,484.21,0.8077,-1,-1,-1
546,245,1011.24,198.78,90.10,449.06,0.4927,-1,-1,-1
546,247,1282.18,54.36,370.28,1001.82,0.9042,-1,-1,-1
546,255,-20.59,142.58,276.11,819.90,0.8869,-1,-1,-1
546,258,1113.08,267.41,115.65,325.75,0.8204,-1,-1,-1
546,260,202.27,3.03,344.24,961.02,0.9040,-1,-1,-1
546,265,574.87,289.03,71.11,253.68,0.6964,-1,-1,-1
547,204,882.54,201.76,152.24,484.61,0.8088,-1,-1,-1
547,245,1009.80,199.42,91.29,448.15,0.6078,-1,-1,-1
547,247,1281.58,53.96,368.37,995.75,0.9079,-1,-1,-1
547,255,-29.96,134.28,275.99,837.34,0.8793,-1,-1,-1
547,258,1110.49,268.21,114.60,324.22,0.7743,-1,-1,-1
547,260,184.09,0.58,347.43,969.81,0.8975,-1,-1,-1
547,265,566.14,289.73,70.75,254.02,0.6272,-1,-1,-1
548,204,877.47,202.18,152.86,485.55,0.8153,-1,-1,-1
548,245,1010.96,201.64,93.72,447.65,0.6326,-1,-1,-1
548,247,1281.79,53.19,364.69,984.27,0.9042,-1,-1,-1
548,255,-35.64,126.56,271.38,844.73,0.8607,-1,-1,-1
548,258,1101.45,269.44,115.12,325.30,0.8084,-1,-1,-1
548,260,165.06,0.35,354.10,986.16,0.8996,-1,-1,-1
548,265,559.40,288.25,71.25,257.72,0.6729,-1,-1,-1
549,204,870.03,202.01,153.63,489.06,0.8359,-1,-1,-1
549,245,1012.09,212.79,95.31,435.68,0.6793,-1,-1,-1
549,247,1281.30,51.23,361.09,973.07,0.9045,-1,-1,-1
549,255,-38.32,125.49,265.96,850.89,0.8491,-1,-1,-1
549,258,1097.04,271.06,114.46,324.19,0.8208,-1,-1,-1
549,260,135.54,-0.76,368.85,1018.43,0.8784,-1,-1,-1
549,265,553.19,290.64,70.19,255.14,0.6634,-1,-1,-1
550,204,866.30,203.14,154.24,491.79,0.8402,-1,-1,-1
550,245,1031.16,255.63,85.76,376.50,0.6143,-1,-1,-1
550,247,1279.35,49.45,360.69,971.71,0.9036,-1,-1,-1
550,255,-46.21,148.70,251.12,835.03,0.8166,-1,-1,-1
550,258,1093.24,272.08,113.29,323.87,0.8088,-1,-1,-1
550,260,103.90,-0.22,383.01,1054.07,0.8849,-1,-1,-1
550,265,547.00,287.52,71.38,259.35,0.6639,-1,-1,-1
551,204,863.23,206.54,152.90,489.07,0.8467,-1,-1,-1
551,245,1036.97,280.16,82.48,347.53,0.6775,-1,-1,-1
551,247,1276.61,48.34,363.39,979.89,0.8995,-1,-1,-1
551,255,-41.49,217.68,224.13,770.73,0.8401,-1,-1,-1
551,258,1090.43,273.69,111.81,322.11,0.7984,-1,-1,-1
551,260,75.92,-0.79,391.39,1073.11,0.8871,-1,-1,-1
551,265,538.02,282.65,72.38,265.61,0.7282,-1,-1,-1
552,204,859.01,210.88,150.83,483.07,0.8403,-1,-1,-1
552,245,1034.26,284.81,85.77,344.87,0.6555,-1,-1,-1
552,247,1274.22,48.48,365.44,987.64,0.8993,-1,-1,-1
552,255,-44.43,234.04,211.70,758.96,0.7941,-1,-1,-1
552,258,1088.19,276.08,110.08,321.05,0.7477,-1,-1,-1
552,260,45.76,0.74,396.02,1076.54,0.9076,-1,-1,-1
552,265,532.57,282.86,72.54,267.05,0.7325,-1,-1,-1
553,204,852.40,214.71,149.84,481.12,0.8146,-1,-1,-1
553,245,1031.19,277.86,91.36,355.29,0.6266,-1,-1,-1
553,247,1273.87,47.71,366.74,995.17,0.8959,-1,-1,-1
553,255,-46.63,235.62,203.61,763.38,0.4720,-1,-1,-1
553,258,1086.91,276.24,107.67,320.16,0.7466,-1,-1,-1
553,260,22.54,0.35,399.79,1074.72,0.9054,-1,-1,-1
553,265,528.46,288.04,71.49,263.39,0.7055,-1,-1,-1
554,204,847.32,219.30,148.43,480.49,0.8401,-1,-1,-1
554,245,1029.68,273.45,95.55,363.61,0.6175,-1,-1,-1
554,247,1269.41,47.38,367.55,1001.98,0.9026,-1,-1,-1
554,258,1086.14,277.33,107.62,325.79,0.6852,-1,-1,-1
554,260,10.70,1.70,401.97,1071.59,0.9109,-1,-1,-1
554,265,524.89,286.91,72.32,267.20,0.7208,-1,-1,-1
554,266,962.10,213.41,93.09,459.41,0.6286,-1,-1,-1
555,204,845.18,221.54,147.25,481.92,0.8488,-1,-1,-1
555,245,1028.10,271.83,99.19,369.25,0.6406,-1,-1,-1
555,247,1264.11,49.47,367.66,1006.57,0.9051,-1,-1,-1
555,258,1084.82,278.68,107.35,333.21,0.4506,-1,-1,-1
555,260,-7.23,1.53,399.75,1070.01,0.8839,-1,-1,-1
555,265,522.28,288.12,72.76,268.33,0.7476,-1,-1,-1
555,266,958.10,214.40,93.79,463.51,0.6516,-1,-1,-1
555,267,1609.65,290.59,71.25,169.48,0.6565,-1,-1,-1
556,204,843.40,222.52,145.96,481.84,0.8436,-1,-1,-1
556,245,1028.83,266.45,103.47,377.21,0.6032,-1,-1,-1
556,247,1260.43,52.38,368.14,1012.58,0.9004,-1,-1,-1
556,260,-21.52,3.47,393.96,1066.07,0.9233,-1,-1,-1
556,265,518.66,289.34,72.93,269.89,0.7281,-1,-1,-1
556,266,958.76,216.16,94.01,464.95,0.7286,-1,-1,-1
556,267,1609.30,291.65,72.05,171.16,0.6454,-1,-1,-1
557,204,840.83,221.38,145.46,483.37,0.8357,-1,-1,-1
557,245,1044.66,264.11,105.10,376.99,0.7519,-1,-1,-1
557,247,1260.36,54.63,366.39,1013.73,0.8958,-1,-1,-1
557,260,-28.75,3.42,389.21,1067.06,0.9184,-1,-1,-1
557,265,515.25,291.71,72.80,269.98,0.7235,-1,-1,-1
557,266,959.70,214.15,93.99,464.88,0.7582,-1,-1,-1
557,267,1607.87,289.46,73.83,175.17,0.5224,-1,-1,-1
558,204,836.80,219.94,146.04,486.83,0.8392,-1,-1,-1
558,245,1051.69,259.50,107.92,384.43,0.7893,-1,-1,-1
558,247,1262.05,56.01,363.95,1015.51,0.8954,-1,-1,-1
558,260,-31.38,3.58,383.93,1067.22,0.8748,-1,-1,-1
558,265,514.02,292.76,72.96,270.79,0.7385,-1,-1,-1
558,266,960.47,215.61,93.34,461.62,0.8014,-1,-1,-1
558,267,1608.68,288.24,74.79,176.68,0.4420,-1,-1,-1
559,204,833.73,220.75,145.71,484.24,0.8350,-1,-1,-1
559,245,1053.47,257.52,110.27,389.14,0.7932,-1,-1,-1
559,247,1266.01,57.09,359.78,1013.88,0.9023,-1,-1,-1
559,260,-24.07,5.35,381.34,1067.57,0.8955,-1,-1,-1
559,265,514.96,290.63,73.90,276.17,0.7439,-1,-1,-1
559,266,960.95,214.42,92.77,456.79,0.7989,-1,-1,-1
559,267,1611.82,290.69,75.46,176.10,0.5060,-1,-1,-1
560,204,830.45,223.74,145.41,478.18,0.8430,-1,-1,-1
560,245,1061.51,262.50,109.27,384.61,0.7204,-1,-1,-1
560,247,1269.38,59.13,354.66,1010.64,0.8923,-1,-1,-1
560,260,-20.82,4.42,378.39,1067.33,0.7996,-1,-1,-1
560,265,516.34,291.48,74.06,277.88,0.7422,-1,-1,-1
560,266,961.64,218.46,91.73,447.81,0.7658,-1,-1,-1
560,267,1614.21,292.42,76.80,175.84,0.6286,-1,-1,-1
561,204,828.29,222.69,146.23,475.69,0.8466,-1,-1,-1
561,245,1077.57,270.19,107.05,374.11,0.7062,-1,-1,-1
561,247,1274.97,57.63,351.57,1011.80,0.8955,-1,-1,-1
561,260,-22.37,5.47,373.80,1065.70,0.8638,-1,-1,-1
561,265,519.99,288.79,74.98,281.02,0.7175,-1,-1,-1
561,266,963.49,217.88,92.55,446.11,0.7842,-1,-1,-1
561,267,1621.33,286.27,81.45,181.44,0.5894,-1,-1,-1
562,204,825.68,220.03,147.26,472.96,0.8435,-1,-1,-1
562,245,1090.87,271.48,108.53,378.01,0.7617,-1,-1,-1
562,247,1278.54,55.88,349.59,1017.00,0.9003,-1,-1,-1
562,260,-21.38,10.22,368.22,1060.07,0.8352,-1,-1,-1
562,265,522.25,289.06,74.72,280.03,0.6948,-1,-1,-1
562,266,963.54,215.30,94.90,450.77,0.7989,-1,-1,-1
562,267,1628.40,285.67,83.60,182.05,0.6895,-1,-1,-1
563,204,824.54,219.19,149.56,474.85,0.8473,-1,-1,-1
563,245,1106.12,272.03,111.12,380.61,0.7906,-1,-1,-1
563,247,1287.04,57.89,347.07,1016.59,0.8957,-1,-1,-1
563,260,-24.92,8.03,363.84,1061.91,0.8743,-1,-1,-1
563,265,524.67,289.22,74.94,281.38,0.7384,-1,-1,-1
563,266,965.30,215.86,96.71,453.02,0.8122,-1,-1,-1
563,267,1640.09,284.00,86.95,184.65,0.5990,-1,-1,-1
564,204,826.06,219.27,152.09,478.58,0.8585,-1,-1,-1
564,245,1123.46,271.38,115.92,385.53,0.7523,-1,-1,-1
564,247,1296.69,54.65,347.48,1020.26,0.8986,-1,-1,-1
564,260,-28.06,6.74,358.99,1064.39,0.8590,-1,-1,-1
564,265,529.72,292.37,74.49,280.50,0.7499,-1,-1,-1
564,266,969.26,214.87,99.33,458.90,0.7958,-1,-1,-1
564,267,1649.86,280.15,90.47,189.61,0.6525,-1,-1,-1
564,258,1061.48,272.28,108.13,343.87,0.5484,-1,-1,-1
565,204,832.73,222.95,152.92,478.28,0.8561,-1,-1,-1
565,245,1145.27,271.23,121.74,389.61,0.7973,-1,-1,-1
565,247,1306.67,53.86,349.75,1024.31,0.9026,-1,-1,-1
565,260,-31.53,9.92,350.56,1059.07,0.7603,-1,-1,-1
565,265,538.31,299.86,73.17,275.31,0.7162,-1,-1,-1
565,266,976.70,216.46,101.41,462.15,0.7981,-1,-1,-1
565,267,1663.32,280.12,94.61,195.14,0.6561,-1,-1,-1
565,258,1071.62,274.27,105.06,340.57,0.6707,-1,-1,-1
566,204,839.30,225.79,153.50,477.79,0.8490,-1,-1,-1
566,245,1161.00,273.61,128.60,393.01,0.7255,-1,-1,-1
566,247,1318.55,53.70,349.60,1018.07,0.8978,-1,-1,-1
566,260,-37.08,9.23,342.96,1060.42,0.7995,-1,-1,-1
566,265,545.11,302.85,72.71,273.64,0.7245,-1,-1,-1
566,266,982.88,216.01,103.15,462.23,0.7561,-1,-1,-1
566,267,1675.49,280.76,95.64,196.08,0.7203,-1,-1,-1
566,258,1080.88,273.63,105.07,341.28,0.6524,-1,-1,-1
567,204,846.34,229.96,154.58,478.77,0.8363,-1,-1,-1
567,245,1174.57,272.11,137.74,398.32,0.7992,-1,-1,-1
567,247,1331.83,53.82,350.54,1010.47,0.9166,-1,-1,-1
567,260,-43.04,6.59,334.55,1063.33,0.7281,-1,-1,-1
567,265,551.21,304.46,72.70,272.97,0.7416,-1,-1,-1
567,266,987.94,220.86,102.41,452.21,0.7652,-1,-1,-1
567,267,1691.82,281.24,95.93,195.04,0.6559,-1,-1,-1
567,258,1088.20,273.31,107.27,348.34,0.7413,-1,-1,-1
568,204,851.50,230.92,155.78,479.71,0.8452,-1,-1,-1
568,245,1178.55,279.11,142.25,395.62,0.8633,-1,-1,-1
568,247,1334.89,54.09,356.83,1014.40,0.9163,-1,-1,-1
568,260,-50.69,11.88,323.34,1063.08,0.3049,-1,-1,-1
568,265,557.61,302.25,73.63,275.25,0.7534,-1,-1,-1
568,266,994.08,224.26,104.07,452.27,0.8195,-1,-1,-1
568,267,1705.34,282.13,97.74,197.42,0.6213,-1,-1,-1
568,258,1094.91,272.19,109.26,352.42,0.7461,-1,-1,-1
569,204,856.05,232.39,156.66,480.47,0.8513,-1,-1,-1
569,245,1181.18,283.37,147.31,395.48,0.8656,-1,-1,-1
569,247,1341.81,54.58,362.33,1016.25,0.9097,-1,-1,-1
569,265,563.93,301.15,74.81,278.15,0.7622,-1,-1,-1
569,266,1001.24,226.43,106.62,458.84,0.8181,-1,-1,-1
569,267,1717.35,284.64,98.95,199.07,0.6673,-1,-1,-1
569,258,1101.80,274.55,109.93,353.73,0.7735,-1,-1,-1
570,204,862.16,239.47,155.59,476.48,0.8607,-1,-1,-1
570,245,1188.07,282.66,153.74,400.85,0.8487,-1,-1,-1
570,247,1347.69,55.69,368.44,1016.07,0.9009,-1,-1,-1
570,265,568.15,297.50,76.47,283.08,0.7628,-1,-1,-1
570,266,1009.39,230.38,107.66,460.60,0.8222,-1,-1,-1
570,267,1730.01,287.67,99.40,199.21,0.6610,-1,-1,-1
570,258,1110.61,275.77,110.67,353.03,0.7815,-1,-1,-1
571,204,868.75,243.98,155.09,474.36,0.8513,-1,-1,-1
571,245,1192.57,281.10,160.94,408.75,0.8297,-1,-1,-1
571,247,1351.12,54.72,374.35,1018.74,0.9150,-1,-1,-1
571,265,571.74,301.67,76.67,282.93,0.7940,-1,-1,-1
571,266,1013.97,232.92,108.56,463.12,0.7977,-1,-1,-1
571,267,1740.99,288.84,100.72,201.20,0.5991,-1,-1,-1
571,258,1115.80,274.42,113.60,356.49,0.8052,-1,-1,-1
572,204,873.92,241.12,155.72,476.00,0.8207,-1,-1,-1
572,245,1204.43,281.75,164.21,410.70,0.8294,-1,-1,-1
572,247,1352.81,53.92,380.61,1021.14,0.9047,-1,-1,-1
572,265,575.88,304.50,76.09,280.66,0.8196,-1,-1,-1
572,266,1018.20,233.70,108.99,462.24,0.7807,-1,-1,-1
572,267,1752.21,289.54,101.60,202.15,0.5636,-1,-1,-1
572,258,1122.90,274.58,116.17,359.59,0.7915,-1,-1,-1
573,204,878.49,239.97,155.56,476.37,0.8283,-1,-1,-1
573,245,1217.30,284.24,165.11,410.70,0.8168,-1,-1,-1
573,247,1358.45,54.65,386.44,1021.14,0.8942,-1,-1,-1
573,265,579.37,307.62,75.65,279.42,0.7774,-1,-1,-1
573,266,1024.22,233.97,108.96,459.50,0.7582,-1,-1,-1
573,267,1762.50,292.10,101.70,201.81,0.6059,-1,-1,-1
573,258,1128.30,275.75,118.12,360.02,0.8219,-1,-1,-1
574,204,884.04,240.12,155.97,476.85,0.8419,-1,-1,-1
574,245,1231.85,284.11,166.05,413.74,0.7738,-1,-1,-1
574,247,1364.51,54.35,391.55,1020.53,0.9082,-1,-1,-1
574,265,583.98,307.00,75.94,280.59,0.7112,-1,-1,-1
574,266,1029.16,236.08,108.98,456.56,0.7595,-1,-1,-1
574,267,1774.88,293.63,103.05,203.75,0.5542,-1,-1,-1
574,258,1132.92,277.91,120.01,361.50,0.8301,-1,-1,-1
575,204,887.57,239.85,155.77,475.51,0.8421,-1,-1,-1
575,245,1244.29,283.65,166.12,417.10,0.7156,-1,-1,-1
575,247,1370.25,56.32,394.32,1016.14,0.9107,-1,-1,-1
575,265,588.08,305.73,76.07,281.57,0.6908,-1,-1,-1
575,266,1032.47,236.43,109.77,458.84,0.7712,-1,-1,-1
575,258,1137.81,278.29,121.82,363.94,0.8404,-1,-1,-1
576,204,890.32,239.38,155.25,473.46,0.8240,-1,-1,-1
576,245,1258.15,282.04,165.47,422.09,0.7407,-1,-1,-1
576,247,1375.48,59.20,396.55,1011.55,0.9127,-1,-1,-1
576,265,591.71,312.18,74.65,276.29,0.7103,-1,-1,-1
576,266,1033.69,236.64,109.67,456.82,0.7833,-1,-1,-1
576,258,1142.94,275.83,124.04,367.94,0.8366,-1,-1,-1
576,267,1792.29,296.06,104.86,205.02,0.5531,-1,-1,-1
577,204,893.04,237.93,154.51,471.23,0.8183,-1,-1,-1
577,245,1277.07,286.38,163.56,424.15,0.7620,-1,-1,-1
577,247,1378.61,60.41,399.52,1009.81,0.9074,-1,-1,-1
577,265,591.60,315.73,74.42,273.56,0.6703,-1,-1,-1
577,266,1032.53,230.08,112.47,468.98,0.7900,-1,-1,-1
577,258,1145.50,274.74,125.88,370.54,0.8281,-1,-1,-1
577,267,1801.03,296.22,104.71,202.30,0.6058,-1,-1,-1
578,204,894.29,237.31,154.33,470.86,0.8285,-1,-1,-1
578,245,1295.57,284.00,161.63,429.93,0.7274,-1,-1,-1
578,247,1384.34,62.57,402.26,1007.48,0.9023,-1,-1,-1
578,265,592.12,315.73,74.94,274.50,0.6975,-1,-1,-1
578,266,1032.16,226.45,113.68,474.60,0.7903,-1,-1,-1
578,258,1145.06,274.55,126.44,372.64,0.8226,-1,-1,-1
578,267,1806.14,298.91,105.64,201.65,0.5935,-1,-1,-1
579,204,892.32,239.37,154.38,471.17,0.8383,-1,-1,-1
579,245,1310.28,284.20,161.19,439.50,0.7858,-1,-1,-1
579,247,1394.68,68.50,401.89,1000.46,0.9034,-1,-1,-1
579,265,589.67,310.24,77.47,285.66,0.7375,-1,-1,-1
579,266,1030.83,230.19,113.51,472.93,0.7845,-1,-1,-1
579,258,1144.82,275.83,127.82,376.21,0.8299,-1,-1,-1
579,267,1808.50,302.83,109.08,206.62,0.6254,-1,-1,-1
580,204,891.89,241.63,153.14,468.63,0.8434,-1,-1,-1
580,245,1318.69,284.61,160.62,447.50,0.7708,-1,-1,-1
580,247,1403.31,71.74,402.40,996.78,0.9024,-1,-1,-1
580,265,586.05,305.87,79.06,293.34,0.6824,-1,-1,-1
580,266,1028.50,233.52,113.28,468.83,0.7730,-1,-1,-1
580,258,1143.59,275.57,128.87,379.36,0.8005,-1,-1,-1
580,267,1811.01,304.50,111.16,210.73,0.6577,-1,-1,-1
581,204,888.63,242.72,152.27,466.50,0.8373,-1,-1,-1
581,245,1329.51,284.15,161.54,453.40,0.7717,-1,-1,-1
581,247,1414.65,70.84,403.02,995.46,0.9015,-1,-1,-1
581,265,583.09,307.35,78.37,293.15,0.7289,-1,-1,-1
581,266,1026.61,234.71,113.28,464.25,0.7765,-1,-1,-1
581,258,1144.70,282.48,126.24,373.49,0.7879,-1,-1,-1
581,267,1814.66,305.56,111.97,214.40,0.6039,-1,-1,-1
582,204,885.62,245.14,151.17,464.98,0.8439,-1,-1,-1
582,245,1340.06,285.58,162.27,453.16,0.8255,-1,-1,-1
582,247,1426.16,71.62,405.23,999.44,0.9084,-1,-1,-1
582,265,580.95,308.11,77.90,293.61,0.7594,-1,-1,-1
582,266,1024.40,234.69,114.08,462.18,0.7830,-1,-1,-1
582,258,1145.55,285.09,124.69,371.24,0.7751,-1,-1,-1
582,267,1820.21,306.20,110.47,215.47,0.5270,-1,-1,-1
583,204,881.34,248.05,151.91,470.10,0.8497,-1,-1,-1
583,245,1345.36,286.58,162.51,452.38,0.8009,-1,-1,-1
583,247,1434.73,72.76,406.48,1000.16,0.9085,-1,-1,-1
583,265,577.56,310.03,77.54,293.45,0.7641,-1,-1,-1
583,266,1021.66,233.48,115.80,463.49,0.7637,-1,-1,-1
583,258,1142.33,282.25,125.47,376.14,0.7812,-1,-1,-1
583,267,1825.72,307.31,108.56,217.32,0.5303,-1,-1,-1
584,204,875.33,249.48,152.79,474.99,0.8481,-1,-1,-1
584,245,1346.24,283.46,164.35,456.38,0.7983,-1,-1,-1
584,247,1443.06,71.41,407.97,1001.62,0.9091,-1,-1,-1
584,265,574.80,306.57,77.55,294.74,0.7627,-1,-1,-1
584,266,1020.29,234.25,117.76,466.55,0.7645,-1,-1,-1
584,258,1141.85,283.89,125.40,377.22,0.7715,-1,-1,-1
584,267,1828.69,308.17,108.00,222.70,0.5697,-1,-1,-1
584,268,1233.20,312.03,61.78,282.96,0.5487,-1,-1,-1
585,204,867.68,251.42,152.41,475.94,0.8627,-1,-1,-1
585,245,1345.80,282.97,163.64,453.96,0.7661,-1,-1,-1
585,247,1449.64,72.19,407.58,998.05,0.9092,-1,-1,-1
585,265,572.03,307.70,76.62,293.24,0.7814,-1,-1,-1
585,266,1015.93,233.83,119.83,469.20,0.7862,-1,-1,-1
585,258,1140.97,284.51,125.57,379.14,0.7748,-1,-1,-1
585,267,1833.00,306.12,106.26,227.12,0.5222,-1,-1,-1
585,268,1232.09,310.74,60.58,277.06,0.4703,-1,-1,-1
586,204,861.97,253.03,151.63,475.14,0.8471,-1,-1,-1
586,245,1346.73,284.11,163.78,453.10,0.7407,-1,-1,-1
586,247,1455.86,71.60,409.02,1000.87,0.9039,-1,-1,-1
586,265,567.19,301.14,77.99,300.84,0.7592,-1,-1,-1
586,266,1013.10,234.52,120.66,469.82,0.8059,-1,-1,-1
586,258,1141.44,284.78,125.61,379.02,0.7452,-1,-1,-1
586,267,1836.16,307.01,103.79,230.03,0.4459,-1,-1,-1
587,204,859.34,253.92,150.40,473.41,0.8499,-1,-1,-1
587,245,1349.16,284.22,166.52,457.84,0.7564,-1,-1,-1
587,247,1460.46,68.63,410.86,1005.95,0.8986,-1,-1,-1
587,265,563.55,303.81,77.09,299.18,0.7180,-1,-1,-1
587,266,1010.60,236.08,120.67,469.16,0.8083,-1,-1,-1
587,258,1141.36,283.69,126.27,381.41,0.7569,-1,-1,-1
587,267,1839.40,309.00,99.62,228.61,0.4824,-1,-1,-1
588,204,856.19,254.63,149.23,472.65,0.8394,-1,-1,-1
588,245,1351.04,284.37,169.17,460.63,0.7545,-1,-1,-1
588,247,1464.32,66.60,410.87,1007.73,0.9020,-1,-1,-1
588,265,557.82,313.22,75.09,291.81,0.7263,-1,-1,-1
588,266,1005.96,238.57,120.51,467.20,0.7911,-1,-1,-1
588,258,1142.29,285.20,126.24,380.84,0.7229,-1,-1,-1
588,267,1842.63,309.39,95.42,226.73,0.5365,-1,-1,-1
589,204,850.83,253.96,148.35,473.84,0.8394,-1,-1,-1
589,245,1353.31,283.76,173.69,466.89,0.7695,-1,-1,-1
589,247,1468.04,64.26,411.76,1011.10,0.9034,-1,-1,-1
589,265,552.75,319.68,73.25,285.75,0.7144,-1,-1,-1
589,266,1001.76,237.95,121.66,469.08,0.8000,-1,-1,-1
589,258,1143.86,284.28,127.93,383.66,0.7717,-1,-1,-1
589,267,1846.51,311.58,90.69,223.30,0.4634,-1,-1,-1
590,204,845.73,252.68,148.00,476.29,0.8382,-1,-1,-1
590,245,1358.64,280.78,177.97,474.82,0.7315,-1,-1,-1
590,247,1469.79,62.87,412.90,1013.48,0.9073,-1,-1,-1
590,265,548.79,318.34,73.54,287.74,0.7126,-1,-1,-1
590,266,992.79,239.36,123.27,468.44,0.8109,-1,-1,-1
590,258,1144.53,284.90,129.95,386.28,0.8114,-1,-1,-1
590,267,1850.07,313.71,86.92,222.26,0.3898,-1,-1,-1
591,204,838.43,250.93,147.66,474.77,0.8402,-1,-1,-1
591,245,1370.22,279.49,178.46,479.56,0.7153,-1,-1,-1
591,247,1471.66,61.54,413.10,1012.51,0.9094,-1,-1,-1
591,265,544.16,318.95,73.78,288.35,0.7381,-1,-1,-1
591,266,989.12,240.61,123.64,466.07,0.8065,-1,-1,-1
591,258,1143.98,282.80,131.88,389.99,0.8228,-1,-1,-1
591,267,1853.71,316.21,82.74,219.85,0.3593,-1,-1,-1
592,204,831.36,250.55,146.72,470.70,0.8341,-1,-1,-1
592,245,1384.17,277.08,176.37,483.44,0.5635,-1,-1,-1
592,247,1472.52,60.19,413.77,1012.20,0.9062,-1,-1,-1
592,265,540.47,311.39,76.49,298.47,0.7282,-1,-1,-1
592,266,986.65,240.06,124.80,468.36,0.8135,-1,-1,-1
592,258,1143.33,279.64,133.43,394.09,0.8065,-1,-1,-1
592,267,1859.76,330.93,73.46,201.59,0.3207,-1,-1,-1
593,204,826.42,250.18,145.79,466.65,0.8350,-1,-1,-1
593,245,1403.01,299.84,165.73,461.03,0.4430,-1,-1,-1
593,247,1471.96,60.22,415.05,1012.44,0.8956,-1,-1,-1
593,265,537.82,306.94,78.40,305.83,0.7113,-1,-1,-1
593,266,984.84,239.45,125.58,470.73,0.8159,-1,-1,-1
593,258,1143.23,280.28,134.22,396.40,0.8259,-1,-1,-1
594,204,820.60,250.60,146.20,464.06,0.8364,-1,-1,-1
594,247,1473.49,61.23,415.69,1013.61,0.8955,-1,-1,-1
594,265,533.71,309.70,77.61,303.90,0.7298,-1,-1,-1
594,266,982.60,240.88,125.92,472.05,0.8132,-1,-1,-1
594,258,1144.71,281.55,134.23,397.51,0.8041,-1,-1,-1
594,269,1108.72,317.96,53.36,243.90,0.6118,-1,-1,-1
595,204,814.91,250.49,147.47,464.07,0.8524,-1,-1,-1
595,247,1479.52,62.46,414.67,1011.90,0.9089,-1,-1,-1
595,265,531.44,307.89,79.39,309.96,0.7637,-1,-1,-1
595,266,982.04,242.78,125.99,472.28,0.8039,-1,-1,-1
595,258,1146.09,281.97,134.24,398.87,0.7975,-1,-1,-1
595,269,1108.01,314.95,54.20,247.41,0.6605,-1,-1,-1
596,204,810.43,250.72,149.06,464.18,0.8478,-1,-1,-1
596,247,1482.92,60.50,414.24,1014.19,0.9161,-1,-1,-1
596,265,530.00,309.11,79.91,311.07,0.7562,-1,-1,-1
596,266,980.60,243.41,127.01,472.94,0.8123,-1,-1,-1
596,258,1146.62,278.94,135.21,403.04,0.7774,-1,-1,-1
596,269,1107.98,312.43,54.99,250.48,0.5392,-1,-1,-1
597,204,806.63,248.93,151.17,467.07,0.8448,-1,-1,-1
597,247,1487.84,56.20,413.53,1018.56,0.9159,-1,-1,-1
597,265,529.06,306.76,80.14,313.11,0.7631,-1,-1,-1
597,266,980.61,243.84,128.27,473.74,0.8106,-1,-1,-1
597,258,1151.89,277.02,136.02,404.69,0.7707,-1,-1,-1
597,269,1108.10,313.19,55.24,250.62,0.5782,-1,-1,-1
598,204,804.76,250.62,153.95,472.60,0.8462,-1,-1,-1
598,247,1494.20,56.74,409.94,1017.22,0.9145,-1,-1,-1
598,265,528.07,305.28,80.64,316.98,0.7487,-1,-1,-1
598,266,982.91,248.18,130.70,479.52,0.8237,-1,-1,-1
598,258,1156.44,280.77,137.20,404.10,0.8048,-1,-1,-1
598,269,1110.63,316.14,54.39,245.40,0.4598,-1,-1,-1
599,204,804.45,253.30,155.39,473.91,0.8503,-1,-1,-1
599,247,1498.13,57.62,407.76,1018.00,0.9196,-1,-1,-1
599,265,530.28,309.32,81.28,318.13,0.7503,-1,-1,-1
599,266,987.21,250.96,131.32,479.55,0.8189,-1,-1,-1
599,258,1160.54,283.49,138.70,403.86,0.8041,-1,-1,-1
599,269,1110.58,316.35,55.50,248.94,0.3663,-1,-1,-1
600,204,806.23,255.61,156.30,475.12,0.8403,-1,-1,-1
600,247,1502.49,55.91,407.55,1021.81,0.9233,-1,-1,-1
600,265,534.00,310.82,82.09,319.21,0.7338,-1,-1,-1
600,266,991.64,251.39,132.43,482.82,0.8009,-1,-1,-1
600,258,1166.28,286.86,139.50,402.19,0.8259,-1,-1,-1
601,204,807.82,258.46,156.76,476.63,0.8457,-1,-1,-1
601,247,1507.59,55.71,407.54,1022.89,0.9238,-1,-1,-1
601,265,535.96,312.68,82.26,319.42,0.7296,-1,-1,-1
601,266,994.74,251.61,132.61,483.25,0.7934,-1,-1,-1
601,258,1171.11,283.83,142.28,406.60,0.7892,-1,-1,-1
602,204,812.23,262.52,157.03,477.42,0.8391,-1,-1,-1
602,247,1511.56,57.03,406.62,1019.51,0.9215,-1,-1,-1
602,265,539.47,316.71,81.98,317.40,0.7174,-1,-1,-1
602,266,996.00,251.87,133.46,485.40,0.7933,-1,-1,-1
602,258,1181.32,281.88,143.77,412.03,0.7390,-1,-1,-1
602,269,1123.65,328.49,55.48,244.94,0.5203,-1,-1,-1
603,204,818.78,268.07,156.00,475.67,0.8150,-1,-1,-1
603,247,1515.94,59.69,405.34,1016.71,0.9261,-1,-1,-1
603,265,542.20,324.74,81.29,314.48,0.7381,-1,-1,-1
603,266,1000.72,255.37,132.03,481.97,0.7888,-1,-1,-1
603,258,1190.35,284.01,145.75,418.36,0.7155,-1,-1,-1
603,269,1129.41,342.36,53.89,233.37,0.5775,-1,-1,-1
604,204,824.47,273.81,154.64,471.52,0.8230,-1,-1,-1
604,247,1520.01,61.87,403.80,1014.52,0.9279,-1,-1,-1
604,265,548.73,331.48,81.16,312.65,0.7054,-1,-1,-1
604,266,1006.16,259.80,130.58,478.73,0.8131,-1,-1,-1
604,258,1200.18,286.82,146.39,420.81,0.7598,-1,-1,-1
604,269,1135.25,347.98,54.27,231.82,0.6593,-1,-1,-1
605,204,832.28,276.29,154.38,470.91,0.8311,-1,-1,-1
605,247,1521.79,61.82,403.44,1015.75,0.9181,-1,-1,-1
605,265,552.30,334.19,81.21,313.41,0.7402,-1,-1,-1
605,266,1011.79,259.89,128.86,472.87,0.8095,-1,-1,-1
605,258,1207.92,288.52,146.70,422.06,0.7430,-1,-1,-1
605,269,1140.09,351.04,55.29,232.02,0.6530,-1,-1,-1
606,204,840.23,277.75,154.78,473.09,0.8153,-1,-1,-1
606,247,1526.99,62.91,400.64,1012.60,0.9223,-1,-1,-1
606,265,556.52,330.63,82.16,318.81,0.7156,-1,-1,-1
606,266,1015.45,260.42,127.98,469.94,0.7926,-1,-1,-1
606,258,1219.45,289.67,147.55,425.06,0.6469,-1,-1,-1
606,269,1145.95,353.07,56.55,233.13,0.6469,-1,-1,-1
606,268,1211.07,321.98,65.62,289.02,0.5179,-1,-1,-1
607,204,847.84,279.50,153.69,471.71,0.8366,-1,-1,-1
607,247,1532.81,64.87,396.98,1008.49,0.9140,-1,-1,-1
607,265,564.30,328.16,83.38,322.89,0.8038,-1,-1,-1
607,266,1023.07,261.96,126.89,468.84,0.8070,-1,-1,-1
607,258,1231.43,291.30,146.70,424.95,0.6693,-1,-1,-1
607,269,1152.29,344.90,59.26,242.03,0.6656,-1,-1,-1
607,268,1211.60,325.41,76.74,345.10,0.4792,-1,-1,-1
608,204,853.23,278.81,152.44,467.48,0.8296,-1,-1,-1
608,247,1539.79,66.75,392.48,1003.70,0.9175,-1,-1,-1
608,265,569.71,329.42,83.17,322.13,0.7612,-1,-1,-1
608,266,1032.75,263.85,125.86,464.55,0.7965,-1,-1,-1
608,258,1242.87,291.51,148.26,429.32,0.5396,-1,-1,-1
608,269,1159.02,345.77,59.97,241.61,0.7177,-1,-1,-1
608,268,1222.04,319.63,79.17,343.50,0.5470,-1,-1,-1
609,204,858.93,277.59,151.45,465.77,0.8196,-1,-1,-1
609,247,1546.11,69.03,388.60,1001.94,0.9201,-1,-1,-1
609,265,574.34,331.01,83.54,323.19,0.7838,-1,-1,-1
609,266,1039.21,262.42,127.64,468.52,0.8252,-1,-1,-1
609,258,1252.49,287.25,149.47,436.44,0.7260,-1,-1,-1
609,269,1165.70,349.03,61.13,241.95,0.6235,-1,-1,-1
609,268,1232.72,325.06,75.97,319.14,0.5664,-1,-1,-1
610,204,866.54,277.99,149.89,463.49,0.8262,-1,-1,-1
610,247,1551.89,71.88,384.63,1000.91,0.9221,-1,-1,-1
610,265,579.86,329.88,84.93,326.79,0.7515,-1,-1,-1
610,266,1043.73,264.02,128.85,471.41,0.8224,-1,-1,-1
610,258,1267.26,286.65,148.68,435.77,0.7582,-1,-1,-1
610,269,1170.59,349.88,61.78,240.76,0.5562,-1,-1,-1
610,268,1239.79,327.26,76.68,315.53,0.6002,-1,-1,-1
611,204,871.29,278.19,149.45,463.77,0.8168,-1,-1,-1
611,247,1559.55,70.49,381.15,1004.25,0.9176,-1,-1,-1
611,265,583.39,331.09,84.80,326.67,0.7412,-1,-1,-1
611,266,1045.30,267.43,129.09,470.22,0.7849,-1,-1,-1
611,258,1276.40,288.64,148.42,439.14,0.6792,-1,-1,-1
611,269,1172.09,348.33,62.93,241.78,0.6941,-1,-1,-1
611,268,1245.70,332.15,76.29,309.12,0.5944,-1,-1,-1
612,204,875.71,280.80,147.55,459.72,0.8333,-1,-1,-1
612,247,1569.99,74.10,375.15,1003.84,0.9152,-1,-1,-1
612,265,585.10,333.87,83.37,323.29,0.7757,-1,-1,-1
612,266,1041.44,272.91,130.81,470.83,0.8125,-1,-1,-1
612,258,1286.00,291.12,145.70,432.65,0.6943,-1,-1,-1
612,269,1175.21,348.15,64.57,245.58,0.6504,-1,-1,-1
612,268,1247.98,338.39,75.34,301.83,0.6030,-1,-1,-1
613,204,877.85,282.61,147.44,459.97,0.8367,-1,-1,-1
613,247,1580.32,77.15,366.95,997.93,0.9119,-1,-1,-1
613,265,586.28,334.01,83.07,323.67,0.7656,-1,-1,-1
613,266,1040.23,275.76,134.03,475.62,0.8458,-1,-1,-1
613,258,1293.27,294.78,146.20,438.21,0.6176,-1,-1,-1
613,269,1179.57,352.80,63.96,240.29,0.6580,-1,-1,-1
613,268,1249.55,336.38,78.26,310.12,0.5563,-1,-1,-1
614,204,881.42,286.27,148.06,463.48,0.8327,-1,-1,-1
614,247,1590.11,79.71,359.71,996.30,0.9143,-1,-1,-1
614,265,586.64,335.20,83.08,325.42,0.7685,-1,-1,-1
614,266,1041.77,277.57,137.22,478.80,0.8503,-1,-1,-1
614,258,1300.76,297.14,146.97,445.79,0.6624,-1,-1,-1
614,269,1183.38,358.38,64.15,239.99,0.6001,-1,-1,-1
614,268,1257.35,326.49,84.48,332.68,0.4746,-1,-1,-1
615,204,885.37,288.44,148.32,465.08,0.8359,-1,-1,-1
615,247,1601.80,81.52,351.42,993.73,0.9026,-1,-1,-1
615,265,589.03,342.37,82.29,322.68,0.7328,-1,-1,-1
615,266,1041.61,279.54,139.19,478.84,0.8322,-1,-1,-1
615,258,1306.62,295.53,146.64,453.95,0.7263,-1,-1,-1
615,269,1185.26,360.03,64.92,241.71,0.6270,-1,-1,-1
615,268,1265.18,323.44,88.21,345.66,0.5934,-1,-1,-1
616,204,887.51,293.30,147.97,462.88,0.8300,-1,-1,-1
616,247,1609.82,81.80,344.46,994.86,0.8897,-1,-1,-1
616,265,597.79,344.82,84.40,322.02,0.7143,-1,-1,-1
616,266,1043.67,282.54,141.76,479.08,0.8242,-1,-1,-1
616,258,1313.19,298.79,145.12,457.37,0.7241,-1,-1,-1
616,269,1188.52,362.20,64.31,239.04,0.5724,-1,-1,-1
616,268,1269.79,321.78,90.34,354.02,0.6118,-1,-1,-1
617,204,887.59,295.05,149.40,466.45,0.8439,-1,-1,-1
617,247,1621.84,90.13,333.85,986.40,0.8846,-1,-1,-1
617,265,595.55,342.70,86.52,327.78,0.7334,-1,-1,-1
617,266,1043.35,285.51,144.42,479.39,0.8452,-1,-1,-1
617,258,1317.98,299.77,143.98,462.21,0.7321,-1,-1,-1
617,269,1189.95,368.65,63.47,235.14,0.6002,-1,-1,-1
617,268,1272.65,323.02,92.24,361.91,0.5930,-1,-1,-1
618,204,887.93,298.07,150.17,468.67,0.8354,-1,-1,-1
618,247,1632.00,98.97,323.38,977.38,0.8813,-1,-1,-1
618,265,590.31,337.14,87.97,335.82,0.7858,-1,-1,-1
618,266,1043.80,287.97,147.73,481.26,0.8496,-1,-1,-1
618,258,1320.49,300.66,142.81,465.61,0.7380,-1,-1,-1
618,269,1190.52,371.49,64.78,240.09,0.5614,-1,-1,-1
618,268,1274.44,326.19,93.37,366.04,0.5692,-1,-1,-1
619,204,885.30,301.04,149.49,467.25,0.8365,-1,-1,-1
619,247,1637.82,104.98,314.62,970.65,0.8953,-1,-1,-1
619,265,586.42,336.84,87.76,337.93,0.7601,-1,-1,-1
619,266,1041.26,289.70,150.52,482.75,0.8100,-1,-1,-1
619,258,1325.17,302.33,142.17,466.87,0.7373,-1,-1,-1
619,269,1189.41,370.04,66.35,245.81,0.5265,-1,-1,-1
619,268,1276.58,327.93,95.20,371.69,0.5996,-1,-1,-1
620,204,880.27,303.50,148.02,465.51,0.8234,-1,-1,-1
620,247,1647.80,111.50,305.49,964.29,0.8854,-1,-1,-1
620,265,581.84,338.46,88.25,341.43,0.6972,-1,-1,-1
620,266,1040.51,289.65,152.76,482.44,0.7866,-1,-1,-1
620,258,1325.61,302.76,141.07,469.14,0.7530,-1,-1,-1
620,269,1187.76,373.17,64.30,237.54,0.5809,-1,-1,-1
620,268,1273.11,328.82,97.49,378.10,0.6077,-1,-1,-1
621,204,873.89,303.20,145.95,462.48,0.8241,-1,-1,-1
621,247,1655.87,120.13,295.99,955.63,0.8791,-1,-1,-1
621,265,577.49,337.23,88.44,345.20,0.7250,-1,-1,-1
621,266,1034.34,288.91,153.12,481.69,0.6813,-1,-1,-1
621,258,1325.52,304.59,138.76,466.71,0.7443,-1,-1,-1
621,269,1187.05,376.15,62.53,229.36,0.5060,-1,-1,-1
621,268,1271.79,329.95,99.21,381.55,0.6261,-1,-1,-1
622,204,871.70,303.43,146.19,461.57,0.8024,-1,-1,-1
622,247,1660.56,121.20,289.57,954.71,0.8936,-1,-1,-1
622,265,573.21,341.56,86.65,341.59,0.7757,-1,-1,-1
622,266,1025.90,288.36,151.50,479.91,0.7514,-1,-1,-1
622,258,1325.23,304.63,138.72,472.25,0.6598,-1,-1,-1
622,269,1190.15,378.74,55.96,201.51,0.3883,-1,-1,-1
622,268,1267.07,329.52,102.25,389.64,0.5654,-1,-1,-1
623,204,865.00,303.30,146.65,463.30,0.7995,-1,-1,-1
623,247,1665.46,121.13,283.81,955.63,0.8980,-1,-1,-1
623,265,570.28,340.85,87.25,344.11,0.7378,-1,-1,-1
623,266,1018.34,288.66,150.71,479.65,0.7784,-1,-1,-1
623,258,1325.26,306.48,138.28,475.19,0.6551,-1,-1,-1
623,269,1188.67,381.56,54.27,191.73,0.3111,-1,-1,-1
623,268,1262.62,330.67,104.46,394.03,0.5238,-1,-1,-1
623,270,1121.43,328.73,96.09,371.18,0.7149,-1,-1,-1
624,204,860.09,304.77,147.04,460.65,0.8459,-1,-1,-1
624,247,1669.82,117.74,278.76,958.52,0.8972,-1,-1,-1
624,265,566.28,340.72,86.91,343.24,0.7640,-1,-1,-1
624,266,1012.73,288.67,148.95,477.45,0.8126,-1,-1,-1
624,258,1324.21,308.48,136.34,473.14,0.7068,-1,-1,-1
624,268,1259.10,330.77,106.16,399.84,0.6011,-1,-1,-1
624,270,1119.07,331.98,98.57,381.03,0.6834,-1,-1,-1
625,204,856.31,304.98,146.78,456.83,0.8464,-1,-1,-1
625,247,1673.69,114.39,273.78,960.83,0.9030,-1,-1,-1
625,265,560.20,342.13,86.94,343.92,0.7328,-1,-1,-1
625,266,1006.47,285.75,146.79,474.40,0.7937,-1,-1,-1
625,258,1323.69,306.55,135.40,476.15,0.7265,-1,-1,-1
625,268,1251.23,331.71,108.16,404.24,0.6451,-1,-1,-1
625,270,1113.80,334.08,101.76,394.32,0.7389,-1,-1,-1
626,204,851.58,304.26,147.05,456.16,0.8216,-1,-1,-1
626,247,1678.38,116.25,267.70,958.24,0.9061,-1,-1,-1
626,265,552.97,344.69,86.60,344.50,0.7145,-1,-1,-1
626,266,1000.72,286.36,145.70,474.66,0.7881,-1,-1,-1
626,258,1322.54,305.65,134.59,478.15,0.7759,-1,-1,-1
626,268,1247.11,332.15,109.77,407.43,0.6936,-1,-1,-1
626,270,1107.31,335.30,102.30,397.37,0.7471,-1,-1,-1
627,204,845.67,302.68,148.43,457.63,0.8351,-1,-1,-1
627,247,1682.25,118.65,261.80,954.63,0.9040,-1,-1,-1
627,265,545.81,343.55,87.40,349.70,0.7490,-1,-1,-1
627,266,993.87,281.00,146.58,480.47,0.7866,-1,-1,-1
627,258,1321.85,305.18,133.55,478.72,0.7618,-1,-1,-1
627,268,1241.35,331.41,111.35,411.09,0.6721,-1,-1,-1
627,270,1102.66,335.01,102.51,400.18,0.7330,-1,-1,-1
628,204,837.16,301.74,150.00,457.22,0.8426,-1,-1,-1
628,247,1683.18,116.89,257.81,955.16,0.9048,-1,-1,-1
628,265,539.37,339.69,87.79,354.24,0.7773,-1,-1,-1
628,266,990.75,279.88,146.74,479.01,0.7588,-1,-1,-1
628,258,1320.54,303.21,132.84,480.45,0.7794,-1,-1,-1
628,268,1238.12,331.07,111.81,412.82,0.6840,-1,-1,-1
628,270,1098.00,331.38,104.76,409.97,0.7134,-1,-1,-1
629,204,833.37,300.94,151.44,456.83,0.8504,-1,-1,-1
629,247,1674.76,113.81,256.91,956.96,0.8827,-1,-1,-1
629,265,537.24,341.79,88.03,353.80,0.6969,-1,-1,-1
629,266,979.52,282.22,144.33,476.42,0.7741,-1,-1,-1
629,258,1319.41,301.71,132.11,481.95,0.7740,-1,-1,-1
629,268,1234.20,330.43,112.60,417.03,0.6712,-1,-1,-1
629,270,1092.84,328.79,106.93,417.83,0.7529,-1,-1,-1
630,204,830.04,302.36,151.80,454.35,0.8434,-1,-1,-1
630,247,1652.01,115.55,260.38,955.41,0.8888,-1,-1,-1
630,265,531.03,340.33,89.01,358.59,0.7633,-1,-1,-1
630,266,970.81,281.27,142.91,475.93,0.8153,-1,-1,-1
630,258,1318.58,301.12,131.45,483.77,0.7800,-1,-1,-1
630,268,1235.32,328.11,112.33,420.98,0.6422,-1,-1,-1
630,270,1089.37,326.82,108.66,422.51,0.7896,-1,-1,-1
631,204,826.85,303.72,153.01,454.42,0.8504,-1,-1,-1
631,247,1668.36,112.03,258.05,959.04,0.8920,-1,-1,-1
631,265,526.12,343.77,87.54,354.08,0.7333,-1,-1,-1
631,266,966.31,281.02,141.40,474.92,0.8284,-1,-1,-1
631,258,1319.16,301.30,130.47,483.88,0.7568,-1,-1,-1
631,268,1234.08,329.24,112.27,422.53,0.6410,-1,-1,-1
631,270,1088.97,326.61,110.14,423.70,0.8123,-1,-1,-1
632,204,822.22,305.53,154.65,455.41,0.8557,-1,-1,-1
632,247,1678.44,109.65,255.00,962.23,0.9015,-1,-1,-1
632,265,522.67,345.03,87.12,354.32,0.7611,-1,-1,-1
632,266,963.79,281.06,139.84,474.52,0.7854,-1,-1,-1
632,258,1322.08,302.50,130.07,484.33,0.7626,-1,-1,-1
632,268,1234.99,327.36,112.90,426.42,0.6624,-1,-1,-1
632,270,1088.36,325.99,111.84,425.88,0.8182,-1,-1,-1
633,204,819.58,307.80,156.17,456.02,0.8613,-1,-1,-1
633,247,1686.96,104.00,251.88,968.37,0.9040,-1,-1,-1
633,265,520.79,342.96,87.85,358.60,0.7708,-1,-1,-1
633,266,963.92,281.57,139.08,476.64,0.7670,-1,-1,-1
633,258,1324.13,301.19,129.92,486.57,0.7734,-1,-1,-1
633,268,1236.08,323.65,113.35,428.99,0.6770,-1,-1,-1
633,270,1089.59,326.04,113.25,429.04,0.8143,-1,-1,-1
634,204,817.90,309.53,157.76,457.05,0.8617,-1,-1,-1
634,247,1694.68,94.01,248.94,978.74,0.9050,-1,-1,-1
634,265,520.01,346.62,88.02,359.55,0.7821,-1,-1,-1
634,266,964.12,282.21,137.52,474.57,0.7812,-1,-1,-1
634,258,1328.20,303.15,129.54,487.80,0.7412,-1,-1,-1
634,268,1237.32,321.60,114.45,432.16,0.6783,-1,-1,-1
634,270,1093.14,327.25,114.62,431.85,0.8318,-1,-1,-1
635,204,817.41,310.63,159.75,459.11,0.8565,-1,-1,-1
635,247,1699.39,89.91,243.94,979.22,0.8871,-1,-1,-1
635,265,519.20,349.34,88.24,361.08,0.7916,-1,-1,-1
635,266,967.51,283.03,137.05,478.39,0.7796,-1,-1,-1
635,258,1332.28,300.94,129.99,491.52,0.6899,-1,-1,-1
635,268,1242.11,320.70,114.16,432.35,0.5885,-1,-1,-1
635,270,1097.23,325.65,116.78,437.39,0.8293,-1,-1,-1
636,204,818.37,313.11,160.76,457.88,0.8367,-1,-1,-1
636,247,1700.07,86.43,241.25,985.79,0.8776,-1,-1,-1
636,265,518.04,353.01,88.44,363.19,0.7790,-1,-1,-1
636,266,973.06,284.22,137.10,483.40,0.7954,-1,-1,-1
636,258,1338.22,302.05,130.37,492.83,0.7265,-1,-1,-1
636,268,1245.89,317.39,115.05,436.38,0.6000,-1,-1,-1
636,270,1101.29,326.49,118.14,440.92,0.8234,-1,-1,-1
637,204,822.78,317.39,159.24,449.67,0.8471,-1,-1,-1
637,247,1702.15,86.01,237.25,985.60,0.8706,-1,-1,-1
637,265,518.50,357.78,88.33,362.19,0.7448,-1,-1,-1
637,266,978.31,290.89,135.35,484.14,0.7990,-1,-1,-1
637,258,1341.82,303.58,131.25,496.47,0.7880,-1,-1,-1
637,268,1250.21,318.30,113.96,432.00,0.6421,-1,-1,-1
637,270,1103.03,326.57,118.58,442.51,0.8152,-1,-1,-1
638,204,828.59,318.63,158.10,445.31,0.8644,-1,-1,-1
638,247,1700.55,85.40,234.49,986.12,0.8831,-1,-1,-1
638,265,517.92,354.78,89.62,367.07,0.7296,-1,-1,-1
638,266,981.15,293.90,132.97,481.46,0.8013,-1,-1,-1
638,258,1344.78,304.31,131.61,498.79,0.7827,-1,-1,-1
638,268,1253.14,316.30,114.02,433.94,0.6176,-1,-1,-1
638,270,1106.39,329.65,118.55,439.63,0.8118,-1,-1,-1
639,204,832.76,319.40,159.03,449.50,0.8582,-1,-1,-1
639,247,1699.35,84.19,232.84,988.99,0.8780,-1,-1,-1
639,265,519.68,362.89,88.79,361.24,0.7410,-1,-1,-1
639,266,983.64,298.47,130.05,477.51,0.7983,-1,-1,-1
639,258,1351.15,304.64,131.76,500.51,0.7294,-1,-1,-1
639,268,1256.38,314.59,116.97,444.13,0.6933,-1,-1,-1
639,270,1111.60,331.24,119.82,439.48,0.8286,-1,-1,-1
640,204,837.57,319.22,158.71,450.36,0.8471,-1,-1,-1
640,247,1696.62,79.00,232.35,994.64,0.8778,-1,-1,-1
640,265,520.12,365.97,89.24,361.89,0.7258,-1,-1,-1
640,266,988.41,301.24,128.20,476.66,0.7988,-1,-1,-1
640,258,1357.72,301.31,133.32,509.46,0.7234,-1,-1,-1
640,268,1258.41,315.37,120.11,454.71,0.7230,-1,-1,-1
640,270,1115.83,331.57,122.06,441.35,0.8086,-1,-1,-1
641,204,843.47,320.28,157.42,448.29,0.8314,-1,-1,-1
641,247,1695.98,79.67,230.46,992.12,0.8735,-1,-1,-1
641,265,520.74,362.05,91.03,367.98,0.7316,-1,-1,-1
641,266,993.69,304.76,125.34,471.26,0.7950,-1,-1,-1
641,258,1365.26,300.44,132.43,507.99,0.7789,-1,-1,-1
641,268,1260.11,312.64,122.61,461.88,0.7415,-1,-1,-1
641,270,1122.24,330.24,124.98,443.98,0.7948,-1,-1,-1
642,204,849.27,321.33,157.25,448.58,0.8222,-1,-1,-1
642,247,1695.59,85.72,228.32,986.20,0.8823,-1,-1,-1
642,265,528.82,360.63,93.82,372.59,0.7056,-1,-1,-1
642,266,998.63,307.77,124.58,471.31,0.7902,-1,-1,-1
642,258,1373.32,302.27,132.75,511.04,0.7978,-1,-1,-1
642,268,1265.51,314.92,124.93,468.94,0.7778,-1,-1,-1
642,270,1129.01,330.57,128.02,446.98,0.7790,-1,-1,-1
643,204,854.32,321.79,156.13,445.92,0.8647,-1,-1,-1
643,247,1692.98,90.05,227.06,979.22,0.8824,-1,-1,-1
643,265,530.40,361.91,95.06,373.89,0.7174,-1,-1,-1
643,266,1000.99,308.91,125.79,478.90,0.8074,-1,-1,-1
643,258,1379.56,303.18,133.49,514.09,0.7876,-1,-1,-1
643,268,1273.21,315.62,126.07,473.55,0.6705,-1,-1,-1
643,270,1132.40,328.57,132.34,455.77,0.8044,-1,-1,-1
644,204,859.55,322.59,156.52,448.13,0.8759,-1,-1,-1
644,247,1690.46,96.12,227.04,976.62,0.8598,-1,-1,-1
644,265,530.77,362.69,96.74,378.05,0.7460,-1,-1,-1
644,266,1003.29,309.05,125.77,483.49,0.7890,-1,-1,-1
644,258,1387.93,300.69,135.45,521.87,0.8012,-1,-1,-1
644,268,1281.28,318.13,126.12,475.79,0.6626,-1,-1,-1
644,270,1137.81,324.05,137.11,466.86,0.8334,-1,-1,-1
645,204,865.05,323.83,156.84,449.95,0.8721,-1,-1,-1
645,247,1698.63,200.56,207.75,874.42,0.8212,-1,-1,-1
645,265,533.06,364.15,97.14,378.26,0.7623,-1,-1,-1
645,266,1006.05,309.89,126.04,487.04,0.7787,-1,-1,-1
645,258,1394.07,297.91,136.62,525.65,0.7465,-1,-1,-1
645,268,1289.89,314.22,126.48,481.48,0.6762,-1,-1,-1
645,270,1140.86,320.43,141.45,477.02,0.8499,-1,-1,-1
646,204,869.33,324.85,157.43,454.12,0.8633,-1,-1,-1
646,247,1703.69,243.83,198.86,819.89,0.8089,-1,-1,-1
646,265,533.54,363.95,98.08,380.96,0.7652,-1,-1,-1
646,266,1007.10,309.36,126.32,487.26,0.8056,-1,-1,-1
646,258,1401.15,295.49,136.82,528.89,0.7537,-1,-1,-1
646,268,1295.82,312.57,127.44,486.19,0.7240,-1,-1,-1
646,270,1142.38,318.33,144.77,482.63,0.8513,-1,-1,-1
647,204,872.65,325.93,157.51,456.04,0.8578,-1,-1,-1
647,247,1703.75,270.72,197.34,796.97,0.8295,-1,-1,-1
647,265,534.45,363.44,98.87,383.27,0.7413,-1,-1,-1
647,266,1013.47,308.90,125.88,486.28,0.7980,-1,-1,-1
647,258,1406.95,292.65,138.25,538.11,0.7698,-1,-1,-1
647,268,1303.09,308.74,128.31,493.10,0.6981,-1,-1,-1
647,270,1144.63,319.49,147.92,486.67,0.8493,-1,-1,-1
648,204,875.60,329.07,155.52,452.91,0.8507,-1,-1,-1
648,247,1704.25,284.24,198.19,786.69,0.8619,-1,-1,-1
648,265,534.03,361.63,99.86,387.18,0.7391,-1,-1,-1
648,266,1017.44,308.77,124.85,485.08,0.7957,-1,-1,-1
648,258,1412.96,294.10,138.10,540.09,0.7605,-1,-1,-1
648,268,1306.32,308.34,129.54,498.59,0.7375,-1,-1,-1
648,270,1145.93,317.48,151.62,491.82,0.8569,-1,-1,-1
649,204,877.41,331.96,154.00,450.71,0.8451,-1,-1,-1
649,247,1707.28,292.22,198.32,776.98,0.8483,-1,-1,-1
649,265,534.55,361.28,100.41,388.93,0.7397,-1,-1,-1
649,266,1019.44,309.13,123.29,480.97,0.8046,-1,-1,-1
649,258,1420.20,294.01,137.86,541.19,0.7933,-1,-1,-1
649,268,1308.30,307.25,129.96,498.70,0.7514,-1,-1,-1
649,270,1147.50,322.43,154.26,491.79,0.8707,-1,-1,-1
650,204,879.07,335.09,153.98,450.57,0.8350,-1,-1,-1
650,247,1711.80,294.38,198.68,773.15,0.8023,-1,-1,-1
650,265,535.41,361.18,101.36,390.71,0.7371,-1,-1,-1
650,266,1023.43,308.79,121.59,477.50,0.8102,-1,-1,-1
650,258,1426.52,293.50,138.49,543.94,0.8083,-1,-1,-1
650,268,1309.34,306.20,131.49,501.38,0.7610,-1,-1,-1
650,270,1146.66,318.96,160.42,503.95,0.8690,-1,-1,-1
651,204,881.53,335.54,154.03,449.44,0.8464,-1,-1,-1
651,247,1714.95,293.31,200.19,777.85,0.5800,-1,-1,-1
651,265,535.61,360.80,102.19,391.82,0.7273,-1,-1,-1
651,266,1026.49,307.30,120.34,475.39,0.7952,-1,-1,-1
651,258,1432.42,292.32,140.05,548.70,0.8441,-1,-1,-1
651,268,1312.40,305.26,133.38,506.50,0.7875,-1,-1,-1
651,270,1145.94,319.78,164.20,507.98,0.8503,-1,-1,-1
652,204,881.91,336.16,153.98,446.70,0.8390,-1,-1,-1
652,247,1733.68,294.15,175.72,670.58,0.6942,-1,-1,-1
652,265,537.01,362.26,103.26,390.88,0.7142,-1,-1,-1
652,266,1027.85,306.74,119.82,475.76,0.8057,-1,-1,-1
652,258,1436.83,294.86,140.50,548.24,0.8217,-1,-1,-1
652,268,1315.82,302.55,134.89,509.50,0.7735,-1,-1,-1
652,270,1144.38,319.79,168.34,512.90,0.8324,-1,-1,-1
652,273,822.74,406.39,62.93,221.52,0.6320,-1,-1,-1
653,204,881.27,338.25,153.64,442.07,0.8444,-1,-1,-1
653,247,1743.83,294.10,166.70,629.20,0.7907,-1,-1,-1
653,265,535.03,361.81,104.83,393.21,0.7025,-1,-1,-1
653,266,1029.03,306.35,119.66,477.47,0.8002,-1,-1,-1
653,258,1440.46,293.27,142.13,554.24,0.7715,-1,-1,-1
653,268,1318.06,305.71,135.53,507.33,0.7691,-1,-1,-1
653,270,1139.99,316.25,174.54,525.94,0.8396,-1,-1,-1
653,273,818.33,403.63,65.09,228.76,0.6532,-1,-1,-1
654,204,878.46,336.82,154.55,441.00,0.8417,-1,-1,-1
654,247,1747.30,291.62,172.82,656.29,0.7755,-1,-1,-1
654,265,527.52,359.58,105.20,396.78,0.7308,-1,-1,-1
654,266,1028.67,304.68,119.55,479.32,0.7950,-1,-1,-1
654,258,1443.95,293.34,142.33,553.33,0.7605,-1,-1,-1
654,268,1319.24,304.91,137.08,509.40,0.7868,-1,-1,-1
654,270,1135.95,312.55,179.93,536.60,0.8530,-1,-1,-1
654,273,814.55,402.17,65.94,230.67,0.6979,-1,-1,-1
655,204,874.86,334.59,156.79,444.28,0.8410,-1,-1,-1
655,247,1747.88,290.11,180.61,696.13,0.7631,-1,-1,-1
655,265,529.28,358.47,106.91,397.73,0.7641,-1,-1,-1
655,266,1028.07,303.82,119.14,478.63,0.7755,-1,-1,-1
655,258,1448.02,293.59,142.67,553.83,0.7370,-1,-1,-1
655,268,1319.79,297.97,140.23,519.60,0.8102,-1,-1,-1
655,270,1132.10,310.82,184.20,543.02,0.8418,-1,-1,-1
655,273,810.57,401.67,66.09,230.56,0.6971,-1,-1,-1
656,204,871.43,333.53,157.25,443.13,0.8472,-1,-1,-1
656,247,1750.70,287.81,185.29,730.10,0.7909,-1,-1,-1
656,265,522.16,358.83,108.24,401.92,0.7331,-1,-1,-1
656,266,1027.02,304.82,118.51,477.07,0.7898,-1,-1,-1
656,258,1450.71,292.80,143.82,558.28,0.7548,-1,-1,-1
656,268,1319.69,296.79,142.33,525.89,0.8156,-1,-1,-1
656,270,1127.17,310.90,186.75,545.33,0.8422,-1,-1,-1
656,273,808.17,404.49,65.70,228.89,0.7181,-1,-1,-1
657,204,867.12,335.66,156.97,439.11,0.8642,-1,-1,-1
657,247,1757.37,294.71,183.11,740.24,0.7591,-1,-1,-1
657,265,518.83,359.81,109.58,405.00,0.7422,-1,-1,-1
657,266,1025.17,306.35,118.83,480.52,0.7680,-1,-1,-1
657,258,1452.60,292.68,144.47,560.15,0.7551,-1,-1,-1
657,268,1318.73,297.41,144.44,531.94,0.8076,-1,-1,-1
657,270,1123.46,311.35,187.90,543.93,0.8436,-1,-1,-1
657,273,803.25,401.68,67.41,235.40,0.6985,-1,-1,-1
658,204,861.68,333.16,159.77,444.16,0.8731,-1,-1,-1
658,247,1763.55,293.31,181.42,756.39,0.7507,-1,-1,-1
658,265,515.68,359.94,110.74,405.71,0.8045,-1,-1,-1
658,266,1023.14,306.55,118.31,479.96,0.7671,-1,-1,-1
658,258,1454.44,291.14,144.95,561.93,0.7764,-1,-1,-1
658,268,1317.04,296.30,146.44,537.09,0.8147,-1,-1,-1
658,270,1121.20,310.54,187.68,538.16,0.8412,-1,-1,-1
658,273,798.81,405.47,66.76,232.79,0.6547,-1,-1,-1
659,204,858.59,331.30,160.77,444.16,0.8718,-1,-1,-1
659,247,1771.00,292.31,177.01,763.72,0.7336,-1,-1,-1
659,265,505.68,362.54,108.87,402.07,0.6653,-1,-1,-1
659,266,1020.00,306.41,117.88,480.07,0.7717,-1,-1,-1
659,258,1456.35,288.94,145.63,564.67,0.7847,-1,-1,-1
659,268,1315.68,295.87,148.21,540.66,0.8340,-1,-1,-1
659,270,1117.50,307.90,192.44,547.58,0.8459,-1,-1,-1
659,273,795.00,404.46,66.31,230.02,0.6914,-1,-1,-1
660,204,855.86,329.59,161.39,443.20,0.8649,-1,-1,-1
660,247,1776.52,286.96,173.78,778.08,0.7413,-1,-1,-1
660,265,499.29,363.43,107.60,400.12,0.7046,-1,-1,-1
660,266,1016.77,306.67,118.08,482.23,0.7694,-1,-1,-1
660,258,1457.71,287.26,146.42,567.60,0.7903,-1,-1,-1
660,268,1313.72,293.06,150.61,546.06,0.8387,-1,-1,-1
660,270,1113.27,304.04,196.60,555.88,0.8485,-1,-1,-1
660,273,791.07,398.42,67.77,233.95,0.7189,-1,-1,-1
661,204,852.09,328.09,162.85,445.85,0.8621,-1,-1,-1
661,247,1781.38,284.63,169.44,787.73,0.7534,-1,-1,-1
661,265,501.22,362.08,110.81,405.72,0.7472,-1,-1,-1
661,266,1012.73,306.43,118.74,486.70,0.7682,-1,-1,-1
661,258,1457.29,285.77,147.58,572.10,0.7937,-1,-1,-1
661,268,1311.99,290.55,153.39,552.97,0.8142,-1,-1,-1
661,270,1109.38,300.14,199.88,562.77,0.8685,-1,-1,-1
661,273,786.88,394.94,69.28,239.49,0.7361,-1,-1,-1
662,204,849.17,328.23,164.81,450.75,0.8513,-1,-1,-1
662,247,1785.19,285.36,164.01,790.24,0.7515,-1,-1,-1
662,265,491.81,360.64,111.06,408.53,0.7765,-1,-1,-1
662,266,1010.74,310.54,117.51,486.24,0.7678,-1,-1,-1
662,258,1457.14,285.64,148.67,574.94,0.8015,-1,-1,-1
662,268,1309.84,287.18,156.16,559.38,0.8082,-1,-1,-1
662,270,1104.32,299.57,202.09,567.01,0.8827,-1,-1,-1
662,273,781.68,391.28,70.92,245.76,0.7734,-1,-1,-1
663,204,842.82,328.73,164.93,449.30,0.8381,-1,-1,-1
663,247,1787.56,283.20,159.30,793.47,0.7607,-1,-1,-1
663,265,483.55,358.05,112.11,412.90,0.7901,-1,-1,-1
663,266,1007.91,311.84,117.62,489.41,0.8036,-1,-1,-1
663,258,1455.96,285.59,149.59,576.42,0.8119,-1,-1,-1
663,268,1304.15,287.60,158.55,562.53,0.8232,-1,-1,-1
663,270,1098.90,296.86,205.03,572.87,0.8784,-1,-1,-1
664,204,838.92,331.04,164.12,444.24,0.8535,-1,-1,-1
664,247,1789.78,282.51,154.62,794.51,0.7674,-1,-1,-1
664,265,479.41,355.88,113.97,416.24,0.7977,-1,-1,-1
664,266,1004.85,311.76,117.15,490.64,0.8056,-1,-1,-1
664,258,1455.63,285.06,150.97,578.58,0.8186,-1,-1,-1
664,268,1298.27,288.07,161.47,566.08,0.8258,-1,-1,-1
664,270,1093.25,297.19,206.89,578.91,0.8739,-1,-1,-1
664,273,775.00,394.08,68.13,236.50,0.5357,-1,-1,-1
665,204,840.52,332.36,160.70,436.77,0.8440,-1,-1,-1
665,247,1792.36,276.83,150.97,800.52,0.7559,-1,-1,-1
665,265,469.75,356.12,114.16,418.67,0.7516,-1,-1,-1
665,266,1000.68,309.38,117.31,491.78,0.7884,-1,-1,-1
665,258,1454.05,284.37,152.29,580.92,0.8175,-1,-1,-1
665,268,1293.58,282.99,165.06,574.39,0.8553,-1,-1,-1
665,270,1090.94,294.71,209.41,584.04,0.8690,-1,-1,-1
665,273,768.76,395.64,69.39,239.04,0.6894,-1,-1,-1
666,204,839.83,332.43,161.02,440.03,0.8453,-1,-1,-1
666,247,1789.47,269.93,149.01,807.85,0.7588,-1,-1,-1
666,265,463.48,355.67,114.61,420.75,0.7394,-1,-1,-1
666,266,995.58,306.17,117.31,492.18,0.7847,-1,-1,-1
666,258,1453.80,283.64,153.83,582.99,0.8405,-1,-1,-1
666,268,1285.93,281.71,168.08,578.57,0.8587,-1,-1,-1
666,270,1089.52,291.75,213.72,593.95,0.8739,-1,-1,-1
666,273,765.32,395.96,70.06,241.69,0.6974,-1,-1,-1
667,204,836.89,332.96,161.68,444.06,0.8482,-1,-1,-1
667,247,1784.83,265.43,147.60,810.70,0.7675,-1,-1,-1
667,265,452.86,355.30,113.74,420.50,0.7098,-1,-1,-1
667,266,991.05,304.58,115.27,481.63,0.7905,-1,-1,-1
667,258,1451.47,284.32,154.90,581.84,0.8500,-1,-1,-1
667,268,1281.18,276.48,170.96,585.03,0.8727,-1,-1,-1
667,270,1086.82,288.47,219.73,609.70,0.8776,-1,-1,-1
667,273,760.68,396.87,70.36,242.78,0.7136,-1,-1,-1
668,204,835.65,332.89,160.43,441.16,0.8555,-1,-1,-1
668,247,1783.33,261.74,146.37,813.91,0.7446,-1,-1,-1
668,265,444.48,353.54,113.92,423.91,0.7815,-1,-1,-1
668,266,984.72,302.82,116.60,486.07,0.7941,-1,-1,-1
668,258,1450.71,284.88,156.49,581.28,0.8600,-1,-1,-1
668,268,1276.52,271.29,173.24,589.74,0.8744,-1,-1,-1
668,270,1083.32,285.53,223.62,618.84,0.8780,-1,-1,-1
668,273,756.11,391.90,72.16,249.18,0.7262,-1,-1,-1
669,204,836.15,331.93,158.39,434.73,0.8533,-1,-1,-1
669,247,1785.92,256.50,144.96,820.39,0.7749,-1,-1,-1
669,265,438.06,346.88,115.45,432.17,0.7758,-1,-1,-1
669,266,979.37,300.20,118.02,489.97,0.8046,-1,-1,-1
669,258,1450.15,282.84,158.94,582.91,0.8604,-1,-1,-1
669,268,1271.95,266.91,175.09,592.94,0.8621,-1,-1,-1
669,270,1079.09,282.92,229.45,633.69,0.8838,-1,-1,-1
669,273,751.13,391.99,72.51,249.57,0.6921,-1,-1,-1
670,204,834.58,330.73,157.11,431.33,0.8458,-1,-1,-1
670,247,1787.33,250.21,143.53,825.95,0.7925,-1,-1,-1
670,265,431.91,347.95,115.71,434.34,0.7885,-1,-1,-1
670,266,976.57,298.77,117.82,488.52,0.8182,-1,-1,-1
670,258,1449.84,280.97,161.19,584.43,0.8579,-1,-1,-1
670,268,1268.10,252.99,179.90,608.84,0.8558,-1,-1,-1
670,270,1075.17,281.01,235.14,648.99,0.8828,-1,-1,-1
670,273,745.41,389.15,74.47,253.69,0.7225,-1,-1,-1
671,204,831.57,329.79,156.60,432.34,0.8529,-1,-1,-1
671,247,1787.71,243.80,142.45,832.34,0.7864,-1,-1,-1
671,265,427.72,348.44,115.76,435.08,0.8086,-1,-1,-1
671,266,974.44,297.82,117.64,486.09,0.8109,-1,-1,-1
671,258,1449.17,278.31,164.06,588.19,0.8559,-1,-1,-1
671,268,1270.36,254.40,180.39,610.01,0.8530,-1,-1,-1
671,270,1072.81,280.55,240.33,664.33,0.8848,-1,-1,-1
671,273,741.58,385.15,76.11,258.24,0.7257,-1,-1,-1
672,204,831.66,329.39,156.26,433.67,0.8553,-1,-1,-1
672,247,1787.23,229.09,142.41,843.76,0.7838,-1,-1,-1
672,265,424.60,347.98,117.37,439.86,0.7895,-1,-1,-1
672,266,972.93,296.34,118.80,488.05,0.8134,-1,-1,-1
672,258,1449.39,276.22,166.36,590.29,0.8604,-1,-1,-1
672,268,1270.34,247.36,184.14,622.78,0.8494,-1,-1,-1
672,270,1071.37,279.30,246.03,682.34,0.8894,-1,-1,-1
672,273,738.72,383.55,77.54,261.60,0.7198,-1,-1,-1
673,204,830.79,328.50,154.65,433.43,0.8483,-1,-1,-1
673,247,1781.69,170.12,149.66,902.09,0.7711,-1,-1,-1
673,265,421.29,350.45,117.70,439.97,0.7847,-1,-1,-1
673,266,972.62,294.27,119.10,486.04,0.8159,-1,-1,-1
673,258,1450.25,274.53,168.81,593.57,0.8488,-1,-1,-1
673,268,1271.01,242.59,187.41,634.54,0.8356,-1,-1,-1
673,270,1072.02,275.07,250.72,696.44,0.8859,-1,-1,-1
673,273,736.52,380.79,78.55,264.81,0.7207,-1,-1,-1
674,204,830.60,328.11,152.95,433.12,0.8471,-1,-1,-1
674,247,1778.63,157.14,150.11,914.13,0.7816,-1,-1,-1
674,265,419.06,352.57,118.02,440.76,0.7688,-1,-1,-1
674,266,972.14,294.02,119.65,485.72,0.8090,-1,-1,-1
674,258,1452.66,273.42,170.76,593.68,0.8414,-1,-1,-1
674,268,1272.09,240.23,190.89,650.48,0.8243,-1,-1,-1
674,270,1072.75,268.48,255.69,709.44,0.8774,-1,-1,-1
674,273,737.16,380.14,78.70,263.59,0.7019,-1,-1,-1
675,204,831.49,328.29,151.89,433.99,0.8531,-1,-1,-1
675,247,1777.72,191.74,144.58,878.61,0.7948,-1,-1,-1
675,265,417.00,350.56,119.84,446.49,0.7744,-1,-1,-1
675,266,971.42,292.94,121.07,488.94,0.8131,-1,-1,-1
675,258,1454.97,272.88,172.97,594.74,0.8448,-1,-1,-1
675,268,1276.48,244.89,193.37,662.16,0.8163,-1,-1,-1
675,270,1072.69,264.87,260.05,718.86,0.8752,-1,-1,-1
675,273,737.25,381.46,78.22,260.46,0.7085,-1,-1,-1
676,204,831.66,329.00,151.22,435.49,0.8513,-1,-1,-1
676,247,1775.46,212.27,141.96,856.31,0.8226,-1,-1,-1
676,265,415.29,350.79,121.23,449.95,0.7926,-1,-1,-1
676,266,971.55,292.55,121.92,489.55,0.8215,-1,-1,-1
676,258,1461.29,272.30,172.91,589.64,0.8382,-1,-1,-1
676,268,1282.69,239.16,196.50,675.99,0.7948,-1,-1,-1
676,270,1073.58,259.76,265.20,728.45,0.8543,-1,-1,-1
676,273,736.29,381.56,79.02,261.14,0.7246,-1,-1,-1
677,204,832.55,327.86,150.85,436.93,0.8420,-1,-1,-1
677,247,1770.46,227.95,141.70,841.42,0.8336,-1,-1,-1
677,265,412.40,348.05,122.68,453.87,0.7924,-1,-1,-1
677,266,972.84,291.64,121.80,487.71,0.8249,-1,-1,-1
677,258,1466.25,268.05,175.22,592.74,0.8357,-1,-1,-1
677,268,1293.23,231.27,202.26,694.51,0.7772,-1,-1,-1
677,270,1077.24,252.82,263.26,713.34,0.8501,-1,-1,-1
677,273,735.88,380.00,80.49,263.89,0.7434,-1,-1,-1
678,204,833.37,326.83,150.65,438.89,0.8475,-1,-1,-1
678,247,1765.96,233.41,143.63,838.79,0.8555,-1,-1,-1
678,265,410.38,348.02,123.58,455.20,0.7955,-1,-1,-1
678,266,973.59,291.03,122.59,488.58,0.8165,-1,-1,-1
678,258,1470.16,264.78,176.60,595.44,0.8227,-1,-1,-1
678,268,1299.62,227.26,205.36,704.78,0.8078,-1,-1,-1
678,270,1080.29,244.53,266.26,708.34,0.8709,-1,-1,-1
678,273,735.38,379.57,81.61,265.93,0.7408,-1,-1,-1
679,204,834.67,327.25,150.16,438.49,0.8426,-1,-1,-1
679,247,1761.94,241.96,145.35,832.21,0.8450,-1,-1,-1
679,265,408.74,348.00,124.03,455.71,0.7841,-1,-1,-1
679,266,977.39,291.10,122.28,486.22,0.7902,-1,-1,-1
679,258,1477.14,263.29,176.93,595.23,0.8157,-1,-1,-1
679,268,1304.66,227.25,209.11,720.84,0.8382,-1,-1,-1
679,270,1078.35,237.87,278.10,730.13,0.8623,-1,-1,-1
679,273,734.95,378.54,82.15,266.55,0.7336,-1,-1,-1
680,204,837.35,328.75,150.99,438.36,0.8465,-1,-1,-1
680,247,1758.02,246.01,145.90,814.16,0.7731,-1,-1,-1
680,265,408.88,347.15,125.23,458.61,0.7866,-1,-1,-1
680,266,980.46,292.08,121.71,484.38,0.7723,-1,-1,-1
680,258,1485.47,262.00,179.30,602.13,0.8342,-1,-1,-1
680,268,1313.53,233.16,211.26,729.60,0.8708,-1,-1,-1
680,270,1070.66,232.05,289.02,757.65,0.8740,-1,-1,-1
680,273,735.71,377.82,83.39,269.45,0.7449,-1,-1,-1
681,204,840.62,330.94,151.84,437.60,0.8541,-1,-1,-1
681,247,1758.72,250.16,138.53,740.70,0.7894,-1,-1,-1
681,265,410.55,345.76,126.59,462.14,0.7832,-1,-1,-1
681,266,983.05,294.85,120.89,481.69,0.7802,-1,-1,-1
681,258,1491.51,261.66,181.42,607.42,0.8323,-1,-1,-1
681,268,1322.61,237.18,211.45,733.37,0.8649,-1,-1,-1
681,270,1067.95,226.52,296.39,780.47,0.8695,-1,-1,-1
681,273,737.29,380.61,84.63,270.78,0.7563,-1,-1,-1
682,204,844.07,332.57,154.52,440.75,0.8250,-1,-1,-1
682,247,1765.54,255.08,120.92,597.57,0.8296,-1,-1,-1
682,265,411.61,345.54,127.32,464.63,0.7898,-1,-1,-1
682,266,987.98,295.70,120.53,482.25,0.8018,-1,-1,-1
682,258,1496.59,259.98,183.45,616.70,0.8326,-1,-1,-1
682,268,1332.63,235.03,212.34,740.73,0.8558,-1,-1,-1
682,270,1070.92,223.13,299.70,792.66,0.8819,-1,-1,-1
682,273,738.83,381.26,86.32,273.90,0.7630,-1,-1,-1
683,204,849.77,334.94,153.26,433.03,0.8037,-1,-1,-1
683,247,1771.08,259.21,115.66,537.13,0.7006,-1,-1,-1
683,265,412.15,346.70,127.18,464.53,0.7796,-1,-1,-1
683,266,993.27,294.92,121.28,486.27,0.8023,-1,-1,-1
683,258,1500.33,257.37,183.36,622.29,0.8320,-1,-1,-1
683,268,1345.57,232.73,215.30,750.68,0.8695,-1,-1,-1
683,270,1074.93,219.92,305.24,810.98,0.8783,-1,-1,-1
683,273,740.65,382.22,86.94,274.27,0.7639,-1,-1,-1
684,204,852.15,336.28,154.70,435.20,0.8396,-1,-1,-1
684,247,1774.27,262.87,115.67,510.05,0.6231,-1,-1,-1
684,265,414.40,347.47,127.40,465.61,0.7940,-1,-1,-1
684,266,997.53,295.98,121.15,488.63,0.8060,-1,-1,-1
684,258,1506.87,257.98,183.54,627.20,0.8201,-1,-1,-1
684,268,1357.24,226.48,218.98,762.19,0.8636,-1,-1,-1
684,270,1078.27,216.80,314.40,841.88,0.8764,-1,-1,-1
684,273,745.00,382.31,88.02,277.25,0.7767,-1,-1,-1
685,204,859.19,334.24,154.89,435.89,0.8128,-1,-1,-1
685,247,1776.38,266.86,119.70,509.18,0.4476,-1,-1,-1
685,265,417.93,342.81,129.12,471.95,0.7980,-1,-1,-1
685,266,1003.69,296.74,120.58,489.22,0.8054,-1,-1,-1
685,258,1512.72,259.42,180.63,623.52,0.7557,-1,-1,-1
685,268,1368.03,220.94,221.21,769.17,0.8325,-1,-1,-1
685,270,1083.87,214.01,319.70,861.91,0.8874,-1,-1,-1
685,273,750.01,382.36,88.85,280.38,0.7894,-1,-1,-1
686,204,867.58,333.86,153.47,434.27,0.8561,-1,-1,-1
686,247,1781.81,277.82,120.95,502.46,0.6645,-1,-1,-1
686,265,420.51,342.19,129.11,473.84,0.8145,-1,-1,-1
686,266,1012.36,294.41,120.67,490.65,0.7971,-1,-1,-1
686,258,1525.87,266.10,176.04,619.40,0.4313,-1,-1,-1
686,268,1384.77,212.37,225.55,780.58,0.8309,-1,-1,-1
686,270,1090.55,210.36,321.26,871.69,0.8993,-1,-1,-1
686,273,754.79,383.08,88.42,279.12,0.8152,-1,-1,-1
687,204,876.21,331.11,155.12,437.95,0.8464,-1,-1,-1
687,247,1787.84,297.30,127.27,529.74,0.6378,-1,-1,-1
687,265,423.23,338.17,128.20,473.95,0.7954,-1,-1,-1
687,266,1017.74,295.45,121.80,495.01,0.7959,-1,-1,-1
687,268,1404.97,203.87,233.41,794.29,0.8370,-1,-1,-1
687,270,1097.02,206.93,322.21,877.11,0.9021,-1,-1,-1
687,273,761.33,380.48,89.24,282.42,0.8177,-1,-1,-1
688,204,880.97,327.91,153.84,435.29,0.8325,-1,-1,-1
688,247,1797.59,324.31,125.16,526.53,0.6843,-1,-1,-1
688,265,428.12,333.49,128.92,478.63,0.7640,-1,-1,-1
688,266,1025.95,294.15,120.60,490.76,0.8105,-1,-1,-1
688,268,1423.88,194.13,242.03,807.73,0.8663,-1,-1,-1
688,270,1102.70,198.39,324.36,884.49,0.8989,-1,-1,-1
688,273,765.41,378.13,89.54,282.30,0.7856,-1,-1,-1
689,204,888.54,324.23,152.49,431.85,0.8103,-1,-1,-1
689,247,1812.25,361.49,116.58,500.80,0.5571,-1,-1,-1
689,265,432.36,330.09,128.11,477.07,0.8084,-1,-1,-1
689,266,1033.58,291.80,119.76,488.99,0.7757,-1,-1,-1
689,268,1438.92,188.83,247.52,809.00,0.8774,-1,-1,-1
689,270,1107.04,178.86,330.22,902.09,0.8956,-1,-1,-1
689,273,770.95,374.07,90.50,282.84,0.7697,-1,-1,-1
690,204,896.91,319.15,153.76,433.26,0.7927,-1,-1,-1
690,247,1828.86,400.81,107.06,477.17,0.3386,-1,-1,-1
690,265,435.23,324.10,127.39,476.26,0.7845,-1,-1,-1
690,266,1041.92,288.00,119.07,487.59,0.8152,-1,-1,-1
690,268,1454.34,180.29,255.97,815.00,0.8657,-1,-1,-1
690,270,1112.06,170.88,332.31,905.49,0.8985,-1,-1,-1
690,273,773.86,365.18,92.14,287.90,0.7459,-1,-1,-1
691,204,904.42,313.34,154.55,432.40,0.8089,-1,-1,-1
691,265,437.70,320.04,127.31,477.82,0.7141,-1,-1,-1
691,266,1046.66,284.47,118.55,486.64,0.7609,-1,-1,-1
691,268,1468.02,167.70,267.69,829.58,0.8799,-1,-1,-1
691,270,1115.36,173.49,333.12,903.95,0.9032,-1,-1,-1
691,273,777.32,362.42,92.82,289.83,0.7824,-1,-1,-1
692,204,904.75,308.56,153.65,432.61,0.7948,-1,-1,-1
692,265,438.97,315.06,128.16,482.54,0.7419,-1,-1,-1
692,266,1051.64,280.93,119.29,490.60,0.7500,-1,-1,-1
692,268,1476.24,156.29,281.89,853.31,0.8965,-1,-1,-1
692,270,1116.52,161.27,340.31,918.03,0.8951,-1,-1,-1
692,273,779.39,357.25,93.73,293.02,0.7836,-1,-1,-1
693,204,907.76,303.59,153.84,434.94,0.7916,-1,-1,-1
693,265,446.05,310.63,131.29,487.05,0.6779,-1,-1,-1
693,266,1052.49,274.64,122.32,511.31,0.6059,-1,-1,-1
693,268,1482.06,145.76,298.13,883.90,0.9008,-1,-1,-1
693,270,1117.61,140.51,349.80,936.13,0.8889,-1,-1,-1
693,273,779.76,354.27,93.74,292.89,0.7794,-1,-1,-1
693,274,867.83,371.27,58.72,220.93,0.5331,-1,-1,-1
694,204,907.14,300.07,153.40,436.95,0.8126,-1,-1,-1
694,265,443.38,305.50,132.90,491.50,0.6922,-1,-1,-1
694,266,1053.04,268.47,121.25,517.35,0.5496,-1,-1,-1
694,268,1488.66,138.88,313.20,908.04,0.8982,-1,-1,-1
694,270,1120.35,128.52,358.44,948.00,0.8896,-1,-1,-1
694,273,780.58,352.04,94.04,293.97,0.7482,-1,-1,-1
694,274,867.33,367.95,58.14,218.44,0.5095,-1,-1,-1
695,204,908.35,298.60,152.03,435.80,0.8102,-1,-1,-1
695,265,435.77,299.93,132.91,494.42,0.7972,-1,-1,-1
695,266,1054.23,260.84,140.48,605.42,0.5270,-1,-1,-1
695,268,1498.13,131.38,325.57,920.95,0.8994,-1,-1,-1
695,270,1120.42,114.94,369.34,961.41,0.8795,-1,-1,-1
695,273,780.03,347.45,94.09,295.64,0.7458,-1,-1,-1
695,274,868.70,363.74,59.72,223.93,0.6096,-1,-1,-1
696,204,907.36,299.57,150.02,433.30,0.8455,-1,-1,-1
696,265,431.45,296.73,133.02,497.56,0.8193,-1,-1,-1
696,266,1051.52,253.15,151.14,648.69,0.6175,-1,-1,-1
696,268,1504.16,125.36,338.57,935.79,0.9045,-1,-1,-1
696,270,1121.86,102.11,379.64,974.52,0.8823,-1,-1,-1
696,273,778.05,343.94,94.57,297.39,0.7684,-1,-1,-1
696,274,868.33,363.36,60.95,228.31,0.6266,-1,-1,-1
697,204,909.00,297.25,147.90,431.41,0.8157,-1,-1,-1
697,265,427.24,294.72,133.27,498.83,0.7918,-1,-1,-1
697,266,1046.12,249.34,156.53,673.70,0.6702,-1,-1,-1
697,268,1509.56,116.61,351.63,953.66,0.8911,-1,-1,-1
697,270,1129.25,87.44,390.34,989.28,0.8937,-1,-1,-1
697,273,776.91,338.64,95.39,300.06,0.7628,-1,-1,-1
697,274,867.18,361.87,61.32,229.44,0.6717,-1,-1,-1
698,204,912.69,292.25,148.37,435.27,0.8322,-1,-1,-1
698,265,424.01,287.90,133.07,501.06,0.7804,-1,-1,-1
698,266,1047.63,232.22,163.26,701.39,0.6729,-1,-1,-1
698,268,1516.21,111.03,360.95,959.05,0.9017,-1,-1,-1
698,270,1128.93,71.23,401.28,1005.75,0.9040,-1,-1,-1
698,273,776.35,337.65,95.72,300.39,0.7806,-1,-1,-1
698,274,865.44,358.66,61.45,228.98,0.6886,-1,-1,-1
699,204,917.29,286.75,149.52,438.53,0.8359,-1,-1,-1
699,265,424.27,281.96,134.30,503.78,0.7728,-1,-1,-1
699,266,1046.39,214.18,169.20,728.36,0.6958,-1,-1,-1
699,268,1522.30,99.82,369.96,966.90,0.9050,-1,-1,-1
699,270,1131.75,53.80,412.29,1024.65,0.9052,-1,-1,-1
699,273,775.99,334.93,96.75,301.58,0.7890,-1,-1,-1
699,274,865.39,353.28,61.81,229.59,0.6889,-1,-1,-1
700,204,919.37,283.58,149.79,439.62,0.8452,-1,-1,-1
700,265,421.02,277.13,134.29,505.50,0.7964,-1,-1,-1
700,266,1046.43,199.90,172.01,746.40,0.7592,-1,-1,-1
700,268,1523.63,84.53,380.05,983.02,0.9101,-1,-1,-1
700,270,1139.88,36.14,421.54,1041.33,0.8994,-1,-1,-1
700,273,775.03,332.35,97.89,303.46,0.7657,-1,-1,-1
700,274,865.98,348.27,62.16,231.03,0.6502,-1,-1,-1
701,204,920.74,282.23,148.92,437.43,0.8554,-1,-1,-1
701,265,416.50,272.09,135.16,510.91,0.8243,-1,-1,-1
701,266,1042.12,190.15,170.79,756.05,0.7719,-1,-1,-1
701,268,1526.19,74.50,385.69,991.15,0.9082,-1,-1,-1
701,270,1145.92,23.49,427.96,1052.08,0.8951,-1,-1,-1
701,273,775.54,328.89,98.88,305.15,0.7537,-1,-1,-1
701,274,865.86,345.23,63.03,233.56,0.6725,-1,-1,-1
702,204,919.92,279.59,147.20,434.57,0.8407,-1,-1,-1
702,265,413.74,267.87,136.06,516.27,0.8279,-1,-1,-1
702,266,1044.91,181.09,173.15,766.21,0.8141,-1,-1,-1
702,268,1525.52,64.37,391.21,1000.71,0.9111,-1,-1,-1
702,270,1148.04,11.27,434.18,1062.75,0.8916,-1,-1,-1
702,273,774.85,325.17,98.98,306.03,0.7640,-1,-1,-1
702,274,863.65,339.58,64.79,237.67,0.7016,-1,-1,-1
703,204,918.79,277.13,145.24,432.15,0.8366,-1,-1,-1
703,265,408.49,261.41,137.49,521.92,0.8180,-1,-1,-1
703,266,1044.88,171.38,175.68,775.88,0.8353,-1,-1,-1
703,268,1525.73,51.36,397.35,1016.04,0.9060,-1,-1,-1
703,270,1153.80,2.14,439.17,1071.54,0.8957,-1,-1,-1
703,273,773.61,319.62,100.42,310.49,0.7656,-1,-1,-1
703,274,862.96,333.92,66.93,244.37,0.6810,-1,-1,-1
704,204,915.53,272.10,143.01,431.36,0.8208,-1,-1,-1
704,265,402.15,255.12,138.03,523.63,0.8433,-1,-1,-1
704,266,1047.08,160.70,180.96,785.94,0.8462,-1,-1,-1
704,268,1528.62,38.87,401.05,1029.25,0.9108,-1,-1,-1
704,270,1159.84,-2.55,442.01,1074.88,0.9025,-1,-1,-1
704,273,773.99,314.49,101.58,312.88,0.7671,-1,-1,-1
704,274,862.26,328.99,67.85,247.09,0.6798,-1,-1,-1
705,204,913.21,265.17,140.90,430.88,0.8178,-1,-1,-1
705,265,398.29,250.98,138.48,523.03,0.8588,-1,-1,-1
705,266,1039.30,149.84,185.43,795.74,0.8462,-1,-1,-1
705,268,1532.14,17.52,405.11,1048.13,0.9014,-1,-1,-1
705,270,1164.82,-3.68,443.35,1074.99,0.9049,-1,-1,-1
705,273,773.42,310.32,101.49,314.21,0.7490,-1,-1,-1
705,274,858.77,323.65,68.07,246.30,0.6568,-1,-1,-1
706,204,913.88,259.50,138.70,429.29,0.8049,-1,-1,-1
706,265,394.01,243.90,139.83,527.64,0.8136,-1,-1,-1
706,266,1022.04,138.62,192.34,815.63,0.8301,-1,-1,-1
706,268,1537.17,4.51,406.10,1062.50,0.9177,-1,-1,-1
706,270,1174.89,-3.83,445.38,1075.90,0.9111,-1,-1,-1
706,273,771.09,304.07,101.54,316.43,0.7622,-1,-1,-1
706,274,855.77,318.80,69.30,249.36,0.6821,-1,-1,-1
707,204,914.39,254.95,136.57,426.75,0.7559,-1,-1,-1
707,265,390.25,237.49,140.44,529.00,0.8208,-1,-1,-1
707,266,1007.06,123.95,201.74,847.66,0.8320,-1,-1,-1
707,268,1547.68,-0.39,403.17,1071.74,0.9170,-1,-1,-1
707,270,1187.92,-3.21,448.66,1077.20,0.9136,-1,-1,-1
707,273,771.66,296.74,100.51,316.74,0.7831,-1,-1,-1
707,274,854.94,313.12,69.65,249.23,0.6648,-1,-1,-1
708,204,909.72,243.61,134.99,432.22,0.6969,-1,-1,-1
708,265,388.37,231.63,141.30,530.72,0.7950,-1,-1,-1
708,266,992.43,109.98,210.15,875.69,0.8468,-1,-1,-1
708,268,1561.80,-0.92,396.14,1074.31,0.9075,-1,-1,-1
708,270,1200.08,-2.38,452.03,1074.19,0.9134,-1,-1,-1
708,273,771.44,289.98,100.95,318.22,0.7736,-1,-1,-1
708,274,853.42,306.26,71.59,255.40,0.6081,-1,-1,-1
709,204,907.00,232.74,134.49,435.56,0.5532,-1,-1,-1
709,265,383.26,220.28,143.99,540.73,0.8032,-1,-1,-1
709,266,988.56,98.70,220.44,900.56,0.8609,-1,-1,-1
709,268,1579.14,-0.00,387.51,1078.71,0.8982,-1,-1,-1
709,270,1218.92,-1.65,456.88,1072.90,0.9182,-1,-1,-1
709,273,769.17,282.78,102.37,321.58,0.7602,-1,-1,-1
709,274,852.78,301.35,71.49,254.08,0.5355,-1,-1,-1
710,265,379.39,212.93,144.72,543.21,0.7942,-1,-1,-1
710,266,974.34,87.13,233.38,924.28,0.8828,-1,-1,-1
710,268,1599.43,0.28,376.00,1080.36,0.8971,-1,-1,-1
710,270,1241.59,-0.91,462.57,1070.61,0.9315,-1,-1,-1
710,273,767.67,275.67,103.66,325.38,0.7692,-1,-1,-1
710,274,853.40,297.27,70.69,251.61,0.4965,-1,-1,-1
711,265,375.42,207.05,145.62,546.31,0.8141,-1,-1,-1
711,266,962.40,78.89,245.27,943.50,0.8934,-1,-1,-1
711,268,1625.51,0.90,357.91,1068.35,0.8807,-1,-1,-1
711,270,1271.23,-1.79,473.08,1069.96,0.9216,-1,-1,-1
711,273,769.50,270.36,103.83,328.48,0.7466,-1,-1,-1
711,274,852.35,294.52,71.35,254.62,0.4919,-1,-1,-1
712,265,371.29,202.86,146.57,550.29,0.8206,-1,-1,-1
712,266,950.06,65.73,258.90,969.95,0.9029,-1,-1,-1
712,268,1669.06,0.12,307.60,952.29,0.7731,-1,-1,-1
712,270,1295.03,0.21,483.20,1070.36,0.9111,-1,-1,-1
712,273,765.97,266.12,105.55,332.17,0.7431,-1,-1,-1
712,274,851.57,292.79,70.65,253.40,0.5970,-1,-1,-1
713,265,366.59,196.75,147.95,555.68,0.8164,-1,-1,-1
713,266,938.19,53.15,272.53,1000.05,0.8966,-1,-1,-1
713,268,1711.92,1.35,267.14,867.06,0.5927,-1,-1,-1
713,270,1321.92,2.02,494.41,1069.08,0.9159,-1,-1,-1
713,273,763.75,261.19,107.84,336.43,0.7595,-1,-1,-1
713,274,851.80,285.95,72.37,259.56,0.5324,-1,-1,-1
714,265,363.68,193.10,148.69,558.46,0.8265,-1,-1,-1
714,266,925.37,43.02,282.56,1020.13,0.8874,-1,-1,-1
714,270,1345.77,1.49,506.88,1068.45,0.9254,-1,-1,-1
714,273,761.10,258.02,109.49,338.99,0.7820,-1,-1,-1
714,274,851.48,283.77,72.47,261.63,0.5898,-1,-1,-1
715,265,361.34,190.69,149.77,559.96,0.8250,-1,-1,-1
715,266,911.97,35.26,290.42,1034.33,0.8908,-1,-1,-1
715,270,1348.28,-0.52,518.82,1067.79,0.9283,-1,-1,-1
715,273,761.93,255.26,111.11,340.35,0.7669,-1,-1,-1
715,274,846.47,280.17,72.03,265.27,0.4193,-1,-1,-1
716,265,357.16,188.32,150.90,564.04,0.8276,-1,-1,-1
716,266,896.18,16.51,298.95,1053.79,0.8965,-1,-1,-1
716,270,1339.34,-1.21,531.94,1069.31,0.9285,-1,-1,-1
716,273,761.10,253.13,112.06,340.98,0.7613,-1,-1,-1
716,274,841.38,274.87,71.12,268.78,0.3652,-1,-1,-1
716,275,1238.77,317.18,57.24,206.86,0.5869,-1,-1,-1
717,265,354.58,187.64,151.98,564.58,0.8039,-1,-1,-1
717,266,879.94,4.00,308.42,1074.21,0.9083,-1,-1,-1
717,270,1329.20,-1.35,543.64,1068.86,0.9286,-1,-1,-1
717,273,760.48,248.75,114.77,345.60,0.8057,-1,-1,-1
717,275,1241.33,311.97,58.45,211.07,0.5070,-1,-1,-1
718,265,350.69,182.55,154.47,570.85,0.8183,-1,-1,-1
718,266,863.61,5.57,311.63,1073.68,0.9027,-1,-1,-1
718,270,1320.53,-0.44,555.04,1069.73,0.9180,-1,-1,-1
718,273,756.38,244.99,116.09,350.33,0.8089,-1,-1,-1
718,275,1242.43,308.23,59.61,214.27,0.5913,-1,-1,-1
719,265,346.32,179.32,156.10,575.59,0.8280,-1,-1,-1
719,266,842.05,0.42,316.13,1075.54,0.8994,-1,-1,-1
719,270,1315.02,0.15,565.10,1070.61,0.9180,-1,-1,-1
719,273,750.86,240.89,116.24,354.55,0.7687,-1,-1,-1
719,275,1246.59,310.59,59.10,210.48,0.5575,-1,-1,-1
720,265,342.45,178.10,157.26,579.76,0.8484,-1,-1,-1
720,266,818.22,-1.47,320.94,1076.98,0.8882,-1,-1,-1
720,270,1316.50,1.09,568.61,1061.58,0.9173,-1,-1,-1
720,273,745.69,239.71,113.42,355.25,0.6818,-1,-1,-1
720,275,1249.49,306.52,60.90,214.49,0.6397,-1,-1,-1
721,265,338.43,173.94,159.18,586.81,0.8474,-1,-1,-1
721,266,793.58,-2.15,326.35,1082.00,0.9126,-1,-1,-1
721,270,1320.14,1.51,574.49,1062.70,0.8841,-1,-1,-1
721,275,1249.78,302.78,62.18,216.29,0.6066,-1,-1,-1
721,276,1097.60,164.89,119.34,518.43,0.7447,-1,-1,-1
722,265,333.48,169.37,161.17,593.53,0.8438,-1,-1,-1
722,266,772.29,-2.03,330.51,1081.83,0.9107,-1,-1,-1
722,270,1324.25,1.29,578.53,1063.62,0.9198,-1,-1,-1
722,275,1247.72,295.99,64.16,222.90,0.4930,-1,-1,-1
722,276,1098.36,162.58,119.98,519.48,0.7899,-1,-1,-1
723,265,328.70,166.43,162.55,597.32,0.8462,-1,-1,-1
723,266,749.08,-1.78,334.70,1081.91,0.9036,-1,-1,-1
723,270,1327.49,1.40,580.99,1063.61,0.9027,-1,-1,-1
723,275,1249.15,306.87,61.62,212.96,0.5252,-1,-1,-1
723,276,1095.65,161.93,118.95,511.89,0.8314,-1,-1,-1
723,277,1301.59,111.29,173.70,546.28,0.7295,-1,-1,-1
724,265,323.69,163.01,163.83,601.26,0.8366,-1,-1,-1
724,266,728.47,-1.54,338.97,1077.03,0.9061,-1,-1,-1
724,270,1331.25,3.54,581.91,1062.81,0.9020,-1,-1,-1
724,276,1093.85,159.34,119.48,509.00,0.8438,-1,-1,-1
724,277,1270.77,108.25,195.40,614.50,0.7753,-1,-1,-1
725,265,317.91,158.50,165.22,605.68,0.8384,-1,-1,-1
725,266,696.75,-0.15,344.41,1075.65,0.9040,-1,-1,-1
725,270,1336.38,5.73,581.97,1063.09,0.8821,-1,-1,-1
725,276,1090.97,157.94,120.52,507.38,0.8373,-1,-1,-1
725,277,1246.92,102.58,209.52,658.49,0.8577,-1,-1,-1
726,265,313.07,156.23,166.10,608.79,0.8181,-1,-1,-1
726,266,666.50,0.75,350.26,1075.51,0.9086,-1,-1,-1
726,270,1345.08,6.90,579.79,1061.23,0.8125,-1,-1,-1
726,276,1090.14,154.94,122.70,507.91,0.8424,-1,-1,-1
726,277,1226.91,104.68,223.00,698.95,0.8564,-1,-1,-1
727,265,302.09,149.24,168.01,613.98,0.8201,-1,-1,-1
727,266,638.09,2.04,355.87,1074.20,0.9053,-1,-1,-1
727,270,1363.72,4.58,575.83,1063.37,0.8124,-1,-1,-1
727,276,1087.07,152.13,125.73,510.69,0.8544,-1,-1,-1
727,277,1211.32,104.75,228.53,708.96,0.8694,-1,-1,-1
728,265,292.51,143.02,169.37,619.36,0.8495,-1,-1,-1
728,266,606.51,2.50,363.76,1074.85,0.9091,-1,-1,-1
728,270,1425.48,5.45,553.16,1052.37,0.7383,-1,-1,-1
728,276,1078.44,148.50,126.85,510.52,0.6673,-1,-1,-1
728,277,1190.67,101.90,234.92,714.75,0.8591,-1,-1,-1
728,204,935.15,181.43,133.56,443.95,0.7887,-1,-1,-1
729,265,281.70,132.67,171.19,627.20,0.8670,-1,-1,-1
729,266,567.87,0.94,372.48,1075.23,0.9076,-1,-1,-1
729,270,1514.46,22.33,516.42,1038.37,0.6981,-1,-1,-1
729,276,1068.60,146.55,126.62,508.85,0.7569,-1,-1,-1
729,277,1172.16,95.47,242.64,719.55,0.8772,-1,-1,-1
729,204,934.57,183.51,130.32,439.47,0.8449,-1,-1,-1
730,265,270.64,126.42,172.29,631.01,0.8434,-1,-1,-1
730,266,524.01,0.51,382.67,1076.15,0.9227,-1,-1,-1
730,276,1060.70,142.79,128.04,512.35,0.8079,-1,-1,-1
730,277,1160.21,94.13,248.92,717.26,0.9001,-1,-1,-1
730,204,929.16,183.40,132.28,437.95,0.8500,-1,-1,-1
731,265,256.83,121.26,173.78,636.93,0.8306,-1,-1,-1
731,266,478.14,1.65,392.21,1074.78,0.9070,-1,-1,-1
731,276,1053.65,140.25,128.77,514.26,0.7967,-1,-1,-1
731,277,1152.45,93.56,255.41,716.58,0.8963,-1,-1,-1
731,204,920.29,182.50,134.31,438.87,0.8390,-1,-1,-1
732,265,240.87,111.72,174.82,647.60,0.8457,-1,-1,-1
732,266,428.12,2.44,402.82,1069.46,0.9132,-1,-1,-1
732,276,1048.95,138.53,128.58,514.76,0.8123,-1,-1,-1
732,277,1137.56,91.03,264.60,719.17,0.8785,-1,-1,-1
732,204,915.04,182.57,136.96,438.32,0.8396,-1,-1,-1
733,266,353.21,2.87,420.85,1066.79,0.9026,-1,-1,-1
733,276,1043.41,135.40,127.65,514.12,0.8048,-1,-1,-1
733,277,1127.06,81.84,273.28,726.24,0.8631,-1,-1,-1
733,204,911.63,180.50,140.39,437.77,0.8547,-1,-1,-1
734,266,301.58,4.57,435.12,1063.31,0.9264,-1,-1,-1
734,276,1037.79,135.69,126.93,514.83,0.8040,-1,-1,-1
734,277,1108.72,80.19,282.85,737.23,0.8614,-1,-1,-1
734,204,902.43,181.64,140.55,435.98,0.8419,-1,-1,-1
735,266,248.17,3.96,452.11,1062.66,0.9089,-1,-1,-1
735,276,1029.72,136.89,126.62,518.81,0.7599,-1,-1,-1
735,277,1086.58,80.88,290.12,744.41,0.8626,-1,-1,-1
735,204,894.53,181.88,138.58,428.21,0.8574,-1,-1,-1
735,273,733.03,208.54,124.03,401.27,0.6851,-1,-1,-1
736,266,169.46,2.53,475.42,1065.16,0.8624,-1,-1,-1
736,276,1019.58,135.50,125.94,523.96,0.6483,-1,-1,-1
736,277,1064.77,77.54,290.09,736.61,0.8803,-1,-1,-1
736,204,888.03,181.39,138.49,428.25,0.8479,-1,-1,-1
736,273,719.24,188.59,127.03,408.37,0.6393,-1,-1,-1
737,266,107.75,3.74,495.46,1062.62,0.9244,-1,-1,-1
737,276,1006.78,137.89,123.92,524.45,0.6674,-1,-1,-1
737,277,1045.80,72.99,288.07,733.53,0.8520,-1,-1,-1
737,204,879.99,179.76,138.09,428.31,0.8372,-1,-1,-1
737,273,694.16,180.27,135.27,422.13,0.7135,-1,-1,-1
738,266,77.55,4.15,512.19,1059.80,0.9044,-1,-1,-1
738,276,993.95,141.04,119.71,519.55,0.4704,-1,-1,-1
738,277,1014.34,69.06,287.78,740.02,0.8716,-1,-1,-1
738,204,866.77,177.14,138.54,430.87,0.8223,-1,-1,-1
738,273,666.13,172.79,141.43,433.88,0.7847,-1,-1,-1
739,266,55.01,3.39,523.88,1055.69,0.9128,-1,-1,-1
739,277,981.66,68.73,281.42,738.37,0.8284,-1,-1,-1
739,204,847.78,176.43,139.25,433.95,0.8441,-1,-1,-1
739,273,642.66,166.97,147.77,443.35,0.8122,-1,-1,-1
740,266,29.25,5.15,529.64,1052.69,0.9056,-1,-1,-1
740,277,947.43,66.70,274.31,738.76,0.8287,-1,-1,-1
740,204,832.59,176.58,139.38,432.11,0.8414,-1,-1,-1
740,273,623.32,163.73,152.83,456.19,0.8234,-1,-1,-1
741,266,1.80,4.54,532.85,1057.06,0.8886,-1,-1,-1
741,277,919.31,66.92,272.56,753.74,0.8714,-1,-1,-1
741,204,821.27,177.38,139.54,431.88,0.8179,-1,-1,-1
741,273,606.03,161.53,156.10,460.82,0.8471,-1,-1,-1
742,266,-34.80,4.17,526.69,1061.33,0.8361,-1,-1,-1
742,277,894.06,66.58,269.73,762.09,0.8391,-1,-1,-1
742,204,809.59,177.36,140.47,434.95,0.8407,-1,-1,-1
742,273,589.52,157.72,159.32,465.74,0.8487,-1,-1,-1
743,266,-85.76,7.97,500.18,1050.97,0.7070,-1,-1,-1
743,277,873.65,66.89,266.67,765.20,0.8163,-1,-1,-1
743,204,799.01,179.80,141.06,436.70,0.8275,-1,-1,-1
743,273,576.17,157.63,160.92,470.14,0.8278,-1,-1,-1
744,277,839.98,64.63,264.67,766.68,0.8342,-1,-1,-1
744,204,783.41,180.03,140.68,433.22,0.8212,-1,-1,-1
744,273,558.71,156.70,164.15,477.97,0.8404,-1,-1,-1
745,277,808.56,61.44,264.83,765.41,0.7783,-1,-1,-1
745,204,766.88,181.03,139.57,431.01,0.7263,-1,-1,-1
745,273,542.12,154.58,168.61,487.45,0.8413,-1,-1,-1
745,280,1068.97,230.04,97.65,305.11,0.7481,-1,-1,-1
745,266,-96.72,43.15,375.24,831.67,0.8732,-1,-1,-1
746,277,763.98,56.27,274.76,780.00,0.8060,-1,-1,-1
746,204,751.52,181.62,136.83,425.34,0.7471,-1,-1,-1
746,273,524.98,152.63,173.07,495.46,0.8397,-1,-1,-1
746,280,1056.29,225.06,99.71,311.46,0.7225,-1,-1,-1
746,266,-92.66,52.55,331.43,777.69,0.8566,-1,-1,-1
747,277,730.03,45.91,285.94,790.84,0.8323,-1,-1,-1
747,204,732.88,183.01,129.18,404.54,0.6152,-1,-1,-1
747,273,505.24,151.46,176.53,501.91,0.8303,-1,-1,-1
747,280,1048.97,222.84,100.78,315.53,0.7044,-1,-1,-1
747,266,-93.62,54.47,307.11,765.88,0.8304,-1,-1,-1
748,277,698.76,47.87,294.76,790.11,0.8794,-1,-1,-1
748,204,713.19,174.25,128.13,407.97,0.5249,-1,-1,-1
748,273,488.99,149.30,179.42,506.51,0.8525,-1,-1,-1
748,280,1039.94,219.69,102.51,322.04,0.7132,-1,-1,-1
748,266,-93.80,61.40,286.20,761.15,0.8119,-1,-1,-1
749,277,688.62,47.65,300.49,790.84,0.8157,-1,-1,-1
749,204,696.11,184.21,115.54,374.80,0.3418,-1,-1,-1
749,273,472.60,147.93,184.38,516.10,0.8422,-1,-1,-1
749,280,1030.96,219.81,102.42,323.21,0.6747,-1,-1,-1
749,266,-85.70,95.24,254.97,722.55,0.7608,-1,-1,-1
750,277,669.16,51.94,307.68,792.56,0.8591,-1,-1,-1
750,273,457.55,147.40,187.83,522.03,0.7512,-1,-1,-1
750,280,1025.97,224.09,101.27,320.75,0.7403,-1,-1,-1
750,266,-75.30,160.38,217.06,656.55,0.7269,-1,-1,-1
751,277,650.10,51.96,317.54,801.61,0.8737,-1,-1,-1
751,273,441.16,148.30,194.59,538.21,0.8016,-1,-1,-1
751,280,1024.16,226.32,100.85,321.65,0.7152,-1,-1,-1
751,282,980.11,240.65,82.59,321.35,0.6530,-1,-1,-1
751,276,880.54,138.92,116.61,512.55,0.6952,-1,-1,-1
752,277,630.73,53.03,324.69,808.40,0.8716,-1,-1,-1
752,273,428.56,144.41,199.10,549.85,0.8283,-1,-1,-1
752,280,1022.71,227.51,100.45,322.47,0.7482,-1,-1,-1
752,282,973.92,243.95,83.69,324.23,0.6887,-1,-1,-1
752,276,870.06,140.11,118.13,518.44,0.7587,-1,-1,-1
753,277,613.16,48.49,331.65,819.05,0.8886,-1,-1,-1
753,273,417.19,139.87,203.67,558.99,0.8388,-1,-1,-1
753,280,1024.44,229.27,98.76,319.06,0.7371,-1,-1,-1
753,282,974.16,249.29,84.83,325.49,0.7030,-1,-1,-1
753,276,862.13,143.71,119.61,522.74,0.7676,-1,-1,-1
754,277,595.97,47.54,335.22,826.74,0.8870,-1,-1,-1
754,273,405.01,136.62,208.25,565.24,0.8195,-1,-1,-1
754,280,1024.07,231.32,99.56,323.30,0.7433,-1,-1,-1
754,282,972.01,251.88,86.38,327.41,0.6710,-1,-1,-1
754,276,856.25,147.69,120.76,525.67,0.7952,-1,-1,-1
755,277,575.70,44.66,339.39,836.31,0.8894,-1,-1,-1
755,273,396.92,134.27,211.30,570.16,0.8486,-1,-1,-1
755,280,1026.20,230.93,99.90,325.76,0.7177,-1,-1,-1
755,282,971.09,252.15,88.39,330.00,0.6919,-1,-1,-1
755,276,851.07,149.36,122.71,529.81,0.7993,-1,-1,-1
755,283,1826.28,312.99,92.13,391.38,0.5029,-1,-1,-1
756,277,544.08,40.61,343.44,848.25,0.8892,-1,-1,-1
756,273,385.48,132.26,215.74,581.01,0.8420,-1,-1,-1
756,280,1028.11,230.31,101.41,330.40,0.7037,-1,-1,-1
756,282,968.24,252.42,90.48,332.68,0.6797,-1,-1,-1
756,276,849.15,152.84,123.58,526.34,0.8010,-1,-1,-1
757,277,507.39,35.40,347.47,860.67,0.8795,-1,-1,-1
757,273,371.58,133.59,214.59,582.22,0.8541,-1,-1,-1
757,280,1029.87,230.29,102.71,333.28,0.7002,-1,-1,-1
757,282,966.13,252.49,93.11,337.27,0.7567,-1,-1,-1
757,276,846.60,156.82,125.22,523.87,0.8022,-1,-1,-1
758,277,471.93,35.12,350.01,868.77,0.8793,-1,-1,-1
758,273,364.61,130.25,215.43,588.07,0.7723,-1,-1,-1
758,280,1037.51,229.06,104.18,334.66,0.7045,-1,-1,-1
758,282,969.48,251.53,96.55,342.46,0.7991,-1,-1,-1
758,276,846.47,162.09,126.14,522.47,0.8244,-1,-1,-1
759,277,446.11,33.63,351.20,879.54,0.8466,-1,-1,-1
759,273,361.25,131.89,216.74,595.52,0.7958,-1,-1,-1
759,280,1041.89,229.74,107.28,344.02,0.7294,-1,-1,-1
759,282,971.11,254.25,98.50,343.59,0.8125,-1,-1,-1
759,276,845.23,166.77,127.23,523.58,0.8311,-1,-1,-1
760,277,424.85,38.56,347.16,883.03,0.7886,-1,-1,-1
760,273,358.25,130.38,219.55,608.14,0.7834,-1,-1,-1
760,280,1045.48,228.98,110.92,357.95,0.7447,-1,-1,-1
760,282,973.97,255.58,100.92,347.21,0.8079,-1,-1,-1
760,276,844.04,169.70,128.18,524.57,0.8298,-1,-1,-1
761,277,400.31,40.94,347.75,891.64,0.7625,-1,-1,-1
761,273,356.51,131.75,218.23,610.29,0.7331,-1,-1,-1
761,280,1050.36,229.04,111.65,362.97,0.7628,-1,-1,-1
761,282,977.66,256.83,103.11,349.75,0.8297,-1,-1,-1
761,276,844.64,171.93,129.10,527.02,0.8356,-1,-1,-1
761,285,708.41,201.18,143.19,452.01,0.8251,-1,-1,-1
762,277,382.51,39.76,349.80,900.11,0.7497,-1,-1,-1
762,273,350.28,134.15,217.28,613.39,0.7184,-1,-1,-1
762,280,1054.79,229.96,110.85,364.30,0.7785,-1,-1,-1
762,282,980.20,252.80,106.96,356.50,0.8051,-1,-1,-1
762,276,844.63,173.40,129.75,528.27,0.8351,-1,-1,-1
762,285,709.92,202.11,139.57,440.32,0.8180,-1,-1,-1
763,277,359.29,38.28,354.08,909.44,0.6406,-1,-1,-1
763,273,335.88,137.36,214.61,613.21,0.7549,-1,-1,-1
763,280,1059.95,230.67,111.20,366.94,0.7900,-1,-1,-1
763,282,985.08,251.35,110.44,360.29,0.8006,-1,-1,-1
763,276,846.69,173.62,129.55,526.09,0.8246,-1,-1,-1
763,285,709.82,203.53,142.06,447.50,0.8338,-1,-1,-1
764,277,339.17,38.03,359.97,916.97,0.8510,-1,-1,-1
764,273,319.22,124.06,219.25,635.07,0.5560,-1,-1,-1
764,280,1064.43,229.69,111.83,372.62,0.7762,-1,-1,-1
764,282,989.95,250.05,114.00,364.15,0.8012,-1,-1,-1
764,276,848.12,173.26,130.86,529.44,0.8134,-1,-1,-1
764,285,712.74,205.55,143.12,450.47,0.8353,-1,-1,-1
765,277,329.70,36.82,366.06,924.81,0.8616,-1,-1,-1
765,280,1070.74,228.90,111.56,374.98,0.7164,-1,-1,-1
765,282,994.21,250.81,117.68,368.41,0.7743,-1,-1,-1
765,276,852.56,170.49,130.78,523.53,0.8031,-1,-1,-1
765,285,715.38,207.70,142.91,449.32,0.8442,-1,-1,-1
766,277,318.75,34.87,371.97,928.81,0.9034,-1,-1,-1
766,280,1076.16,229.39,111.78,378.64,0.6851,-1,-1,-1
766,282,995.19,250.28,121.71,373.84,0.7989,-1,-1,-1
766,276,856.83,168.35,129.85,516.16,0.8125,-1,-1,-1
766,285,717.93,210.05,142.07,446.26,0.8416,-1,-1,-1
767,277,305.87,32.81,379.40,935.00,0.9007,-1,-1,-1
767,280,1085.55,227.12,114.55,386.58,0.7386,-1,-1,-1
767,282,995.33,250.41,126.97,378.89,0.8228,-1,-1,-1
767,276,858.36,164.95,130.38,514.01,0.8092,-1,-1,-1
767,285,719.61,210.86,141.07,442.60,0.8457,-1,-1,-1
767,286,638.39,272.69,91.21,341.50,0.7333,-1,-1,-1
768,277,290.68,31.49,387.03,940.26,0.9039,-1,-1,-1
768,280,1089.93,226.13,116.72,391.10,0.7685,-1,-1,-1
768,282,997.84,251.46,131.93,380.56,0.8123,-1,-1,-1
768,276,859.23,161.26,131.31,515.01,0.8117,-1,-1,-1
768,285,720.81,208.95,140.52,441.16,0.8234,-1,-1,-1
768,286,638.21,269.55,91.37,341.10,0.7522,-1,-1,-1
769,277,271.31,30.77,396.20,948.62,0.9094,-1,-1,-1
769,280,1090.15,226.30,117.43,395.27,0.7569,-1,-1,-1
769,282,998.60,251.87,138.14,384.84,0.8257,-1,-1,-1
769,276,858.29,158.96,133.05,517.31,0.8253,-1,-1,-1
769,285,721.23,208.09,139.83,439.74,0.8094,-1,-1,-1
769,286,636.49,266.28,93.14,346.39,0.7796,-1,-1,-1
770,277,248.51,26.81,406.57,960.50,0.8976,-1,-1,-1
770,280,1089.70,224.56,117.65,401.82,0.7136,-1,-1,-1
770,282,997.92,251.02,144.01,389.34,0.8340,-1,-1,-1
770,276,857.70,156.33,135.06,519.65,0.8249,-1,-1,-1
770,285,722.10,206.18,139.21,439.20,0.8267,-1,-1,-1
770,286,635.27,264.89,93.27,345.07,0.7875,-1,-1,-1
771,277,221.42,16.44,418.60,980.61,0.8926,-1,-1,-1
771,280,1091.12,221.16,117.66,408.26,0.7146,-1,-1,-1
771,282,995.37,246.39,150.10,395.61,0.8278,-1,-1,-1
771,276,854.46,153.68,136.99,520.31,0.8573,-1,-1,-1
771,285,719.19,199.62,139.76,442.83,0.8494,-1,-1,-1
771,286,633.43,256.80,94.43,347.08,0.7393,-1,-1,-1
772,277,197.08,10.92,423.65,984.10,0.8889,-1,-1,-1
772,280,1091.05,219.16,117.48,412.05,0.7857,-1,-1,-1
772,282,987.95,244.48,156.23,402.03,0.8342,-1,-1,-1
772,276,850.85,152.74,138.90,522.84,0.8601,-1,-1,-1
772,285,719.67,200.87,138.40,440.43,0.8348,-1,-1,-1
772,286,628.46,257.24,96.44,350.98,0.7896,-1,-1,-1
773,277,174.05,10.03,414.90,956.71,0.8627,-1,-1,-1
773,280,1090.41,215.34,118.39,418.07,0.7976,-1,-1,-1
773,282,982.22,241.35,161.99,408.06,0.8424,-1,-1,-1
773,276,846.00,153.56,139.56,523.59,0.8635,-1,-1,-1
773,285,717.16,199.67,137.08,439.54,0.8332,-1,-1,-1
773,286,624.01,257.51,97.50,351.62,0.8120,-1,-1,-1
774,277,145.54,5.88,409.95,948.13,0.8764,-1,-1,-1
774,280,1091.07,212.50,118.83,420.71,0.7753,-1,-1,-1
774,282,978.15,236.23,166.98,413.03,0.8589,-1,-1,-1
774,276,839.90,151.53,140.94,528.23,0.8138,-1,-1,-1
774,285,712.34,194.06,136.62,440.91,0.8314,-1,-1,-1
774,286,619.37,255.80,98.03,349.77,0.7972,-1,-1,-1
774,287,428.07,66.75,199.78,752.02,0.5840,-1,-1,-1
775,277,116.30,3.30,406.36,951.13,0.8709,-1,-1,-1
775,280,1088.47,208.17,120.02,424.23,0.7980,-1,-1,-1
775,282,974.39,230.64,171.07,416.05,0.8610,-1,-1,-1
775,276,830.02,151.84,139.61,526.59,0.7834,-1,-1,-1
775,285,708.27,190.09,136.97,443.51,0.8174,-1,-1,-1
775,286,614.26,250.60,101.04,357.35,0.7793,-1,-1,-1
775,287,412.16,57.62,205.12,771.01,0.7690,-1,-1,-1
776,277,88.21,0.90,404.68,961.55,0.8844,-1,-1,-1
776,280,1086.92,203.02,121.46,429.23,0.8109,-1,-1,-1
776,282,968.94,225.81,175.05,420.52,0.8485,-1,-1,-1
776,276,821.08,151.40,140.00,528.48,0.7804,-1,-1,-1
776,285,701.64,188.72,136.99,443.68,0.8011,-1,-1,-1
776,286,607.33,247.77,102.53,359.68,0.7792,-1,-1,-1
776,287,397.29,48.00,208.89,781.70,0.7164,-1,-1,-1
777,277,67.53,0.74,398.57,961.14,0.8973,-1,-1,-1
777,280,1086.92,199.41,122.84,431.01,0.8342,-1,-1,-1
777,282,962.99,222.29,178.20,425.22,0.8348,-1,-1,-1
777,276,815.49,151.91,140.30,528.84,0.8012,-1,-1,-1
777,285,694.40,190.71,136.79,442.46,0.7899,-1,-1,-1
777,286,598.12,245.91,104.85,365.82,0.7137,-1,-1,-1
777,287,376.16,41.43,215.19,798.43,0.7781,-1,-1,-1
778,277,44.16,1.71,397.33,975.76,0.8957,-1,-1,-1
778,280,1086.10,192.93,125.97,440.98,0.8311,-1,-1,-1
778,282,956.72,219.91,179.97,428.43,0.8406,-1,-1,-1
778,276,812.60,152.53,140.27,528.65,0.8065,-1,-1,-1
778,285,684.02,190.37,138.12,447.18,0.7419,-1,-1,-1
778,286,590.74,245.40,104.70,363.94,0.7243,-1,-1,-1
778,287,359.68,36.43,225.30,826.68,0.8289,-1,-1,-1
779,277,18.48,1.21,398.51,997.03,0.8965,-1,-1,-1
779,280,1082.51,193.35,126.16,442.19,0.8097,-1,-1,-1
779,282,952.06,216.14,181.68,434.73,0.8365,-1,-1,-1
779,276,804.84,154.30,139.79,524.42,0.7421,-1,-1,-1
779,285,675.63,190.85,136.71,441.94,0.7596,-1,-1,-1
779,286,580.44,243.72,106.46,366.23,0.7650,-1,-1,-1
779,287,348.70,31.60,235.14,855.70,0.8167,-1,-1,-1
780,277,-5.31,0.74,393.32,1000.60,0.9101,-1,-1,-1
780,280,1078.59,192.49,127.87,447.92,0.8100,-1,-1,-1
780,282,946.79,213.86,182.00,438.57,0.8449,-1,-1,-1
780,276,795.20,154.52,141.52,529.15,0.8081,-1,-1,-1
780,285,666.45,189.42,138.75,448.02,0.7397,-1,-1,-1
780,286,572.52,242.97,106.22,362.67,0.6802,-1,-1,-1
780,287,335.59,26.34,244.09,881.74,0.8464,-1,-1,-1
781,277,-28.52,2.44,389.32,1006.53,0.9110,-1,-1,-1
781,280,1078.05,191.35,130.45,454.52,0.8179,-1,-1,-1
781,282,943.28,212.40,182.79,445.58,0.8393,-1,-1,-1
781,276,791.31,153.23,142.11,531.60,0.8178,-1,-1,-1
781,285,668.85,189.61,136.91,447.52,0.6141,-1,-1,-1
781,286,566.68,242.36,105.48,360.51,0.6032,-1,-1,-1
781,287,325.34,19.99,250.02,893.05,0.8435,-1,-1,-1
782,277,-41.80,3.80,381.41,1006.77,0.9090,-1,-1,-1
782,280,1078.78,189.58,133.39,459.11,0.8124,-1,-1,-1
782,282,940.72,209.79,183.96,453.90,0.8712,-1,-1,-1
782,276,788.01,156.07,141.55,527.56,0.8168,-1,-1,-1
782,285,669.21,190.48,135.48,445.88,0.6774,-1,-1,-1
782,286,556.07,241.72,110.10,377.47,0.6245,-1,-1,-1
782,287,309.30,11.65,259.96,913.09,0.8664,-1,-1,-1
783,277,-52.52,3.30,373.52,1012.75,0.9017,-1,-1,-1
783,280,1077.91,189.68,135.60,460.69,0.8294,-1,-1,-1
783,282,939.25,209.01,184.56,460.79,0.8782,-1,-1,-1
783,276,782.88,156.07,142.04,524.73,0.8088,-1,-1,-1
783,285,668.02,194.16,133.97,444.43,0.6677,-1,-1,-1
783,286,543.60,241.71,112.77,383.63,0.6257,-1,-1,-1
783,287,284.05,2.70,273.68,939.36,0.8584,-1,-1,-1
784,277,-58.51,4.61,362.88,1013.92,0.9015,-1,-1,-1
784,280,1076.58,189.45,139.09,466.65,0.8240,-1,-1,-1
784,282,938.23,207.07,185.12,467.60,0.8681,-1,-1,-1
784,276,781.83,155.33,141.58,523.93,0.7934,-1,-1,-1
784,285,669.82,196.08,131.93,442.45,0.7079,-1,-1,-1
784,286,540.24,241.44,113.34,386.86,0.5871,-1,-1,-1
784,287,265.49,-0.36,286.84,963.56,0.8617,-1,-1,-1
785,277,-62.84,7.22,351.82,1016.87,0.8981,-1,-1,-1
785,280,1076.69,186.34,143.15,476.11,0.8280,-1,-1,-1
785,282,937.33,205.60,185.06,472.15,0.8453,-1,-1,-1
785,276,781.22,150.71,141.77,526.55,0.7902,-1,-1,-1
785,285,672.38,195.95,129.90,441.18,0.7288,-1,-1,-1
785,286,537.02,238.77,114.60,389.61,0.6670,-1,-1,-1
785,287,246.79,-0.79,296.33,978.72,0.8931,-1,-1,-1
786,277,-64.54,7.86,339.95,1018.47,0.8743,-1,-1,-1
786,280,1077.29,182.11,147.71,487.11,0.8263,-1,-1,-1
786,282,937.32,203.36,186.87,482.17,0.8298,-1,-1,-1
786,276,782.20,148.03,141.24,524.94,0.8160,-1,-1,-1
786,285,673.63,196.26,128.32,440.63,0.7290,-1,-1,-1
786,286,516.89,233.89,117.76,395.76,0.6940,-1,-1,-1
786,287,231.57,-1.68,304.53,990.35,0.8784,-1,-1,-1
787,277,-64.64,26.97,322.25,1002.74,0.8780,-1,-1,-1
787,280,1081.20,178.24,151.38,495.10,0.8361,-1,-1,-1
787,282,939.56,204.34,186.91,485.84,0.8345,-1,-1,-1
787,276,785.44,145.16,140.98,526.22,0.8247,-1,-1,-1
787,285,674.57,195.01,127.10,441.15,0.7785,-1,-1,-1
787,286,520.31,234.31,116.76,393.27,0.6557,-1,-1,-1
787,287,219.83,-2.22,312.76,1001.36,0.8834,-1,-1,-1
787,288,617.28,248.54,91.75,367.36,0.6548,-1,-1,-1
788,277,-63.40,48.54,305.00,987.04,0.8716,-1,-1,-1
788,280,1085.12,178.12,154.64,501.54,0.8460,-1,-1,-1
788,282,942.15,207.26,188.04,491.31,0.8563,-1,-1,-1
788,276,788.47,145.76,140.12,524.34,0.8244,-1,-1,-1
788,285,675.02,192.08,125.91,441.58,0.7532,-1,-1,-1
788,286,516.22,234.58,117.16,397.52,0.6460,-1,-1,-1
788,287,206.52,-1.63,318.53,1004.36,0.8982,-1,-1,-1
788,288,612.68,250.55,92.59,370.07,0.7316,-1,-1,-1
789,277,-60.47,74.86,288.95,972.45,0.8653,-1,-1,-1
789,280,1083.14,174.03,157.82,510.43,0.8342,-1,-1,-1
789,282,940.76,209.70,190.63,497.90,0.8387,-1,-1,-1
789,276,789.74,150.13,138.28,519.31,0.8369,-1,-1,-1
789,285,677.84,193.07,126.94,446.89,0.7678,-1,-1,-1
789,286,510.69,233.48,116.77,401.90,0.6086,-1,-1,-1
789,287,192.98,-1.96,326.08,1013.75,0.9006,-1,-1,-1
789,288,609.42,248.12,95.22,379.55,0.7482,-1,-1,-1
790,277,-61.10,93.45,274.29,964.11,0.8349,-1,-1,-1
790,280,1084.55,170.57,160.05,515.80,0.8420,-1,-1,-1
790,282,940.02,203.96,196.37,508.68,0.7915,-1,-1,-1
790,276,791.71,150.15,137.92,519.19,0.8471,-1,-1,-1
790,285,683.68,188.32,126.82,448.61,0.7493,-1,-1,-1
790,286,509.27,232.31,115.45,402.04,0.5647,-1,-1,-1
790,287,183.63,-1.95,334.62,1025.06,0.8937,-1,-1,-1
790,288,609.50,248.50,96.81,384.39,0.7294,-1,-1,-1
791,277,-61.93,103.90,260.29,958.64,0.8022,-1,-1,-1
791,280,1092.66,168.78,162.22,519.17,0.7853,-1,-1,-1
791,282,952.73,199.80,200.30,521.46,0.8015,-1,-1,-1
791,276,796.83,150.98,137.95,521.31,0.8245,-1,-1,-1
791,285,689.99,193.28,125.99,444.48,0.7750,-1,-1,-1
791,286,510.80,231.52,117.12,409.50,0.6057,-1,-1,-1
791,287,172.94,-1.33,343.85,1036.67,0.8914,-1,-1,-1
791,288,612.02,249.61,98.14,387.22,0.7470,-1,-1,-1
792,277,-63.17,119.04,244.83,948.81,0.5293,-1,-1,-1
792,280,1103.76,166.76,160.19,508.61,0.7372,-1,-1,-1
792,282,963.66,197.89,202.75,527.33,0.8236,-1,-1,-1
792,276,803.52,153.83,136.92,520.06,0.8028,-1,-1,-1
792,285,695.20,196.40,127.02,447.80,0.8057,-1,-1,-1
792,286,511.50,233.77,117.66,412.63,0.6413,-1,-1,-1
792,287,172.00,-0.23,354.97,1046.86,0.8589,-1,-1,-1
792,288,616.97,250.89,99.57,391.06,0.7984,-1,-1,-1
793,280,1111.51,165.86,164.00,522.29,0.8170,-1,-1,-1
793,282,970.20,194.62,206.22,534.07,0.8463,-1,-1,-1
793,276,811.48,153.40,137.72,524.19,0.8003,-1,-1,-1
793,285,700.71,195.19,127.58,449.48,0.8049,-1,-1,-1
793,286,514.52,233.62,115.01,404.37,0.5560,-1,-1,-1
793,287,164.22,1.06,368.00,1055.06,0.8892,-1,-1,-1
793,288,621.72,252.05,101.17,394.31,0.7888,-1,-1,-1
793,290,-3.51,138.51,58.15,433.14,0.5688,-1,-1,-1
794,280,1118.26,161.63,167.38,534.58,0.8547,-1,-1,-1
794,282,980.38,189.32,211.34,543.83,0.8462,-1,-1,-1
794,276,817.40,155.13,138.53,526.37,0.7789,-1,-1,-1
794,285,708.29,196.08,126.79,445.94,0.7988,-1,-1,-1
794,286,518.39,232.72,116.56,411.17,0.6185,-1,-1,-1
794,287,152.16,1.61,383.83,1070.31,0.9023,-1,-1,-1
794,288,625.49,254.14,103.12,395.77,0.7142,-1,-1,-1
794,290,-6.47,155.07,54.96,411.71,0.3678,-1,-1,-1
794,291,-4.70,474.23,104.29,579.31,0.5622,-1,-1,-1
795,280,1131.29,157.11,168.36,539.32,0.8197,-1,-1,-1
795,282,989.09,180.16,218.62,559.52,0.8167,-1,-1,-1
795,276,831.10,157.42,138.33,527.67,0.8232,-1,-1,-1
795,285,719.81,196.84,127.53,449.37,0.7715,-1,-1,-1
795,286,520.21,234.53,116.54,414.75,0.6668,-1,-1,-1
795,287,140.07,1.22,396.85,1073.87,0.9214,-1,-1,-1
795,288,628.62,256.14,105.27,397.04,0.7390,-1,-1,-1
795,290,-10.31,176.00,52.41,397.59,0.3064,-1,-1,-1
795,291,-2.35,530.66,93.36,519.08,0.4803,-1,-1,-1
796,280,1141.74,158.77,171.91,554.54,0.8438,-1,-1,-1
796,282,997.75,179.88,221.54,562.34,0.8531,-1,-1,-1
796,276,841.72,160.49,138.58,529.25,0.8365,-1,-1,-1
796,285,729.97,200.11,128.34,451.22,0.8064,-1,-1,-1
796,286,531.30,235.86,110.62,389.56,0.5599,-1,-1,-1
796,287,125.35,0.96,410.22,1074.20,0.9201,-1,-1,-1
796,288,635.23,256.13,107.02,401.84,0.7112,-1,-1,-1
796,291,-2.94,549.10,87.81,489.51,0.5385,-1,-1,-1
797,280,1153.83,159.64,176.20,576.63,0.8541,-1,-1,-1
797,282,1006.58,179.92,227.61,571.98,0.8469,-1,-1,-1
797,276,850.96,167.05,137.30,527.22,0.8139,-1,-1,-1
797,285,741.59,205.23,128.93,451.79,0.7888,-1,-1,-1
797,286,538.19,238.04,104.66,361.73,0.5606,-1,-1,-1
797,287,109.01,1.29,424.75,1073.31,0.9131,-1,-1,-1
797,288,634.95,258.71,110.60,406.83,0.7168,-1,-1,-1
798,280,1165.35,161.63,179.30,593.55,0.8343,-1,-1,-1
798,282,1010.20,182.08,235.94,586.45,0.8452,-1,-1,-1
798,276,858.03,171.28,137.10,529.13,0.8024,-1,-1,-1
798,285,749.36,210.31,127.93,446.80,0.8196,-1,-1,-1
798,286,543.28,241.85,99.91,337.57,0.5450,-1,-1,-1
798,287,94.79,2.13,440.29,1068.02,0.9108,-1,-1,-1
798,288,639.93,260.15,113.46,411.69,0.7292,-1,-1,-1
799,280,1174.76,162.99,181.97,610.57,0.8224,-1,-1,-1
799,282,1011.18,183.96,245.19,603.40,0.8559,-1,-1,-1
799,276,863.38,177.08,137.00,527.76,0.7983,-1,-1,-1
799,285,752.67,214.57,128.57,446.81,0.8061,-1,-1,-1
799,286,544.37,245.42,104.61,346.70,0.5390,-1,-1,-1
799,287,83.86,2.53,457.92,1066.34,0.9041,-1,-1,-1
799,288,644.95,262.02,115.11,414.52,0.7690,-1,-1,-1
800,280,1184.31,164.38,182.38,618.82,0.8054,-1,-1,-1
800,282,1014.83,185.85,253.47,619.81,0.8321,-1,-1,-1
800,276,868.06,182.56,136.65,527.32,0.7830,-1,-1,-1
800,285,758.53,222.00,128.15,443.54,0.8024,-1,-1,-1
800,286,544.20,249.04,109.07,354.54,0.4935,-1,-1,-1
800,287,77.93,2.28,473.37,1061.42,0.9076,-1,-1,-1
800,288,646.75,264.29,116.69,417.99,0.7709,-1,-1,-1
801,280,1192.25,164.34,182.86,628.02,0.8160,-1,-1,-1
801,282,1018.25,188.34,259.99,630.87,0.8488,-1,-1,-1
801,276,870.44,190.37,135.80,525.81,0.7764,-1,-1,-1
801,285,762.95,228.18,127.59,441.53,0.8329,-1,-1,-1
801,286,543.75,251.51,111.29,351.79,0.4641,-1,-1,-1
801,287,70.33,3.27,489.97,1063.89,0.9127,-1,-1,-1
801,288,647.68,267.39,117.88,419.80,0.7919,-1,-1,-1
802,280,1200.11,164.84,184.65,640.25,0.8241,-1,-1,-1
802,282,1019.20,191.72,267.41,640.61,0.8426,-1,-1,-1
802,276,880.21,191.80,135.86,526.87,0.8149,-1,-1,-1
802,285,769.31,231.55,125.59,438.05,0.8249,-1,-1,-1
802,286,543.76,254.30,114.64,354.54,0.4758,-1,-1,-1
802,287,66.64,3.82,509.36,1073.42,0.8967,-1,-1,-1
802,288,648.06,268.87,119.10,421.51,0.7841,-1,-1,-1
803,280,1210.38,161.38,187.11,654.26,0.8483,-1,-1,-1
803,282,1019.53,192.70,275.25,650.52,0.8564,-1,-1,-1
803,276,886.46,192.44,136.87,531.45,0.8154,-1,-1,-1
803,285,776.02,234.32,123.88,436.51,0.8210,-1,-1,-1
803,286,545.33,254.42,113.56,342.77,0.6080,-1,-1,-1
803,287,61.64,3.53,523.47,1074.58,0.8458,-1,-1,-1
803,288,647.63,269.99,121.33,427.54,0.7782,-1,-1,-1
804,280,1224.25,162.61,186.82,658.69,0.8440,-1,-1,-1
804,282,1014.45,191.38,288.42,673.51,0.8705,-1,-1,-1
804,276,890.36,191.30,137.79,534.14,0.8472,-1,-1,-1
804,285,781.94,230.84,122.84,435.91,0.8377,-1,-1,-1
804,286,542.03,254.98,116.34,345.56,0.4901,-1,-1,-1
804,287,46.68,3.20,534.25,1077.90,0.6963,-1,-1,-1
804,288,646.98,270.75,123.00,430.52,0.7676,-1,-1,-1
805,280,1237.85,159.27,188.42,663.15,0.8532,-1,-1,-1
805,282,1016.02,189.33,297.13,686.24,0.8710,-1,-1,-1
805,276,894.25,189.76,138.35,536.69,0.8337,-1,-1,-1
805,285,786.31,229.58,122.18,436.72,0.8299,-1,-1,-1
805,286,543.55,254.55,113.28,325.34,0.5692,-1,-1,-1
805,287,-13.46,3.15,522.63,1073.32,0.6321,-1,-1,-1
805,288,649.30,270.94,125.59,437.79,0.8045,-1,-1,-1
805,292,375.59,34.36,246.77,789.66,0.6831,-1,-1,-1
806,280,1249.53,153.89,191.75,672.69,0.8648,-1,-1,-1
806,282,1018.56,182.59,306.65,703.60,0.8763,-1,-1,-1
806,276,899.54,187.08,137.85,537.70,0.8122,-1,-1,-1
806,285,790.11,227.42,122.41,441.19,0.7982,-1,-1,-1
806,286,543.14,252.68,113.31,314.66,0.6715,-1,-1,-1
806,287,9.66,0.92,529.07,1074.13,0.7612,-1,-1,-1
806,288,650.48,270.40,127.08,442.52,0.8316,-1,-1,-1
806,292,356.08,28.86,251.23,806.05,0.4086,-1,-1,-1
807,280,1260.83,145.88,196.64,686.03,0.8719,-1,-1,-1
807,282,1024.90,176.01,312.80,716.36,0.8726,-1,-1,-1
807,276,903.26,184.54,137.72,538.91,0.8236,-1,-1,-1
807,285,793.44,226.94,123.08,447.61,0.8085,-1,-1,-1
807,286,537.82,248.91,118.18,317.77,0.6205,-1,-1,-1
807,287,12.12,0.35,532.49,1073.66,0.8728,-1,-1,-1
807,288,651.60,269.50,128.70,447.10,0.8278,-1,-1,-1
808,280,1272.95,138.44,202.46,700.58,0.8791,-1,-1,-1
808,282,1030.57,169.30,319.18,730.89,0.8952,-1,-1,-1
808,276,906.10,185.42,134.94,530.84,0.7927,-1,-1,-1
808,285,798.62,224.41,123.06,450.21,0.8076,-1,-1,-1
808,286,529.52,245.32,127.64,331.39,0.6434,-1,-1,-1
808,287,7.15,0.23,533.72,1073.24,0.9095,-1,-1,-1
808,288,654.50,268.87,130.03,450.70,0.8313,-1,-1,-1
809,280,1284.03,129.37,207.86,713.43,0.8594,-1,-1,-1
809,282,1037.06,160.98,323.85,742.43,0.8924,-1,-1,-1
809,276,911.11,182.86,133.37,524.20,0.8240,-1,-1,-1
809,285,801.51,222.02,121.59,446.88,0.8091,-1,-1,-1
809,286,523.45,239.76,143.18,364.01,0.6300,-1,-1,-1
809,287,-3.35,1.41,529.84,1068.89,0.9245,-1,-1,-1
809,288,654.50,266.68,131.85,454.72,0.8061,-1,-1,-1
810,280,1292.89,120.39,214.83,729.45,0.8830,-1,-1,-1
810,282,1043.41,149.31,329.97,760.12,0.8915,-1,-1,-1
810,276,913.49,181.11,134.31,525.64,0.7969,-1,-1,-1
810,285,804.11,220.39,121.47,448.08,0.8102,-1,-1,-1
810,286,504.16,235.29,176.90,453.93,0.7273,-1,-1,-1
810,287,-16.66,1.96,524.10,1066.95,0.8875,-1,-1,-1
810,288,653.90,264.84,134.41,462.92,0.8280,-1,-1,-1
811,280,1300.44,116.37,222.01,745.76,0.9014,-1,-1,-1
811,282,1050.65,144.28,333.65,772.72,0.8862,-1,-1,-1
811,276,914.96,182.50,133.78,521.28,0.7954,-1,-1,-1
811,285,804.73,221.73,120.74,446.61,0.8243,-1,-1,-1
811,286,493.18,233.85,189.21,493.78,0.8199,-1,-1,-1
811,287,-35.68,3.48,514.16,1065.98,0.9157,-1,-1,-1
811,288,651.71,266.86,135.17,464.68,0.8605,-1,-1,-1
812,280,1308.93,111.93,231.33,769.37,0.8952,-1,-1,-1
812,282,1057.35,137.83,336.76,785.84,0.8710,-1,-1,-1
812,276,914.85,180.35,135.22,524.80,0.7911,-1,-1,-1
812,285,802.72,220.26,120.30,446.90,0.8002,-1,-1,-1
812,286,488.05,230.17,195.10,516.62,0.8191,-1,-1,-1
812,287,-52.53,1.99,503.29,1069.93,0.8375,-1,-1,-1
812,288,651.46,265.06,136.80,469.30,0.8226,-1,-1,-1
812,292,312.35,75.47,234.45,768.80,0.7698,-1,-1,-1
813,280,1314.00,107.34,241.30,796.20,0.8928,-1,-1,-1
813,282,1063.09,128.84,339.17,798.06,0.8735,-1,-1,-1
813,276,915.04,176.89,135.66,524.70,0.8093,-1,-1,-1
813,285,799.88,218.77,120.21,447.65,0.8014,-1,-1,-1
813,286,483.93,223.60,197.54,531.84,0.8090,-1,-1,-1
813,287,-64.08,2.20,486.09,1064.10,0.6380,-1,-1,-1
813,288,645.98,261.85,140.67,477.50,0.7835,-1,-1,-1
813,292,287.60,70.65,241.06,798.06,0.8574,-1,-1,-1
814,280,1319.71,102.02,249.20,817.80,0.8866,-1,-1,-1
814,282,1067.44,113.19,349.22,833.28,0.8697,-1,-1,-1
814,276,913.93,174.64,136.48,524.88,0.7996,-1,-1,-1
814,285,796.99,218.05,120.44,448.14,0.8030,-1,-1,-1
814,286,480.26,218.82,197.83,541.67,0.8188,-1,-1,-1
814,287,-64.35,1.38,470.29,1058.30,0.7490,-1,-1,-1
814,288,637.45,258.22,145.21,483.51,0.7931,-1,-1,-1
814,292,261.80,61.57,247.64,819.85,0.8844,-1,-1,-1
815,280,1329.28,100.67,252.65,822.58,0.8687,-1,-1,-1
815,282,1075.29,106.60,358.02,869.37,0.8696,-1,-1,-1
815,276,912.58,174.14,137.57,527.39,0.7992,-1,-1,-1
815,285,794.98,218.14,120.81,449.16,0.7973,-1,-1,-1
815,286,476.97,216.71,197.44,549.62,0.8126,-1,-1,-1
815,287,-89.25,3.76,448.61,1057.62,0.3464,-1,-1,-1
815,288,635.56,255.19,149.11,490.43,0.7753,-1,-1,-1
815,292,238.70,52.49,253.95,835.82,0.8864,-1,-1,-1
816,280,1333.36,98.18,258.70,835.22,0.8635,-1,-1,-1
816,282,1080.76,106.73,361.77,896.19,0.8698,-1,-1,-1
816,276,911.61,175.71,138.21,528.32,0.8123,-1,-1,-1
816,285,791.70,220.39,121.84,449.95,0.8061,-1,-1,-1
816,286,471.52,217.98,196.26,554.08,0.8394,-1,-1,-1
816,288,634.55,252.89,151.80,495.02,0.7763,-1,-1,-1
816,292,225.24,44.23,258.90,847.56,0.8954,-1,-1,-1
816,294,1055.31,318.00,68.75,244.68,0.5713,-1,-1,-1
817,280,1337.82,94.64,270.03,866.58,0.8665,-1,-1,-1
817,282,1084.18,107.51,367.94,929.78,0.8779,-1,-1,-1
817,276,911.99,176.94,138.55,527.60,0.8214,-1,-1,-1
817,285,787.72,223.13,122.57,449.15,0.8148,-1,-1,-1
817,286,463.96,217.24,195.96,558.71,0.8513,-1,-1,-1
817,288,633.93,250.15,153.54,500.15,0.7744,-1,-1,-1
817,292,214.71,38.90,264.35,859.16,0.8957,-1,-1,-1
817,294,1057.02,308.32,71.85,255.41,0.5906,-1,-1,-1
818,280,1341.21,89.13,279.26,890.51,0.8674,-1,-1,-1
818,282,1091.37,106.38,364.74,936.52,0.8848,-1,-1,-1
818,276,911.24,179.75,138.83,528.74,0.8163,-1,-1,-1
818,285,784.67,226.13,122.36,445.64,0.8470,-1,-1,-1
818,286,454.67,217.62,197.45,565.24,0.8724,-1,-1,-1
818,288,629.66,248.59,155.51,504.29,0.8077,-1,-1,-1
818,292,202.59,33.38,274.36,887.52,0.8934,-1,-1,-1
818,294,1056.68,305.61,73.22,258.92,0.6073,-1,-1,-1
819,280,1343.38,80.71,289.58,917.31,0.8668,-1,-1,-1
819,282,1097.68,106.11,364.19,948.62,0.8785,-1,-1,-1
819,276,906.40,181.08,139.30,532.45,0.8111,-1,-1,-1
819,285,780.79,227.06,122.98,444.33,0.8613,-1,-1,-1
819,286,443.57,216.75,198.90,569.88,0.8665,-1,-1,-1
819,288,622.13,248.18,158.29,512.32,0.7943,-1,-1,-1
819,292,186.90,26.68,286.23,923.21,0.8984,-1,-1,-1
819,294,1056.27,304.65,74.47,261.00,0.5704,-1,-1,-1
820,280,1344.91,69.99,298.34,938.23,0.8612,-1,-1,-1
820,282,1104.18,104.12,367.09,970.19,0.8766,-1,-1,-1
820,276,904.29,181.74,139.69,535.63,0.8086,-1,-1,-1
820,285,775.90,226.95,123.94,442.27,0.8552,-1,-1,-1
820,286,433.46,215.83,201.10,574.93,0.8549,-1,-1,-1
820,288,619.39,243.12,161.67,521.12,0.8117,-1,-1,-1
820,292,170.94,19.51,297.80,960.13,0.9026,-1,-1,-1
820,294,1059.54,304.79,75.49,260.95,0.5495,-1,-1,-1
821,280,1350.77,55.07,304.15,951.26,0.8477,-1,-1,-1
821,282,1113.10,98.52,367.50,981.59,0.8892,-1,-1,-1
821,276,903.89,181.21,140.02,538.37,0.8037,-1,-1,-1
821,285,769.68,225.19,126.06,443.47,0.8540,-1,-1,-1
821,286,426.37,214.80,203.99,581.99,0.8218,-1,-1,-1
821,288,618.91,240.54,164.69,527.02,0.8454,-1,-1,-1
821,292,159.75,13.94,305.96,985.00,0.8985,-1,-1,-1
821,294,1062.89,302.64,77.19,263.04,0.5681,-1,-1,-1
822,280,1358.31,40.07,309.40,968.11,0.8756,-1,-1,-1
822,282,1123.29,85.41,370.68,998.43,0.8873,-1,-1,-1
822,276,904.05,180.93,139.55,537.46,0.8125,-1,-1,-1
822,285,767.45,222.33,128.86,447.17,0.8419,-1,-1,-1
822,286,416.52,212.91,208.42,593.28,0.7860,-1,-1,-1
822,288,614.74,236.36,168.14,532.49,0.8640,-1,-1,-1
822,292,147.04,10.30,311.46,1002.33,0.9046,-1,-1,-1
822,294,1061.53,302.42,78.71,263.11,0.6552,-1,-1,-1
823,280,1370.21,17.25,308.03,965.18,0.8764,-1,-1,-1
823,282,1133.12,67.09,375.13,1016.23,0.8847,-1,-1,-1
823,276,904.75,180.30,139.06,535.39,0.8215,-1,-1,-1
823,285,763.42,217.02,131.86,452.12,0.8347,-1,-1,-1
823,286,410.25,210.58,211.92,603.08,0.8206,-1,-1,-1
823,288,611.68,232.48,172.01,540.52,0.8698,-1,-1,-1
823,292,133.76,4.66,317.97,1023.52,0.9097,-1,-1,-1
823,294,1060.14,301.85,80.43,263.46,0.6932,-1,-1,-1
824,280,1381.48,5.51,309.81,974.48,0.8887,-1,-1,-1
824,282,1137.95,48.21,380.41,1034.16,0.8800,-1,-1,-1
824,276,905.89,179.37,139.31,535.26,0.8135,-1,-1,-1
824,285,760.58,213.09,134.52,454.93,0.8342,-1,-1,-1
824,286,406.28,206.57,214.60,611.72,0.8359,-1,-1,-1
824,288,607.57,229.03,176.17,550.68,0.8526,-1,-1,-1
824,292,120.13,0.68,325.34,1047.83,0.9031,-1,-1,-1
824,294,1060.91,301.34,82.07,264.08,0.6942,-1,-1,-1
825,280,1392.10,0.41,316.89,1008.15,0.8785,-1,-1,-1
825,282,1143.50,29.91,387.98,1051.81,0.8809,-1,-1,-1
825,276,909.74,181.38,139.53,532.55,0.8197,-1,-1,-1
825,285,758.63,210.08,136.87,454.54,0.8215,-1,-1,-1
825,286,401.66,203.19,216.73,618.99,0.8375,-1,-1,-1
825,288,602.89,227.35,181.62,566.37,0.8474,-1,-1,-1
825,292,107.15,-0.59,327.37,1050.78,0.8822,-1,-1,-1
825,294,1062.48,300.89,83.48,264.49,0.6615,-1,-1,-1
826,280,1401.60,-1.04,323.45,1045.07,0.8552,-1,-1,-1
826,282,1151.01,14.68,398.00,1066.20,0.8883,-1,-1,-1
826,276,910.73,177.59,140.85,536.79,0.8175,-1,-1,-1
826,285,757.41,208.74,138.92,454.29,0.8245,-1,-1,-1
826,286,396.96,200.38,219.35,627.46,0.7983,-1,-1,-1
826,288,599.24,227.25,186.69,580.96,0.8609,-1,-1,-1
826,292,96.24,-1.16,327.10,1043.00,0.8825,-1,-1,-1
826,294,1064.69,300.06,85.20,265.04,0.6433,-1,-1,-1
827,280,1421.87,-1.85,324.27,1072.81,0.8656,-1,-1,-1
827,282,1159.08,4.17,409.42,1076.30,0.9006,-1,-1,-1
827,276,913.41,178.35,141.34,533.25,0.8199,-1,-1,-1
827,285,756.10,208.44,140.74,452.99,0.8215,-1,-1,-1
827,286,391.68,197.06,222.12,636.51,0.7826,-1,-1,-1
827,288,596.78,227.45,189.25,587.81,0.8583,-1,-1,-1
827,292,80.82,-0.03,334.44,1062.35,0.8937,-1,-1,-1
827,294,1066.92,298.83,87.02,266.02,0.6529,-1,-1,-1
828,280,1446.31,-2.25,317.95,1077.20,0.8726,-1,-1,-1
828,282,1173.10,0.31,421.09,1075.69,0.8980,-1,-1,-1
828,276,913.95,176.88,142.62,530.67,0.8061,-1,-1,-1
828,285,754.20,207.81,142.73,452.50,0.8277,-1,-1,-1
828,286,385.02,192.23,224.49,645.11,0.8686,-1,-1,-1
828,288,594.84,227.01,191.10,591.88,0.8644,-1,-1,-1
828,292,65.92,-0.54,340.08,1075.11,0.9080,-1,-1,-1
828,294,1068.76,295.67,89.84,270.00,0.6992,-1,-1,-1
829,280,1469.47,-0.26,310.12,1068.92,0.8184,-1,-1,-1
829,282,1187.28,1.85,434.00,1070.43,0.9010,-1,-1,-1
829,276,917.18,175.48,142.83,525.21,0.8102,-1,-1,-1
829,285,755.78,209.60,144.74,452.62,0.8201,-1,-1,-1
829,286,380.68,190.50,225.06,651.86,0.8678,-1,-1,-1
829,288,591.92,230.28,195.22,603.67,0.8412,-1,-1,-1
829,292,53.43,0.30,342.84,1074.70,0.9133,-1,-1,-1
829,294,1074.09,296.94,90.65,268.58,0.7449,-1,-1,-1
830,280,1498.30,-2.00,305.28,1070.21,0.8036,-1,-1,-1
830,282,1200.18,2.02,451.67,1070.30,0.9023,-1,-1,-1
830,276,924.05,179.44,141.46,514.81,0.7809,-1,-1,-1
830,285,760.24,212.94,147.42,452.06,0.7891,-1,-1,-1
830,286,379.52,189.81,225.68,658.12,0.8761,-1,-1,-1
830,288,589.55,230.44,199.88,617.23,0.8521,-1,-1,-1
830,292,39.47,0.38,347.30,1073.12,0.9188,-1,-1,-1
830,294,1078.13,297.61,91.90,268.71,0.7489,-1,-1,-1
831,280,1530.04,-0.88,301.44,1068.97,0.7660,-1,-1,-1
831,282,1214.72,1.25,472.86,1070.14,0.8983,-1,-1,-1
831,276,927.84,177.86,143.07,515.18,0.8060,-1,-1,-1
831,285,762.01,213.60,148.38,451.43,0.8243,-1,-1,-1
831,286,374.99,188.22,228.56,670.89,0.8743,-1,-1,-1
831,288,586.97,229.27,204.02,628.99,0.8535,-1,-1,-1
831,292,28.15,0.28,354.83,1078.06,0.9233,-1,-1,-1
831,294,1082.67,296.29,93.78,269.67,0.7000,-1,-1,-1
832,280,1561.15,-0.08,298.37,1066.94,0.7243,-1,-1,-1
832,282,1221.56,1.11,495.48,1070.76,0.9020,-1,-1,-1
832,276,935.08,178.28,143.42,513.86,0.8073,-1,-1,-1
832,285,763.31,215.32,149.03,449.96,0.8292,-1,-1,-1
832,286,372.67,188.29,230.13,680.08,0.8792,-1,-1,-1
832,288,584.18,227.99,206.25,635.64,0.8488,-1,-1,-1
832,292,24.17,0.15,362.59,1082.31,0.9281,-1,-1,-1
832,294,1086.28,295.38,97.64,278.35,0.6863,-1,-1,-1
833,280,1593.98,-1.22,297.90,1072.21,0.5174,-1,-1,-1
833,282,1234.84,0.31,521.71,1070.83,0.9097,-1,-1,-1
833,276,934.70,174.71,146.45,520.20,0.8088,-1,-1,-1
833,285,763.78,216.49,150.19,448.99,0.8277,-1,-1,-1
833,286,370.38,187.53,232.75,692.40,0.8858,-1,-1,-1
833,288,581.66,227.17,209.29,645.08,0.8505,-1,-1,-1
833,292,23.37,-0.34,368.80,1081.64,0.9265,-1,-1,-1
833,294,1091.64,293.95,98.90,279.32,0.7047,-1,-1,-1
834,280,1654.34,-1.03,225.21,747.13,0.6262,-1,-1,-1
834,282,1242.94,-0.56,548.07,1070.12,0.9190,-1,-1,-1
834,276,939.62,173.51,148.46,526.49,0.8125,-1,-1,-1
834,285,770.02,218.34,151.45,448.12,0.8216,-1,-1,-1
834,286,365.15,187.48,236.59,708.44,0.8657,-1,-1,-1
834,288,579.65,223.81,212.07,653.06,0.8448,-1,-1,-1
834,292,23.64,-0.52,374.18,1078.50,0.9224,-1,-1,-1
834,294,1097.15,296.78,98.45,275.72,0.6410,-1,-1,-1
835,282,1242.08,0.19,571.59,1071.47,0.9125,-1,-1,-1
835,276,941.28,178.25,150.02,525.31,0.7633,-1,-1,-1
835,285,775.47,220.01,153.23,449.30,0.8368,-1,-1,-1
835,286,362.35,188.75,239.07,720.80,0.8785,-1,-1,-1
835,288,579.15,221.43,214.98,661.27,0.8499,-1,-1,-1
835,292,23.47,0.70,378.49,1073.04,0.9278,-1,-1,-1
835,294,1101.68,295.37,101.42,283.00,0.7140,-1,-1,-1
836,282,1243.24,0.05,588.45,1066.35,0.9211,-1,-1,-1
836,276,945.88,182.01,151.55,524.89,0.7518,-1,-1,-1
836,285,782.40,222.91,152.99,448.06,0.8432,-1,-1,-1
836,286,360.58,189.73,240.91,734.21,0.8619,-1,-1,-1
836,288,578.49,220.53,219.39,671.22,0.8579,-1,-1,-1
836,292,21.99,1.38,383.35,1071.16,0.9284,-1,-1,-1
836,294,1111.15,296.07,101.60,283.02,0.7321,-1,-1,-1
837,282,1243.47,2.61,603.88,1065.30,0.9206,-1,-1,-1
837,276,952.07,187.46,151.59,521.32,0.7958,-1,-1,-1
837,285,787.57,224.51,155.01,452.06,0.8335,-1,-1,-1
837,286,360.53,188.88,242.56,746.63,0.8582,-1,-1,-1
837,288,578.33,217.68,223.95,680.60,0.8703,-1,-1,-1
837,292,20.87,1.14,388.38,1070.91,0.9301,-1,-1,-1
837,294,1118.09,296.64,102.62,286.61,0.7708,-1,-1,-1
838,282,1253.91,3.78,615.02,1066.40,0.8835,-1,-1,-1
838,276,959.63,192.45,152.04,518.48,0.8187,-1,-1,-1
838,285,795.15,225.34,157.03,453.13,0.8296,-1,-1,-1
838,286,360.37,186.28,244.71,759.13,0.8562,-1,-1,-1
838,288,578.67,216.08,227.01,686.32,0.8617,-1,-1,-1
838,292,20.15,0.18,393.11,1070.58,0.9264,-1,-1,-1
838,294,1124.11,298.49,102.31,286.49,0.7545,-1,-1,-1
839,282,1278.43,3.78,617.89,1064.94,0.8994,-1,-1,-1
839,276,966.40,193.15,152.96,521.23,0.8116,-1,-1,-1
839,285,804.52,226.59,157.96,450.93,0.8149,-1,-1,-1
839,286,358.72,184.62,248.17,776.70,0.8479,-1,-1,-1
839,288,581.57,212.23,230.18,693.28,0.8650,-1,-1,-1
839,292,19.79,-0.16,397.62,1069.94,0.9290,-1,-1,-1
839,294,1130.53,296.55,103.44,290.32,0.7150,-1,-1,-1
840,282,1321.77,2.03,612.36,1065.22,0.7781,-1,-1,-1
840,276,969.48,193.22,153.77,522.55,0.8093,-1,-1,-1
840,285,807.91,223.72,158.30,453.51,0.8147,-1,-1,-1
840,286,358.73,181.94,249.88,787.45,0.8263,-1,-1,-1
840,288,584.09,206.19,233.73,700.63,0.8679,-1,-1,-1
840,292,18.39,0.48,401.87,1069.69,0.9288,-1,-1,-1
840,294,1136.95,295.36,104.72,293.95,0.6737,-1,-1,-1
841,282,1369.91,1.67,598.25,1062.41,0.9259,-1,-1,-1
841,276,976.65,189.95,153.55,525.47,0.7971,-1,-1,-1
841,285,816.71,220.71,159.17,454.83,0.8180,-1,-1,-1
841,286,356.82,175.32,251.82,799.14,0.8172,-1,-1,-1
841,288,587.26,199.91,236.52,706.44,0.8622,-1,-1,-1
841,292,17.10,0.00,405.60,1068.82,0.9262,-1,-1,-1
841,294,1145.47,294.62,104.92,295.78,0.7113,-1,-1,-1
842,282,1425.79,1.59,578.33,1063.38,0.8668,-1,-1,-1
842,276,979.94,190.00,153.03,523.39,0.8123,-1,-1,-1
842,285,824.57,218.98,160.39,454.46,0.8483,-1,-1,-1
842,286,353.96,163.56,254.29,811.51,0.8333,-1,-1,-1
842,288,588.07,194.66,239.47,712.19,0.8605,-1,-1,-1
842,292,14.70,0.41,409.00,1069.19,0.9217,-1,-1,-1
842,294,1150.92,293.78,104.24,294.12,0.6732,-1,-1,-1
842,295,1375.52,229.28,222.47,628.74,0.8708,-1,-1,-1
843,282,1483.95,3.46,550.30,1060.12,0.6204,-1,-1,-1
843,276,987.97,186.78,153.12,523.40,0.8122,-1,-1,-1
843,285,831.41,216.41,159.56,448.96,0.8280,-1,-1,-1
843,286,351.92,151.65,258.97,833.06,0.8444,-1,-1,-1
843,288,585.55,189.22,245.83,728.91,0.8455,-1,-1,-1
843,292,12.80,1.05,411.02,1067.13,0.9231,-1,-1,-1
843,294,1160.39,291.37,103.84,295.17,0.6425,-1,-1,-1
843,295,1393.33,218.67,239.64,677.65,0.8931,-1,-1,-1
844,282,1538.41,1.05,522.53,1067.69,0.7025,-1,-1,-1
844,276,994.48,181.19,154.59,526.17,0.8173,-1,-1,-1
844,285,834.93,214.24,159.13,445.55,0.8342,-1,-1,-1
844,286,347.56,140.29,261.23,842.24,0.8522,-1,-1,-1
844,288,583.67,183.27,253.09,752.45,0.8478,-1,-1,-1
844,292,8.15,0.58,410.18,1061.36,0.8960,-1,-1,-1
844,294,1164.54,283.68,104.82,300.18,0.7411,-1,-1,-1
844,295,1410.27,207.03,256.60,726.24,0.8912,-1,-1,-1
844,296,763.40,227.86,79.16,257.64,0.5311,-1,-1,-1
845,282,1590.30,3.09,486.32,1062.50,0.6843,-1,-1,-1
845,276,996.44,176.33,154.93,528.39,0.7952,-1,-1,-1
845,285,837.30,206.73,161.38,448.13,0.8245,-1,-1,-1
845,286,340.62,130.56,263.86,847.83,0.8579,-1,-1,-1
845,288,584.13,175.03,259.99,773.99,0.8444,-1,-1,-1
845,292,2.23,2.49,410.26,1061.57,0.8187,-1,-1,-1
845,294,1167.33,277.35,105.73,304.62,0.7725,-1,-1,-1
845,295,1428.50,197.48,268.66,760.56,0.8910,-1,-1,-1
845,296,765.19,220.47,79.04,256.64,0.5540,-1,-1,-1
846,276,998.72,171.34,155.31,530.27,0.7934,-1,-1,-1
846,285,839.20,201.98,163.26,451.21,0.8092,-1,-1,-1
846,286,331.73,120.74,268.07,855.34,0.8413,-1,-1,-1
846,288,582.81,168.96,263.17,786.60,0.8257,-1,-1,-1
846,292,-6.17,4.69,409.60,1065.43,0.7565,-1,-1,-1
846,294,1170.41,276.50,104.78,302.27,0.8038,-1,-1,-1
846,295,1437.32,190.11,275.97,782.33,0.9032,-1,-1,-1
846,296,766.11,214.73,80.32,260.28,0.4685,-1,-1,-1
847,276,1001.57,163.54,154.93,527.65,0.8104,-1,-1,-1
847,285,840.27,195.91,164.17,452.39,0.8161,-1,-1,-1
847,286,325.69,110.65,274.24,867.97,0.8147,-1,-1,-1
847,288,581.73,158.87,267.49,803.31,0.8320,-1,-1,-1
847,292,-18.69,6.73,402.74,1061.36,0.7308,-1,-1,-1
847,294,1178.14,274.17,103.29,298.71,0.7055,-1,-1,-1
847,295,1445.81,184.80,278.40,792.74,0.8875,-1,-1,-1
847,296,765.84,210.08,80.58,259.35,0.5732,-1,-1,-1
848,276,1001.70,154.87,154.52,523.37,0.8076,-1,-1,-1
848,285,840.30,190.21,166.12,454.46,0.8487,-1,-1,-1
848,286,315.69,101.03,280.00,881.05,0.8661,-1,-1,-1
848,288,576.82,150.83,271.78,819.01,0.8343,-1,-1,-1
848,292,-43.69,6.65,387.73,1054.03,0.6479,-1,-1,-1
848,294,1180.09,269.85,103.10,299.40,0.7341,-1,-1,-1
848,295,1455.65,178.89,281.31,806.48,0.8942,-1,-1,-1
848,296,764.67,205.08,80.54,256.80,0.5192,-1,-1,-1
849,276,999.32,149.43,153.91,520.55,0.8045,-1,-1,-1
849,285,839.35,187.73,167.33,454.99,0.8703,-1,-1,-1
849,286,303.81,93.99,287.45,901.73,0.8927,-1,-1,-1
849,288,564.97,146.35,283.41,857.16,0.8622,-1,-1,-1
849,292,-66.25,8.16,371.96,1055.66,0.3988,-1,-1,-1
849,294,1179.02,267.56,103.27,301.34,0.8062,-1,-1,-1
849,295,1465.56,175.23,288.68,835.32,0.8941,-1,-1,-1
849,296,760.65,202.61,81.26,255.53,0.5248,-1,-1,-1
850,276,998.29,145.10,153.18,518.27,0.8063,-1,-1,-1
850,285,837.09,185.73,167.96,453.86,0.8742,-1,-1,-1
850,286,290.97,84.97,294.34,920.76,0.8839,-1,-1,-1
850,288,558.60,139.86,289.85,879.85,0.8501,-1,-1,-1
850,294,1179.26,262.92,103.00,303.46,0.7789,-1,-1,-1
850,295,1476.94,173.00,291.51,852.26,0.8931,-1,-1,-1
850,296,756.84,200.94,80.52,248.17,0.5509,-1,-1,-1
851,276,997.75,141.03,153.38,518.46,0.8044,-1,-1,-1
851,285,834.21,181.32,169.84,457.10,0.8676,-1,-1,-1
851,286,278.16,73.12,301.37,940.37,0.8966,-1,-1,-1
851,288,552.62,133.68,295.37,897.53,0.8685,-1,-1,-1
851,294,1176.04,256.30,105.17,308.42,0.7457,-1,-1,-1
851,295,1490.57,167.22,293.77,866.73,0.9020,-1,-1,-1
851,296,753.05,196.57,81.61,246.37,0.3524,-1,-1,-1
852,276,996.94,137.33,153.75,517.70,0.8071,-1,-1,-1
852,285,832.83,178.73,170.60,456.35,0.8515,-1,-1,-1
852,286,264.12,64.71,308.54,959.75,0.8918,-1,-1,-1
852,288,545.93,121.59,301.03,914.58,0.8787,-1,-1,-1
852,294,1177.44,251.42,104.65,310.07,0.7404,-1,-1,-1
852,295,1504.53,161.40,295.08,876.62,0.9033,-1,-1,-1
853,276,996.53,133.36,154.88,517.67,0.7998,-1,-1,-1
853,285,828.29,177.38,170.31,454.13,0.8416,-1,-1,-1
853,286,247.84,55.10,319.66,993.67,0.8974,-1,-1,-1
853,288,539.21,109.29,306.50,930.45,0.8870,-1,-1,-1
853,294,1179.51,245.16,105.42,314.57,0.7414,-1,-1,-1
853,295,1516.85,147.51,299.34,894.01,0.9014,-1,-1,-1
854,276,990.33,131.59,156.33,517.38,0.7998,-1,-1,-1
854,285,825.65,176.27,170.60,453.68,0.8468,-1,-1,-1
854,286,228.82,47.52,328.62,1019.30,0.9001,-1,-1,-1
854,288,533.90,99.70,312.44,949.15,0.8928,-1,-1,-1
854,294,1176.87,241.87,105.47,316.89,0.7037,-1,-1,-1
854,295,1525.88,137.62,303.94,910.70,0.9020,-1,-1,-1
855,276,987.23,128.85,159.02,520.53,0.8158,-1,-1,-1
855,285,823.35,173.73,170.50,454.46,0.8418,-1,-1,-1
855,286,213.40,38.63,333.60,1030.99,0.9008,-1,-1,-1
855,288,524.71,88.72,318.28,964.13,0.8941,-1,-1,-1
855,294,1172.14,238.40,105.49,318.96,0.6315,-1,-1,-1
855,295,1536.91,128.38,307.74,924.25,0.9083,-1,-1,-1
856,276,985.85,124.05,160.84,527.12,0.8352,-1,-1,-1
856,285,818.95,171.47,171.23,455.52,0.8454,-1,-1,-1
856,286,193.15,28.50,339.46,1044.34,0.9073,-1,-1,-1
856,288,516.46,76.08,325.33,981.34,0.9023,-1,-1,-1
856,294,1170.63,234.81,104.54,319.45,0.6546,-1,-1,-1
856,295,1545.40,114.24,314.94,942.91,0.9106,-1,-1,-1
857,276,982.52,121.19,161.98,528.34,0.8447,-1,-1,-1
857,285,813.21,168.36,172.81,456.49,0.8492,-1,-1,-1
857,286,184.09,19.58,342.39,1055.30,0.8868,-1,-1,-1
857,288,504.61,65.06,334.50,1003.69,0.9045,-1,-1,-1
857,294,1168.64,229.84,104.81,321.52,0.6999,-1,-1,-1
857,295,1549.80,104.84,321.89,956.26,0.9025,-1,-1,-1
858,276,980.06,120.92,161.11,527.17,0.8353,-1,-1,-1
858,285,804.38,161.93,174.34,461.11,0.8391,-1,-1,-1
858,286,147.35,7.69,350.29,1065.30,0.8998,-1,-1,-1
858,288,493.19,53.41,343.33,1023.74,0.9026,-1,-1,-1
858,294,1165.55,226.07,104.74,323.48,0.6962,-1,-1,-1
858,295,1550.18,91.34,334.38,980.10,0.8980,-1,-1,-1
859,276,971.42,123.12,160.88,523.18,0.8279,-1,-1,-1
859,285,800.52,156.41,174.52,462.59,0.8234,-1,-1,-1
859,286,122.20,2.42,355.27,1068.22,0.9068,-1,-1,-1
859,288,483.69,40.94,349.65,1036.08,0.9041,-1,-1,-1
859,294,1162.79,223.24,104.38,323.77,0.7110,-1,-1,-1
859,295,1560.97,78.83,342.78,996.41,0.8807,-1,-1,-1
860,276,966.50,123.62,161.91,521.68,0.8489,-1,-1,-1
860,285,798.18,150.11,174.73,464.84,0.8282,-1,-1,-1
860,286,95.01,-0.11,361.17,1070.82,0.9018,-1,-1,-1
860,288,472.89,28.48,356.71,1049.81,0.9163,-1,-1,-1
860,294,1158.79,218.63,104.68,325.93,0.6958,-1,-1,-1
860,295,1565.72,63.96,350.64,1015.90,0.9029,-1,-1,-1
861,276,963.27,121.87,163.06,520.65,0.8619,-1,-1,-1
861,285,794.02,145.51,174.66,465.11,0.8512,-1,-1,-1
861,286,67.34,-0.42,368.38,1073.33,0.8692,-1,-1,-1
861,288,461.19,16.66,363.85,1061.70,0.9101,-1,-1,-1
861,294,1157.74,214.40,105.00,327.82,0.6877,-1,-1,-1
861,295,1567.58,54.86,354.63,1025.59,0.9074,-1,-1,-1
862,276,961.05,119.60,164.25,519.56,0.8488,-1,-1,-1
862,285,794.46,142.91,173.47,461.79,0.8395,-1,-1,-1
862,286,39.27,-1.71,375.65,1073.42,0.7873,-1,-1,-1
862,288,452.04,7.02,369.75,1070.97,0.9137,-1,-1,-1
862,294,1158.09,212.16,103.97,326.18,0.6659,-1,-1,-1
862,295,1571.07,40.22,357.55,1037.05,0.9107,-1,-1,-1
863,276,964.30,115.16,165.46,521.27,0.8304,-1,-1,-1
863,285,793.72,140.28,172.96,460.35,0.8489,-1,-1,-1
863,286,28.27,-2.73,379.60,1075.20,0.8525,-1,-1,-1
863,288,442.20,1.30,374.73,1075.28,0.9201,-1,-1,-1
863,294,1158.57,210.45,103.07,324.47,0.6466,-1,-1,-1
863,295,1576.52,32.77,357.43,1043.45,0.9092,-1,-1,-1
864,276,965.82,112.34,166.92,523.44,0.8339,-1,-1,-1
864,285,792.13,138.47,172.67,459.49,0.8544,-1,-1,-1
864,286,17.98,-2.62,382.89,1075.24,0.8977,-1,-1,-1
864,288,429.86,-0.80,378.62,1076.65,0.9225,-1,-1,-1
864,294,1158.54,207.30,103.93,328.50,0.6392,-1,-1,-1
864,295,1581.14,19.43,358.65,1058.07,0.9040,-1,-1,-1
865,276,965.71,109.43,169.24,527.54,0.8287,-1,-1,-1
865,285,793.16,136.27,172.90,460.64,0.8499,-1,-1,-1
865,286,7.70,-2.64,384.71,1074.37,0.9118,-1,-1,-1
865,288,417.91,-1.42,382.66,1078.16,0.9202,-1,-1,-1
865,294,1158.53,205.04,105.06,331.68,0.6334,-1,-1,-1
865,295,1589.32,11.06,356.47,1067.06,0.9013,-1,-1,-1
866,276,967.05,107.29,170.46,528.84,0.8338,-1,-1,-1
866,285,794.27,134.66,173.72,464.11,0.8541,-1,-1,-1
866,286,-7.08,0.23,382.37,1072.30,0.9118,-1,-1,-1
866,288,403.13,-0.78,386.93,1076.99,0.9195,-1,-1,-1
866,294,1160.68,203.18,104.67,333.01,0.6827,-1,-1,-1
866,295,1607.59,1.38,350.61,1075.33,0.8884,-1,-1,-1
867,276,973.42,105.41,170.48,529.01,0.8221,-1,-1,-1
867,285,794.64,135.69,174.59,466.97,0.8571,-1,-1,-1
867,286,-19.71,1.21,377.73,1070.92,0.9207,-1,-1,-1
867,288,385.34,1.01,390.52,1073.02,0.9154,-1,-1,-1
867,294,1165.56,201.49,104.61,335.41,0.6991,-1,-1,-1
867,295,1630.61,-1.12,340.10,1077.84,0.8728,-1,-1,-1
868,276,979.32,106.93,167.26,523.26,0.8263,-1,-1,-1
868,285,794.27,138.90,175.59,469.45,0.8590,-1,-1,-1
868,286,-29.08,0.84,371.85,1071.14,0.9111,-1,-1,-1
868,288,362.24,-0.20,396.22,1073.18,0.9192,-1,-1,-1
868,294,1167.59,201.73,104.65,337.64,0.6995,-1,-1,-1
868,295,1665.42,109.60,297.00,965.26,0.7516,-1,-1,-1
869,276,980.41,106.05,165.67,521.11,0.8229,-1,-1,-1
869,285,793.48,141.41,175.91,471.08,0.8630,-1,-1,-1
869,286,-36.55,1.79,362.61,1065.76,0.9165,-1,-1,-1
869,288,337.03,0.05,402.73,1071.76,0.9161,-1,-1,-1
869,294,1169.38,202.38,104.68,339.77,0.7079,-1,-1,-1
870,276,978.95,107.94,163.66,518.63,0.8241,-1,-1,-1
870,285,793.16,143.34,176.05,472.73,0.8691,-1,-1,-1
870,286,-43.60,3.76,352.61,1062.68,0.9126,-1,-1,-1
870,288,308.86,0.55,411.20,1071.75,0.9113,-1,-1,-1
870,294,1170.04,202.57,105.23,342.67,0.7101,-1,-1,-1
870,295,1737.04,189.82,205.97,680.33,0.7601,-1,-1,-1
871,276,978.49,111.85,161.57,518.06,0.8178,-1,-1,-1
871,285,793.79,148.45,175.25,471.40,0.8587,-1,-1,-1
871,286,-50.48,5.00,341.97,1062.24,0.8959,-1,-1,-1
871,288,280.00,0.44,420.56,1072.58,0.9159,-1,-1,-1
871,294,1171.76,203.83,105.19,344.30,0.6878,-1,-1,-1
871,298,618.49,137.94,165.35,443.61,0.6070,-1,-1,-1
871,295,1770.16,241.30,174.36,594.23,0.5828,-1,-1,-1
872,276,980.43,114.93,159.97,517.84,0.8111,-1,-1,-1
872,285,794.60,154.11,174.63,470.86,0.8490,-1,-1,-1
872,286,-59.24,6.20,328.36,1059.85,0.8787,-1,-1,-1
872,288,252.70,0.27,430.09,1070.56,0.9146,-1,-1,-1
872,294,1176.18,205.12,104.69,346.51,0.7180,-1,-1,-1
872,298,611.26,142.33,173.10,465.12,0.7941,-1,-1,-1
873,276,980.30,119.06,157.67,515.77,0.8106,-1,-1,-1
873,285,795.41,158.65,174.94,472.76,0.8356,-1,-1,-1
873,286,-63.69,35.92,306.45,1032.30,0.8602,-1,-1,-1
873,288,219.99,1.08,441.64,1068.62,0.9237,-1,-1,-1
873,294,1177.23,206.93,104.83,348.66,0.7083,-1,-1,-1
873,298,602.72,145.66,179.47,483.87,0.7627,-1,-1,-1
874,276,979.94,122.52,156.91,519.51,0.7985,-1,-1,-1
874,285,796.28,163.47,174.51,472.98,0.8371,-1,-1,-1
874,286,-64.05,96.07,276.21,975.84,0.8119,-1,-1,-1
874,288,185.72,-0.61,454.92,1068.85,0.9102,-1,-1,-1
874,294,1177.24,208.72,105.01,349.70,0.7217,-1,-1,-1
874,298,598.28,149.54,181.28,490.29,0.7563,-1,-1,-1
875,276,980.54,127.70,154.81,518.33,0.7910,-1,-1,-1
875,285,798.31,164.75,174.36,474.12,0.8290,-1,-1,-1
875,288,159.37,-0.02,466.41,1066.35,0.9137,-1,-1,-1
875,294,1175.21,210.65,105.57,349.20,0.6493,-1,-1,-1
875,298,593.89,150.50,182.08,493.41,0.7741,-1,-1,-1
876,276,983.02,131.75,152.32,516.88,0.8014,-1,-1,-1
876,285,800.49,166.74,173.32,471.75,0.8373,-1,-1,-1
876,288,107.50,0.57,485.21,1068.29,0.8977,-1,-1,-1
876,294,1177.25,210.58,106.90,350.75,0.6063,-1,-1,-1
876,298,587.12,149.53,184.28,499.99,0.8000,-1,-1,-1
877,276,982.97,134.47,150.59,517.70,0.8115,-1,-1,-1
877,285,802.58,167.39,171.16,465.27,0.8343,-1,-1,-1
877,288,75.72,0.70,500.63,1068.44,0.9369,-1,-1,-1
877,294,1176.75,209.79,108.33,353.90,0.6403,-1,-1,-1
877,298,576.59,148.02,185.17,504.94,0.7881,-1,-1,-1
878,276,980.79,135.24,148.96,516.05,0.7997,-1,-1,-1
878,285,800.90,165.65,172.36,469.48,0.8295,-1,-1,-1
878,288,55.35,1.28,513.36,1069.56,0.9417,-1,-1,-1
878,294,1178.50,207.97,109.60,356.83,0.6438,-1,-1,-1
878,298,570.54,144.72,187.72,511.42,0.7966,-1,-1,-1
879,276,980.32,136.07,146.98,513.66,0.8163,-1,-1,-1
879,285,799.46,163.15,173.35,473.53,0.8389,-1,-1,-1
879,288,39.25,1.08,521.89,1068.79,0.9240,-1,-1,-1
879,294,1175.28,207.01,110.17,357.53,0.6911,-1,-1,-1
879,298,562.02,143.98,189.56,515.07,0.8391,-1,-1,-1
880,276,978.54,136.06,145.53,511.41,0.8103,-1,-1,-1
880,285,799.83,159.76,172.25,470.64,0.8507,-1,-1,-1
880,288,24.95,4.46,526.41,1066.27,0.9167,-1,-1,-1
880,294,1173.66,204.08,111.31,360.34,0.7163,-1,-1,-1
880,298,553.64,143.48,192.35,519.53,0.8515,-1,-1,-1
881,276,976.38,135.58,145.11,510.73,0.8070,-1,-1,-1
881,285,799.69,157.63,171.11,466.71,0.8605,-1,-1,-1
881,288,11.23,4.22,528.42,1064.49,0.9261,-1,-1,-1
881,294,1175.44,200.52,112.22,364.13,0.7112,-1,-1,-1
881,298,546.75,143.60,196.12,522.32,0.8297,-1,-1,-1
882,276,969.07,133.21,146.37,514.41,0.8413,-1,-1,-1
882,285,797.01,154.55,171.58,468.04,0.8555,-1,-1,-1
882,288,-0.21,4.96,528.64,1063.95,0.9208,-1,-1,-1
882,294,1176.56,199.36,112.53,364.94,0.7519,-1,-1,-1
882,298,535.55,141.90,201.81,531.64,0.8172,-1,-1,-1
882,299,697.50,223.37,95.92,360.21,0.6264,-1,-1,-1
883,276,962.07,126.93,147.38,520.87,0.8341,-1,-1,-1
883,285,795.09,152.56,171.11,466.31,0.8533,-1,-1,-1
883,288,-10.63,6.12,525.43,1061.06,0.9380,-1,-1,-1
883,294,1176.85,200.86,112.51,364.05,0.7630,-1,-1,-1
883,298,522.96,141.54,206.73,536.91,0.8178,-1,-1,-1
883,299,693.62,219.08,97.61,365.96,0.6266,-1,-1,-1
884,276,958.36,123.22,147.70,523.63,0.7682,-1,-1,-1
884,285,793.93,151.03,171.03,466.51,0.8348,-1,-1,-1
884,288,-25.77,6.11,518.68,1059.16,0.9146,-1,-1,-1
884,294,1177.48,199.91,113.34,366.98,0.7447,-1,-1,-1
884,298,507.82,139.71,211.24,542.97,0.7863,-1,-1,-1
884,299,685.11,224.90,96.14,357.88,0.4744,-1,-1,-1
885,276,956.74,119.18,147.69,525.74,0.7980,-1,-1,-1
885,285,789.97,149.43,171.85,469.46,0.8272,-1,-1,-1
885,288,-42.98,7.65,508.30,1058.13,0.9100,-1,-1,-1
885,294,1177.25,199.50,113.85,367.51,0.7263,-1,-1,-1
885,298,496.90,139.34,216.19,549.71,0.7694,-1,-1,-1
885,299,678.99,226.53,94.59,348.43,0.4696,-1,-1,-1
886,276,954.50,116.45,145.72,519.99,0.8178,-1,-1,-1
886,285,782.92,147.85,173.02,474.03,0.8347,-1,-1,-1
886,288,-61.49,5.40,495.41,1060.36,0.8796,-1,-1,-1
886,294,1175.37,200.88,114.60,368.45,0.7361,-1,-1,-1
886,298,475.48,136.84,221.97,558.92,0.7899,-1,-1,-1
886,299,673.35,217.15,88.59,320.91,0.3491,-1,-1,-1
887,276,952.91,115.71,144.49,515.79,0.8074,-1,-1,-1
887,285,775.41,151.26,173.04,472.18,0.8472,-1,-1,-1
887,288,-78.90,15.41,472.49,1049.72,0.4269,-1,-1,-1
887,294,1171.82,202.93,114.58,368.53,0.7784,-1,-1,-1
887,298,459.57,128.63,229.65,571.67,0.8619,-1,-1,-1
887,299,662.71,220.85,87.37,308.93,0.4475,-1,-1,-1
888,276,942.00,121.55,143.18,504.67,0.8171,-1,-1,-1
888,285,772.77,153.84,172.16,470.87,0.8299,-1,-1,-1
888,294,1169.02,204.35,114.67,367.45,0.7411,-1,-1,-1
888,298,443.81,120.72,236.81,583.78,0.8356,-1,-1,-1
888,299,650.49,214.70,90.13,312.71,0.4525,-1,-1,-1
889,276,934.17,117.52,145.09,508.61,0.7966,-1,-1,-1
889,285,764.36,155.95,172.15,470.93,0.7858,-1,-1,-1
889,294,1165.35,204.59,115.54,369.23,0.7053,-1,-1,-1
889,298,426.30,112.30,242.70,592.57,0.8579,-1,-1,-1
889,299,631.67,221.93,91.90,310.69,0.3007,-1,-1,-1
890,276,913.96,118.89,147.50,509.94,0.8088,-1,-1,-1
890,285,751.73,161.09,171.81,471.10,0.8132,-1,-1,-1
890,294,1156.73,207.11,115.90,370.31,0.7253,-1,-1,-1
890,298,400.56,106.33,248.31,604.57,0.8355,-1,-1,-1
890,299,601.58,199.02,112.58,379.95,0.4052,-1,-1,-1
891,276,906.64,119.95,149.38,513.18,0.8333,-1,-1,-1
891,285,735.85,163.60,172.26,470.08,0.8517,-1,-1,-1
891,294,1147.00,209.42,116.19,370.71,0.7855,-1,-1,-1
891,298,375.38,95.53,256.53,619.87,0.7532,-1,-1,-1
891,299,592.34,206.64,109.71,372.00,0.3734,-1,-1,-1
892,276,893.16,122.31,150.34,513.81,0.8481,-1,-1,-1
892,285,721.24,166.28,172.09,468.81,0.8357,-1,-1,-1
892,294,1136.20,212.21,116.02,371.21,0.7824,-1,-1,-1
892,298,352.15,87.47,264.04,633.70,0.8512,-1,-1,-1
893,276,881.59,125.48,151.43,514.70,0.8262,-1,-1,-1
893,285,707.75,166.36,172.90,470.85,0.8187,-1,-1,-1
893,294,1126.35,214.39,117.64,376.75,0.7904,-1,-1,-1
893,298,327.21,83.46,270.97,646.18,0.7572,-1,-1,-1
894,276,869.80,130.63,152.78,516.74,0.7594,-1,-1,-1
894,285,694.97,167.62,173.48,473.26,0.8463,-1,-1,-1
894,294,1118.47,217.57,117.51,377.10,0.7929,-1,-1,-1
894,298,307.76,81.69,276.53,654.23,0.8381,-1,-1,-1
895,276,854.12,134.49,153.97,518.71,0.7763,-1,-1,-1
895,285,682.23,169.99,172.71,472.20,0.8566,-1,-1,-1
895,294,1111.48,220.14,118.47,379.08,0.7965,-1,-1,-1
895,298,289.00,79.07,284.70,669.75,0.7094,-1,-1,-1
896,276,842.90,137.61,156.71,518.96,0.8283,-1,-1,-1
896,285,673.66,170.12,171.45,469.07,0.8336,-1,-1,-1
896,294,1106.55,224.17,118.55,376.92,0.7502,-1,-1,-1
896,298,264.55,76.44,290.25,683.11,0.8387,-1,-1,-1
897,276,833.98,143.06,158.26,515.39,0.8283,-1,-1,-1
897,285,666.16,170.29,170.48,467.22,0.8089,-1,-1,-1
897,294,1100.73,227.07,119.36,377.17,0.7875,-1,-1,-1
897,298,246.15,71.75,299.10,703.14,0.8677,-1,-1,-1
898,276,831.51,146.92,160.52,515.08,0.8318,-1,-1,-1
898,285,661.75,170.07,169.76,466.22,0.8207,-1,-1,-1
898,294,1097.75,228.30,121.02,380.78,0.8017,-1,-1,-1
898,298,230.07,67.07,311.30,733.28,0.8665,-1,-1,-1
898,299,485.14,177.55,137.46,471.20,0.5380,-1,-1,-1
899,276,829.19,149.37,163.09,515.56,0.8329,-1,-1,-1
899,285,655.34,169.95,172.60,473.57,0.7895,-1,-1,-1
899,294,1096.24,231.52,121.46,380.58,0.7908,-1,-1,-1
899,298,216.45,64.72,316.97,747.93,0.8346,-1,-1,-1
899,299,466.50,174.04,142.59,488.23,0.4795,-1,-1,-1
900,276,829.96,152.04,164.74,514.56,0.8239,-1,-1,-1
900,285,653.40,169.96,174.47,479.80,0.8100,-1,-1,-1
900,294,1098.59,231.21,123.26,384.19,0.8068,-1,-1,-1
900,298,198.65,60.15,318.93,761.10,0.7912,-1,-1,-1
900,299,454.62,170.42,147.35,504.07,0.5940,-1,-1,-1
